Player,TEAM,POS,DPCHT,G,rush_ATT,rush_ATT_mean,rush_YDS,rush_YDS_mean,rush_Y/A,rush_LG,rush_LG_mean,rush_20,rush_20_mean,rush_TD,rush_TD_mean,rec_REC,rec_REC_mean,rec_TGT,rec_TGT_mean,rec_YDS,rec_YDS_mean,rec_Y/R,rec_TD,rec_TD_mean,TOU,TOU_mean,OPP,OPP_mean,FL,FL_mean,FL/T,INJCOR,FPTS,FPTS_mean,FPTS_median,FPTS_std,FPTS_adj,FPTS_bad,FPTS_poor,FPTS_okay,FPTS_good,FPTS_great,FPTS_QSRat,FPTS_GSRat,FPTS_Score,HALF,HALF_mean,HALF_median,HALF_std,HALF_adj,HALF_bad,HALF_poor,HALF_okay,HALF_good,HALF_great,HALF_QSRat,HALF_GSRat,HALF_Score,PPR,PPR_mean,PPR_median,PPR_std,PPR_adj,PPR_bad,PPR_poor,PPR_okay,PPR_good,PPR_great,PPR_QSRat,PPR_GSRat,PPR_Score
Jonathan Taylor,IND,RB,1.0,17,332,19.53,1811,106.53,5.45,83,33.71,30,1.76,18,1.06,40,2.35,51,3.0,360,21.18,9.0,2,0.12,372,21.88,383,22.53,2,0.12,0.01,1.0,333.1,19.59,17.4,11.01,17.37,1,1,3,4,8,7.5,12.0,24.65,353.1,20.77,18.9,11.05,18.65,1,1,3,5,7,7.5,12.0,25.9,373.1,21.95,20.4,11.17,20.23,1,2,1,6,7,4.67,13.0,26.12
Austin Ekeler,LAC,RB,1.0,16,206,12.88,911,56.94,4.42,28,14.06,3,0.19,12,0.75,70,4.38,94,5.88,647,40.44,9.24,8,0.5,276,17.25,300,18.75,3,0.19,0.01,1.0,273.8,17.11,15.15,7.81,16.53,1,1,3,6,5,7.0,11.0,22.38,308.8,19.3,18.35,8.14,18.71,0,2,3,6,5,7.0,11.0,24.8,343.8,21.49,21.05,8.58,21.15,0,3,2,4,7,4.33,11.0,25.78
Derrick Henry,TEN,RB,1.0,8,219,27.38,937,117.12,4.28,76,28.88,9,1.12,10,1.25,18,2.25,20,2.5,154,19.25,8.56,0,0.0,237,29.62,239,29.88,0,0.0,0.0,0.88,175.3,21.91,20.05,12.71,18.74,0,2,0,2,4,3.0,6.0,20.73,184.3,23.04,21.3,13.14,19.81,1,1,0,2,4,3.0,6.0,21.65,193.3,24.16,22.55,13.63,21.19,1,1,1,1,4,3.0,5.0,22.48
Alvin Kamara,NO,RB,1.0,13,240,18.46,898,69.08,3.74,30,15.69,4,0.31,4,0.31,47,3.62,67,5.15,439,33.77,9.34,5,0.38,287,22.08,307,23.62,0,0.0,0.0,1.0,187.7,14.44,16.0,6.96,14.36,3,0,1,6,3,3.33,3.0,18.44,211.2,16.25,17.2,7.69,15.97,3,0,1,6,3,3.33,3.0,19.71,234.7,18.05,18.2,8.52,17.81,3,0,2,5,3,3.33,2.67,20.9
Najee Harris,PIT,RB,1.0,17,307,18.06,1200,70.59,3.91,37,15.41,8,0.47,7,0.41,74,4.35,94,5.53,467,27.47,6.31,3,0.18,381,22.41,401,23.59,0,0.0,0.0,1.0,226.7,13.34,13.8,6.69,13.39,4,0,4,4,5,3.25,2.25,16.78,263.7,15.51,15.3,6.99,15.62,3,1,3,5,5,3.25,3.33,18.73,300.7,17.69,17.3,7.55,17.98,3,1,2,6,5,3.25,3.67,20.78
Joe Mixon,CIN,RB,1.0,16,292,18.25,1205,75.31,4.13,32,16.75,7,0.44,13,0.81,42,2.62,48,3.0,314,19.62,7.48,3,0.19,334,20.88,340,21.25,1,0.06,0.0,1.0,245.9,15.37,12.3,7.78,14.86,0,6,3,0,7,1.67,7.0,16.93,266.9,16.68,12.65,8.4,16.04,1,5,3,0,7,1.67,7.0,17.62,287.9,17.99,14.65,9.12,17.45,1,6,2,0,7,1.29,7.0,18.96
Josh Jacobs,LV,RB,1.0,15,217,14.47,872,58.13,4.02,28,12.93,2,0.13,9,0.6,54,3.6,64,4.27,348,23.2,6.44,0,0.0,271,18.07,281,18.73,2,0.13,0.01,1.0,172.0,11.47,12.7,4.91,12.44,3,2,4,5,1,2.0,2.0,14.69,199.0,13.27,14.3,4.62,14.81,1,3,6,4,1,2.75,5.0,17.6,226.0,15.07,15.2,4.56,17.37,0,5,4,4,2,2.0,6.0,19.03
Christian McCaffrey,SF,RB,1.0,7,99,14.14,442,63.14,4.46,18,14.14,0,0.0,1,0.14,37,5.29,41,5.86,343,49.0,9.27,1,0.14,136,19.43,140,20.0,0,0.0,0.0,0.84,90.5,12.93,16.1,6.93,12.87,2,0,1,2,2,2.5,2.0,14.05,109.0,15.57,21.1,8.49,14.93,2,0,1,0,4,2.5,2.0,16.71,127.5,18.21,24.7,10.15,17.2,2,0,1,0,4,2.5,2.0,18.92
James Conner,ARI,RB,1.0,15,202,13.47,752,50.13,3.72,35,14.53,4,0.27,15,1.0,37,2.47,39,2.6,375,25.0,10.14,3,0.2,239,15.93,241,16.07,0,0.0,0.0,1.0,220.7,14.71,14.2,8.37,13.97,2,2,3,4,4,2.75,4.0,16.66,239.2,15.95,14.2,9.34,14.93,2,3,3,4,3,2.0,3.5,16.59,257.7,17.18,15.4,10.4,16.12,2,3,3,4,3,2.0,3.5,17.67
Leonard Fournette,FA,RB,1.0,14,180,12.86,812,58.0,4.51,47,15.21,7,0.5,8,0.57,69,4.93,84,6.0,454,32.43,6.58,2,0.14,249,17.79,264,18.86,0,0.0,0.0,1.0,186.6,13.33,11.55,9.25,12.34,3,4,0,4,3,1.0,2.33,13.72,221.1,15.79,14.3,9.54,14.71,2,4,1,4,3,1.33,3.5,16.48,255.6,18.26,16.95,9.92,17.34,2,2,2,4,4,2.5,4.0,19.56
Dalvin Cook,MIN,RB,1.0,13,249,19.15,1159,89.15,4.65,66,21.85,14,1.08,6,0.46,34,2.62,49,3.77,224,17.23,6.59,0,0.0,283,21.77,298,22.92,2,0.15,0.01,1.0,172.3,13.25,12.2,8.52,12.53,2,4,1,3,3,1.17,3.0,14.75,189.3,14.56,13.7,8.46,13.98,2,3,2,3,3,1.6,3.0,16.3,206.3,15.87,15.2,8.48,15.67,3,2,2,3,3,1.6,2.0,17.48
D'Andre Swift,DET,RB,2.0,13,151,11.62,617,47.46,4.09,57,16.69,7,0.54,5,0.38,62,4.77,78,6.0,452,34.77,7.29,2,0.15,213,16.38,229,17.62,1,0.08,0.0,1.0,146.9,11.3,12.7,6.61,11.38,4,1,2,4,2,1.6,1.5,13.77,177.9,13.68,15.0,7.22,13.66,4,1,2,2,4,1.6,1.5,15.84,208.9,16.07,16.5,7.92,16.14,2,3,2,1,5,1.6,3.0,18.0
Ezekiel Elliott,FA,RB,2.0,17,237,13.94,1002,58.94,4.23,47,14.41,5,0.29,10,0.59,47,2.76,65,3.82,287,16.88,6.11,2,0.12,284,16.71,302,17.76,1,0.06,0.0,1.0,205.1,12.06,10.9,6.5,12.2,3,4,4,3,3,1.43,2.0,13.39,228.6,13.45,13.9,6.46,13.81,3,4,3,4,3,1.43,2.33,15.54,252.1,14.83,16.2,6.57,15.61,3,3,3,6,2,1.83,2.67,17.67
Nick Chubb,CLE,RB,1.0,14,228,16.29,1259,89.93,5.52,70,26.21,20,1.43,8,0.57,20,1.43,25,1.79,174,12.43,8.7,1,0.07,248,17.71,253,18.07,1,0.07,0.0,1.0,195.3,13.95,12.9,8.13,13.34,2,4,1,2,5,1.33,3.5,15.16,205.3,14.66,13.4,8.32,14.13,3,3,1,2,5,1.33,2.33,15.45,215.3,15.38,13.9,8.53,15.16,4,3,1,1,5,1.0,1.5,15.76
Antonio Gibson,WAS,RB,1.0,16,258,16.12,1037,64.81,4.02,27,15.12,4,0.25,7,0.44,42,2.62,52,3.25,294,18.38,7.0,3,0.19,300,18.75,310,19.38,4,0.25,0.01,1.0,187.1,11.69,12.15,6.27,11.93,4,3,2,4,3,1.29,1.75,13.86,208.1,13.01,13.65,6.49,13.34,4,3,2,3,4,1.29,1.75,15.16,229.1,14.32,14.65,6.83,14.92,4,3,2,4,3,1.29,1.75,16.33
Darrell Henderson Jr.,FA,RB,3.0,12,149,12.42,688,57.33,4.62,29,13.83,1,0.08,5,0.42,29,2.42,40,3.33,176,14.67,6.07,3,0.25,178,14.83,189,15.75,0,0.0,0.0,1.0,134.4,11.2,12.45,7.05,11.1,4,1,2,3,2,1.4,1.25,13.18,148.9,12.41,14.65,6.99,12.49,3,2,1,4,2,1.4,2.0,14.99,163.4,13.62,16.15,7.02,14.1,2,3,2,3,2,1.4,2.5,16.51
Elijah Mitchell,SF,RB,2.0,12,207,17.25,963,80.25,4.65,39,18.83,9,0.75,5,0.42,19,1.58,20,1.67,137,11.42,7.21,1,0.08,226,18.83,227,18.92,0,0.0,0.0,1.0,146.0,12.17,11.75,6.95,12.1,2,4,0,3,3,1.0,3.0,13.87,155.5,12.96,13.15,7.19,12.95,2,4,0,4,2,1.0,3.0,14.89,165.0,13.75,14.65,7.54,13.98,2,3,2,4,1,1.4,2.5,16.1
Damien Harris,BUF,RB,1.0,15,202,13.47,929,61.93,4.6,64,19.67,14,0.93,15,1.0,18,1.2,20,1.33,132,8.8,7.33,0,0.0,220,14.67,222,14.8,2,0.13,0.01,1.0,192.1,12.81,12.4,7.15,12.65,2,2,5,4,2,2.75,3.0,14.88,201.1,13.41,12.9,7.02,13.48,2,4,3,4,2,1.5,3.0,14.85,210.1,14.01,13.4,6.92,14.55,3,3,3,4,2,1.5,2.0,15.31
Aaron Jones,GB,RB,1.0,15,171,11.4,799,53.27,4.67,57,16.87,8,0.53,4,0.27,52,3.47,65,4.33,391,26.07,7.52,6,0.4,223,14.87,236,15.73,1,0.07,0.0,1.0,177.0,11.8,10.6,8.46,11.18,4,3,3,3,2,1.14,1.25,12.26,203.0,13.53,12.9,9.01,12.79,4,2,4,2,3,1.5,1.25,14.2,229.0,15.27,14.9,9.64,14.6,3,2,5,3,2,2.0,1.67,16.26
Cordarrelle Patterson,ATL,RB,1.0,16,153,9.56,618,38.62,4.04,39,13.06,3,0.19,6,0.38,52,3.25,69,4.31,548,34.25,10.54,5,0.31,205,12.81,222,13.88,0,0.0,0.0,1.0,182.6,11.41,10.8,7.83,11.02,4,2,6,1,3,1.67,1.0,12.29,208.6,13.04,13.0,8.34,12.56,4,2,5,2,3,1.67,1.25,14.04,234.6,14.66,14.0,8.93,14.29,4,2,4,3,3,1.67,1.5,15.33
David Montgomery,DET,RB,1.0,14,225,16.07,849,60.64,3.77,41,16.29,7,0.5,7,0.5,42,3.0,51,3.64,301,21.5,7.17,0,0.0,267,19.07,276,19.71,1,0.07,0.0,1.0,154.0,11.0,7.95,6.8,11.0,2,7,0,2,3,0.56,2.5,11.4,175.0,12.5,9.2,7.18,12.5,2,6,1,1,4,0.75,2.5,12.74,196.0,14.0,11.1,7.74,14.14,3,5,1,2,3,0.75,1.67,14.12
James Robinson,NE,RB,1.0,14,164,11.71,767,54.79,4.68,58,16.86,7,0.5,8,0.57,31,2.21,46,3.29,222,15.86,7.16,0,0.0,195,13.93,210,15.0,2,0.14,0.01,1.0,142.9,10.21,9.65,7.29,10.03,5,1,2,3,3,1.33,1.2,11.32,158.4,11.31,10.9,7.74,11.1,5,1,2,3,3,1.33,1.2,12.37,173.9,12.42,12.15,8.26,12.35,4,3,1,5,1,1.0,1.5,13.4
Melvin Gordon III,FA,RB,5.0,16,203,12.69,918,57.38,4.52,70,17.06,8,0.5,8,0.5,28,1.75,38,2.38,213,13.31,7.61,2,0.12,231,14.44,241,15.06,3,0.19,0.01,1.0,167.2,10.45,8.55,5.97,10.8,2,8,0,5,1,0.6,3.0,11.26,181.2,11.32,9.05,5.94,11.87,3,7,1,4,1,0.6,1.67,11.64,195.2,12.2,10.25,5.95,13.16,3,7,2,3,1,0.6,1.33,12.68
Kareem Hunt,FA,RB,9.0,8,78,9.75,386,48.25,4.95,33,16.38,3,0.38,5,0.62,22,2.75,27,3.38,174,21.75,7.91,0,0.0,100,12.5,105,13.12,0,0.0,0.0,0.88,88.0,11.0,10.95,7.92,10.59,3,1,0,2,2,1.0,1.33,10.47,99.0,12.38,12.45,8.79,11.76,3,1,0,2,2,1.0,1.33,11.53,110.0,13.75,13.7,9.69,13.13,3,1,1,1,2,1.0,1.0,12.5
Chase Edmonds,TB,RB,1.0,12,116,9.67,592,49.33,5.1,54,17.83,8,0.67,2,0.17,43,3.58,53,4.42,311,25.92,7.23,0,0.0,159,13.25,169,14.08,1,0.08,0.01,1.0,100.3,8.36,7.85,5.22,8.93,4,4,2,1,1,0.5,0.5,9.34,121.8,10.15,10.35,6.05,10.59,4,3,3,1,1,0.71,0.5,11.32,143.3,11.94,12.85,7.01,12.37,3,2,5,1,1,1.4,0.67,13.62
Clyde Edwards-Helaire,KC,RB,1.0,10,119,11.9,517,51.7,4.34,17,10.2,0,0.0,4,0.4,19,1.9,23,2.3,118,11.8,6.21,2,0.2,138,13.8,142,14.2,2,0.2,0.01,0.96,97.5,9.75,8.65,5.25,10.4,2,4,0,4,0,0.67,2.0,10.45,107.0,10.7,9.65,5.53,11.42,2,4,1,3,0,0.67,1.5,11.21,116.5,11.65,10.7,5.83,12.63,2,4,1,3,0,0.67,1.5,12.19
Javonte Williams,DEN,RB,1.0,17,203,11.94,903,53.12,4.45,49,17.47,11,0.65,4,0.24,43,2.53,53,3.12,316,18.59,7.35,3,0.18,246,14.47,256,15.06,1,0.06,0.0,1.0,161.9,9.52,8.0,5.79,9.92,5,6,3,1,2,0.55,0.6,9.99,183.4,10.79,9.0,6.17,11.21,4,7,3,1,2,0.55,0.75,11.06,204.9,12.05,10.0,6.63,12.65,4,7,2,3,1,0.55,1.0,12.22
Devin Singletary,HOU,RB,1.0,17,188,11.06,870,51.18,4.63,46,17.76,10,0.59,7,0.41,40,2.35,50,2.94,228,13.41,5.7,1,0.06,228,13.41,238,14.0,0,0.0,0.0,1.0,157.8,9.28,8.0,6.75,9.3,8,3,1,3,2,0.55,0.62,9.61,177.8,10.46,9.4,6.72,10.63,7,3,2,3,2,0.7,0.71,10.94,197.8,11.64,11.0,6.86,12.11,6,4,3,2,2,0.7,0.67,12.32
Michael Carter,NYJ,RB,1.0,14,147,10.5,639,45.64,4.35,55,17.29,8,0.57,4,0.29,36,2.57,55,3.93,325,23.21,9.03,0,0.0,183,13.07,202,14.43,1,0.07,0.01,1.0,118.4,8.46,8.5,5.84,8.78,4,6,2,1,1,0.4,0.5,9.55,136.4,9.74,9.45,6.87,9.85,5,4,3,1,1,0.56,0.4,10.51,154.4,11.03,10.0,8.0,11.05,6,3,3,1,1,0.56,0.33,11.28
Darrel Williams,FA,RB,12.0,17,144,8.47,558,32.82,3.88,21,10.24,1,0.06,6,0.35,47,2.76,57,3.35,452,26.59,9.62,2,0.12,191,11.24,201,11.82,0,0.0,0.0,1.0,149.0,8.76,7.7,6.8,8.76,8,3,3,0,3,0.55,0.38,8.96,172.5,10.15,9.2,7.53,10.03,8,3,3,0,3,0.55,0.38,10.2,196.0,11.53,10.7,8.34,11.43,7,4,2,1,3,0.55,0.57,11.56
D'Onta Foreman,CHI,RB,1.0,9,133,14.78,566,62.89,4.26,35,15.89,6,0.67,3,0.33,9,1.0,11,1.22,123,13.67,13.67,0,0.0,142,15.78,144,16.0,1,0.11,0.01,0.93,84.9,9.43,8.4,4.98,10.2,2,4,1,1,1,0.5,1.0,9.7,89.4,9.93,8.9,5.05,10.85,2,4,2,1,0,0.5,0.5,10.07,93.9,10.43,9.8,5.15,11.67,3,3,2,1,0,0.5,0.33,10.74
AJ Dillon,GB,RB,2.0,17,187,11.0,803,47.24,4.29,36,11.82,3,0.18,5,0.29,34,2.0,37,2.18,313,18.41,9.21,2,0.12,221,13.0,224,13.18,1,0.06,0.0,1.0,151.6,8.92,7.8,6.6,8.99,6,4,3,2,2,0.7,0.67,9.39,168.6,9.92,7.8,6.95,10.0,5,6,2,2,2,0.55,0.8,9.8,185.6,10.92,8.6,7.4,11.15,8,3,2,2,2,0.55,0.5,10.6
Tony Pollard,DAL,RB,1.0,15,130,8.67,719,47.93,5.53,58,17.07,8,0.53,2,0.13,39,2.6,46,3.07,337,22.47,8.64,0,0.0,169,11.27,176,11.73,0,0.0,0.0,1.0,123.6,8.24,6.7,4.48,9.14,5,5,4,0,1,0.5,0.2,8.6,143.1,9.54,7.8,4.81,10.55,5,5,4,0,1,0.5,0.2,9.73,162.6,10.84,9.0,5.23,12.08,5,5,3,1,1,0.5,0.4,11.01
Chris Carson,FA,RB,6.0,4,54,13.5,232,58.0,4.3,33,19.75,4,1.0,3,0.75,6,1.5,6,1.5,29,7.25,4.83,0,0.0,60,15.0,60,15.0,1,0.25,0.02,0.65,42.1,10.52,11.95,5.48,11.11,1,0,1,2,0,3.0,2.0,8.99,45.1,11.28,13.15,5.45,12.08,1,0,1,2,0,3.0,2.0,9.62,48.1,12.02,13.9,5.48,13.24,1,0,3,0,0,3.0,0.0,9.85
Miles Sanders,CAR,RB,1.0,12,137,11.42,754,62.83,5.5,38,20.92,9,0.75,0,0.0,26,2.17,34,2.83,158,13.17,6.08,0,0.0,163,13.58,171,14.25,1,0.08,0.01,1.0,91.2,7.6,6.15,4.06,8.65,6,3,1,2,0,0.33,0.33,8.33,104.2,8.68,7.2,4.3,9.87,5,4,0,3,0,0.33,0.6,9.42,117.2,9.77,8.1,4.65,11.21,6,3,1,2,0,0.33,0.33,10.36
Saquon Barkley,NYG,RB,1.0,14,162,11.57,593,42.36,3.66,41,13.71,6,0.43,2,0.14,41,2.93,57,4.07,263,18.79,6.41,2,0.14,203,14.5,219,15.64,1,0.07,0.0,1.0,107.6,7.69,5.5,6.74,7.7,8,2,1,2,1,0.4,0.38,7.8,128.1,9.15,7.65,7.39,9.09,5,6,0,2,1,0.27,0.6,9.38,148.6,10.61,9.35,8.15,10.59,5,5,1,2,1,0.4,0.6,10.89
J.D. McKissic,FA,RB,21.0,11,48,4.36,212,19.27,4.42,15,7.64,0,0.0,2,0.18,43,3.91,53,4.82,397,36.09,9.23,2,0.18,91,8.27,101,9.18,0,0.0,0.0,1.0,84.9,7.72,5.6,5.7,8.07,6,1,2,2,0,0.57,0.33,7.44,106.4,9.67,7.6,6.7,9.84,5,1,3,1,1,0.83,0.4,9.28,127.9,11.63,9.6,7.81,11.72,5,1,0,4,1,0.83,1.0,11.18
Boston Scott,PHI,RB,2.0,11,87,7.91,373,33.91,4.29,23,8.82,2,0.18,7,0.64,13,1.18,16,1.45,83,7.55,6.38,0,0.0,100,9.09,103,9.36,1,0.09,0.01,1.0,85.6,7.78,8.9,7.2,7.67,5,1,3,0,2,0.83,0.4,8.91,92.1,8.37,9.4,7.49,8.28,5,2,2,1,1,0.57,0.4,9.28,98.6,8.96,9.9,7.83,9.03,5,2,2,1,1,0.57,0.4,9.84
Chuba Hubbard,CAR,RB,2.0,16,172,10.75,612,38.25,3.56,26,12.5,3,0.19,5,0.31,25,1.56,37,2.31,174,10.88,6.96,1,0.06,197,12.31,209,13.06,1,0.06,0.01,1.0,112.6,7.04,7.5,4.84,7.66,7,4,5,0,0,0.45,0.0,8.36,125.1,7.82,8.4,5.21,8.47,6,5,4,1,0,0.45,0.17,9.17,137.6,8.6,9.2,5.67,9.39,6,5,4,1,0,0.45,0.17,9.94
Jamaal Williams,NO,RB,2.0,13,153,11.77,601,46.23,3.93,20,11.54,1,0.08,3,0.23,26,2.0,28,2.15,157,12.08,6.04,0,0.0,179,13.77,181,13.92,0,0.0,0.0,1.0,93.8,7.22,6.6,4.42,8.03,5,5,2,1,0,0.3,0.2,8.18,106.8,8.22,7.5,5.29,8.87,6,3,3,0,1,0.44,0.17,9.02,119.8,9.22,7.7,6.26,9.82,7,2,3,0,1,0.44,0.14,9.53
Rashaad Penny,PHI,RB,1.0,10,119,11.9,749,74.9,6.29,62,23.1,20,2.0,6,0.6,6,0.6,8,0.8,48,4.8,8.0,0,0.0,125,12.5,127,12.7,0,0.0,0.0,0.96,115.7,11.57,5.3,12.14,10.01,5,1,0,0,4,0.67,0.8,8.39,118.7,11.87,6.05,12.29,10.38,6,0,0,1,3,0.67,0.67,8.84,121.7,12.17,6.8,12.46,10.91,6,0,0,1,3,0.67,0.67,9.4
Devonta Freeman,FA,RB,14.0,16,133,8.31,576,36.0,4.33,32,14.0,6,0.38,5,0.31,34,2.12,42,2.62,190,11.88,5.59,1,0.06,167,10.44,175,10.94,0,0.0,0.0,1.0,112.6,7.04,6.6,4.9,7.64,7,4,2,3,0,0.45,0.43,7.84,129.6,8.1,7.75,5.52,8.65,7,4,2,3,0,0.45,0.43,8.81,146.6,9.16,8.75,6.22,9.77,7,4,3,2,0,0.45,0.29,9.73
Mike Davis,FA,RB,13.0,17,138,8.12,503,29.59,3.64,18,9.53,0,0.0,3,0.18,44,2.59,58,3.41,259,15.24,5.89,1,0.06,182,10.71,196,11.53,3,0.18,0.02,1.0,94.2,5.54,6.3,4.05,6.31,8,6,3,0,0,0.21,0.0,6.93,116.2,6.84,8.7,4.51,7.68,8,5,4,0,0,0.31,0.0,8.68,138.2,8.13,10.2,5.12,9.1,8,4,4,1,0,0.42,0.12,10.08
Myles Gaskin,MIA,RB,1.0,17,173,10.18,612,36.0,3.54,30,10.88,3,0.18,3,0.18,49,2.88,63,3.71,234,13.76,4.78,4,0.24,222,13.06,236,13.88,1,0.06,0.0,1.0,124.6,7.33,5.4,6.3,7.47,10,2,1,3,1,0.42,0.4,7.49,149.1,8.77,6.6,7.21,8.76,9,3,1,3,1,0.42,0.44,8.62,173.6,10.21,8.5,8.21,10.16,8,3,2,3,1,0.55,0.5,10.18
Sony Michel,FA,RB,7.0,17,208,12.24,845,49.71,4.06,39,13.76,3,0.18,4,0.24,21,1.24,33,1.94,128,7.53,6.1,1,0.06,229,13.47,241,14.18,1,0.06,0.0,1.0,125.3,7.37,5.6,6.22,7.54,9,3,2,1,2,0.42,0.33,7.62,135.8,7.99,6.6,6.58,8.16,9,3,2,1,2,0.42,0.33,8.35,146.3,8.61,7.6,6.97,8.93,10,3,1,3,0,0.31,0.3,9.08
Rhamondre Stevenson,NE,RB,2.0,12,133,11.08,606,50.5,4.56,21,12.67,1,0.08,5,0.42,14,1.17,18,1.5,123,10.25,8.79,0,0.0,147,12.25,151,12.58,1,0.08,0.01,1.0,100.9,8.41,6.05,7.74,8.14,6,2,2,0,2,0.5,0.33,7.98,107.9,8.99,6.2,8.06,8.74,6,2,2,0,2,0.5,0.33,8.31,114.9,9.57,6.4,8.41,9.47,7,1,2,0,2,0.5,0.29,8.72
Devontae Booker,FA,RB,11.0,16,145,9.06,593,37.06,4.09,31,12.06,4,0.25,2,0.12,40,2.5,45,2.81,268,16.75,6.7,1,0.06,185,11.56,190,11.88,0,0.0,0.0,1.0,104.1,6.51,5.0,5.05,7.01,9,3,3,1,0,0.33,0.11,6.79,124.1,7.76,7.0,5.46,8.31,8,4,3,1,0,0.33,0.12,8.27,144.1,9.01,9.0,5.92,9.73,7,4,3,2,0,0.45,0.29,9.91
Jordan Howard,FA,RB,10.0,7,86,12.29,406,58.0,4.72,25,14.14,1,0.14,3,0.43,2,0.29,5,0.71,19,2.71,9.5,0,0.0,88,12.57,91,13.0,0,0.0,0.0,0.84,60.5,8.64,6.9,5.1,9.29,2,3,1,1,0,0.4,0.5,7.46,61.5,8.79,6.9,5.02,9.61,4,1,1,1,0,0.4,0.25,7.52,62.5,8.93,7.6,4.96,10.08,4,1,1,1,0,0.4,0.25,7.97
Duke Johnson Jr.,FA,RB,4.0,5,71,14.2,330,66.0,4.65,27,14.2,1,0.2,3,0.6,4,0.8,5,1.0,41,8.2,10.25,0,0.0,75,15.0,76,15.2,0,0.0,0.0,0.72,55.1,11.02,6.5,9.94,10.02,2,1,0,0,2,0.67,1.0,6.88,57.1,11.42,7.5,10.09,10.49,2,1,0,1,1,0.67,1.0,7.35,59.1,11.82,8.5,10.26,11.13,2,1,0,1,1,0.67,1.0,7.89
Dontrell Hilliard,FA,RB,18.0,8,56,7.0,350,43.75,6.25,68,20.88,6,0.75,2,0.25,19,2.38,26,3.25,87,10.88,4.58,0,0.0,75,9.38,82,10.25,1,0.12,0.01,0.88,53.7,6.71,5.85,6.19,6.87,5,1,0,2,0,0.33,0.4,6.2,63.2,7.9,7.1,6.66,8.05,4,1,1,2,0,0.6,0.5,7.31,72.7,9.09,8.35,7.33,9.31,4,1,1,2,0,0.6,0.5,8.31
Kenyan Drake,FA,RB,23.0,12,63,5.25,254,21.17,4.03,21,8.42,1,0.08,2,0.17,30,2.5,40,3.33,291,24.25,9.7,1,0.08,93,7.75,103,8.58,0,0.0,0.0,1.0,72.5,6.04,4.3,5.79,6.29,8,1,1,1,1,0.33,0.25,5.85,87.5,7.29,5.65,6.28,7.54,6,3,1,1,1,0.33,0.33,7.04,102.5,8.54,6.9,6.88,8.89,6,2,2,2,0,0.5,0.33,8.3
Zack Moss,IND,RB,2.0,13,96,7.38,345,26.54,3.59,17,8.15,0,0.0,4,0.31,23,1.77,32,2.46,197,15.15,8.57,1,0.08,119,9.15,128,9.85,1,0.08,0.01,1.0,82.2,6.32,3.9,4.86,6.88,8,2,2,1,0,0.3,0.12,6.02,93.7,7.21,4.9,5.05,7.87,7,3,2,1,0,0.3,0.14,6.92,105.2,8.09,5.9,5.36,8.96,7,2,3,1,0,0.44,0.14,7.93
Mark Ingram II,FA,RB,8.0,14,160,11.43,554,39.57,3.46,28,11.29,2,0.14,2,0.14,27,1.93,35,2.5,162,11.57,6.0,0,0.0,187,13.36,195,13.93,1,0.07,0.01,1.0,81.6,5.83,4.05,4.8,6.36,9,3,0,2,0,0.17,0.22,6.22,95.1,6.79,4.35,5.24,7.35,9,2,2,1,0,0.27,0.11,6.82,108.6,7.76,5.35,5.8,8.42,9,2,2,1,0,0.27,0.11,7.75
Latavius Murray,FA,RB,20.0,14,119,8.5,501,35.79,4.21,46,10.36,5,0.36,6,0.43,10,0.71,13,0.93,75,5.36,7.5,0,0.0,129,9.21,132,9.43,0,0.0,0.0,1.0,93.6,6.69,4.3,5.42,7.08,8,2,3,0,1,0.4,0.12,6.29,98.6,7.04,5.05,5.32,7.59,9,2,2,0,1,0.27,0.11,6.8,103.6,7.4,5.8,5.26,8.23,9,3,1,1,0,0.17,0.11,7.37
Ty Johnson,NYJ,RB,2.0,15,61,4.07,238,15.87,3.9,24,8.87,2,0.13,2,0.13,34,2.27,55,3.67,372,24.8,10.94,2,0.13,95,6.33,116,7.73,1,0.07,0.01,1.0,83.0,5.53,4.2,4.66,6.08,10,2,1,2,0,0.25,0.2,5.58,100.0,6.67,5.0,5.21,7.22,9,3,1,2,0,0.25,0.22,6.46,117.0,7.8,5.0,5.87,8.44,8,3,2,2,0,0.36,0.25,7.07
Brandon Bolden,LV,RB,4.0,16,44,2.75,226,14.12,5.14,24,7.94,2,0.12,1,0.06,41,2.56,49,3.06,405,25.31,9.88,2,0.12,85,5.31,93,5.81,0,0.0,0.0,1.0,83.1,5.19,3.75,4.92,5.63,12,2,0,1,1,0.14,0.17,4.92,103.6,6.48,5.5,5.31,6.98,10,4,0,2,0,0.14,0.2,6.32,124.1,7.76,6.8,5.81,8.42,10,4,0,2,0,0.14,0.2,7.55
Kenneth Gainwell,PHI,RB,4.0,16,68,4.25,291,18.19,4.28,18,6.44,0,0.0,5,0.31,33,2.06,50,3.12,253,15.81,7.67,1,0.06,101,6.31,118,7.38,1,0.06,0.01,1.0,90.4,5.65,3.3,5.51,5.96,10,1,2,3,0,0.45,0.3,5.2,106.9,6.68,4.8,6.33,6.9,11,0,2,3,0,0.45,0.27,6.3,123.4,7.71,6.25,7.18,7.94,11,0,2,3,0,0.45,0.27,7.42
Rex Burkhead,FA,RB,17.0,15,122,8.13,427,28.47,3.5,36,7.73,3,0.2,3,0.2,25,1.67,32,2.13,186,12.4,7.44,0,0.0,147,9.8,154,10.27,0,0.0,0.0,1.0,79.3,5.29,4.5,6.86,5.27,10,3,1,0,1,0.15,0.1,5.53,91.8,6.12,5.0,7.29,6.1,10,2,2,0,1,0.25,0.1,6.17,104.3,6.95,5.5,7.81,7.01,9,3,2,0,1,0.25,0.11,6.81
David Johnson,FA,RB,24.0,13,67,5.15,228,17.54,3.4,15,7.15,0,0.0,0,0.0,32,2.46,42,3.23,225,17.31,7.03,1,0.08,99,7.62,109,8.38,1,0.08,0.01,1.0,49.3,3.79,4.0,2.38,4.93,12,1,0,0,0,0.0,0.0,4.86,65.3,5.02,5.5,2.92,6.29,10,3,0,0,0,0.0,0.0,6.14,81.3,6.25,6.7,3.54,7.68,10,3,0,0,0,0.0,0.0,7.31
Alex Collins,FA,RB,15.0,11,108,9.82,411,37.36,3.81,25,12.0,2,0.18,2,0.18,9,0.82,10,0.91,87,7.91,9.67,0,0.0,117,10.64,118,10.73,1,0.09,0.01,1.0,59.8,5.44,4.4,5.03,5.86,8,1,0,2,0,0.22,0.25,5.86,64.3,5.85,4.4,5.24,6.32,8,1,1,1,0,0.22,0.12,6.04,68.8,6.25,4.4,5.47,6.89,8,1,1,1,0,0.22,0.12,6.3
D'Ernest Johnson,JAC,RB,1.0,13,100,7.69,534,41.08,5.34,30,10.92,5,0.38,3,0.23,19,1.46,25,1.92,137,10.54,7.21,0,0.0,119,9.15,125,9.62,0,0.0,0.0,1.0,85.1,6.55,2.6,7.79,6.33,8,2,0,1,2,0.3,0.38,5.22,94.6,7.28,3.4,8.25,7.03,8,2,0,2,1,0.3,0.38,5.9,104.1,8.01,3.9,8.8,7.83,9,1,0,1,2,0.3,0.33,6.48
Alexander Mattison,MIN,RB,2.0,16,134,8.38,491,30.69,3.66,48,10.38,4,0.25,3,0.19,32,2.0,39,2.44,228,14.25,7.12,1,0.06,166,10.38,173,10.81,1,0.06,0.01,1.0,93.9,5.87,2.4,7.03,5.82,11,1,1,1,2,0.33,0.27,5.02,109.9,6.87,3.0,7.9,6.71,11,1,1,1,2,0.33,0.27,5.68,125.9,7.87,3.45,8.81,7.7,11,1,1,1,2,0.33,0.27,6.33
Craig Reynolds,DET,RB,3.0,5,55,11.0,230,46.0,4.18,35,15.2,3,0.6,0,0.0,7,1.4,8,1.6,52,10.4,7.43,0,0.0,62,12.4,63,12.6,0,0.0,0.0,0.72,28.2,5.64,5.1,5.09,6.06,3,0,2,0,0,0.67,0.0,4.77,31.7,6.34,6.6,5.33,6.83,3,0,2,0,0,0.67,0.0,5.51,35.2,7.04,8.1,5.61,7.71,2,2,1,0,0,0.25,0.0,6.13
Derrick Gore,NO,RB,3.0,8,51,6.38,256,32.0,5.02,51,14.0,5,0.62,2,0.25,8,1.0,9,1.12,105,13.12,13.12,0,0.0,59,7.38,60,7.5,0,0.0,0.0,0.88,48.1,6.01,3.75,5.27,6.41,5,0,2,1,0,0.6,0.2,5.01,52.1,6.51,4.0,5.56,6.94,5,0,2,1,0,0.6,0.2,5.33,56.1,7.01,4.25,5.89,7.59,5,1,1,1,0,0.33,0.2,5.56
Jeremy McNichols,PIT,RB,3.0,13,41,3.15,156,12.0,3.8,14,7.46,0,0.0,0,0.0,28,2.15,38,2.92,240,18.46,8.57,1,0.08,69,5.31,79,6.08,0,0.0,0.0,1.0,45.6,3.51,3.3,2.35,4.57,11,2,0,0,0,0.0,0.0,4.15,59.6,4.58,4.5,3.17,5.62,11,1,1,0,0,0.08,0.0,5.2,73.6,5.66,5.9,4.11,6.7,10,2,1,0,0,0.08,0.0,6.32
Ronald Jones II,DAL,RB,2.0,15,101,6.73,428,28.53,4.24,30,10.27,2,0.13,4,0.27,10,0.67,13,0.87,64,4.27,6.4,0,0.0,111,7.4,114,7.6,2,0.13,0.02,1.0,69.2,4.61,3.6,4.22,5.2,10,3,1,1,0,0.15,0.1,4.82,74.2,4.95,4.1,4.32,5.62,10,4,0,1,0,0.07,0.1,5.19,79.2,5.28,4.3,4.46,6.12,10,4,1,0,0,0.07,0.0,5.49
Tevin Coleman,FA,RB,22.0,11,84,7.64,356,32.36,4.24,20,12.0,1,0.09,0,0.0,11,1.0,16,1.45,49,4.45,4.45,0,0.0,95,8.64,100,9.09,0,0.0,0.0,1.0,40.5,3.68,3.1,2.41,4.77,8,3,0,0,0,0.0,0.0,4.45,46.0,4.18,4.1,2.8,5.29,9,2,0,0,0,0.0,0.0,5.14,51.5,4.68,5.0,3.24,5.88,9,2,0,0,0,0.0,0.0,5.81
James White,FA,RB,25.0,3,10,3.33,38,12.67,3.8,10,7.67,0,0.0,1,0.33,12,4.0,14,4.67,94,31.33,7.83,0,0.0,22,7.33,24,8.0,0,0.0,0.0,0.56,19.2,6.4,6.1,5.96,6.62,1,1,1,0,0,0.5,0.0,3.78,25.2,8.4,9.1,7.47,8.32,1,1,0,1,0,0.5,1.0,5.1,31.2,10.4,12.1,9.07,10.1,1,0,1,1,0,2.0,1.0,6.72
Nyheim Hines,BUF,RB,2.0,17,56,3.29,276,16.24,4.93,34,8.24,3,0.18,2,0.12,40,2.35,57,3.35,310,18.24,7.75,1,0.06,96,5.65,113,6.65,2,0.12,0.02,1.0,72.6,4.27,2.2,4.74,4.67,13,2,0,2,0,0.13,0.15,3.86,92.6,5.45,3.1,5.28,5.88,12,2,1,2,0,0.21,0.17,4.86,112.6,6.62,3.9,5.9,7.16,13,1,1,2,0,0.21,0.15,5.79
Adrian Peterson,FA,RB,16.0,4,38,9.5,98,24.5,2.58,16,8.75,0,0.0,2,0.5,4,1.0,4,1.0,8,2.0,2.0,0,0.0,42,10.5,42,10.5,0,0.0,0.0,0.65,22.6,5.65,6.0,3.02,6.92,2,2,0,0,0,0.0,0.0,4.45,24.6,6.15,6.5,2.87,7.74,2,2,0,0,0,0.0,0.0,4.83,26.6,6.65,7.0,2.77,8.69,3,1,0,0,0,0.0,0.0,5.25
Samaje Perine,DEN,RB,3.0,15,55,3.67,246,16.4,4.47,46,9.2,4,0.27,1,0.07,27,1.8,31,2.07,196,13.07,7.26,1,0.07,82,5.47,86,5.73,0,0.0,0.0,1.0,56.2,3.75,2.2,4.32,4.2,13,0,0,2,0,0.15,0.15,3.57,69.7,4.65,3.4,4.57,5.2,13,0,1,1,0,0.15,0.08,4.54,83.2,5.55,3.9,4.87,6.29,13,0,1,1,0,0.15,0.08,5.26
Justin Jackson,FA,RB,28.5,14,68,4.86,364,26.0,5.35,75,11.64,5,0.36,2,0.14,22,1.57,25,1.79,178,12.71,8.09,0,0.0,90,6.43,93,6.64,1,0.07,0.01,1.0,64.2,4.59,2.05,6.94,4.56,10,2,1,0,1,0.17,0.1,3.75,75.2,5.37,3.2,7.83,5.26,10,3,0,0,1,0.08,0.1,4.53,86.2,6.16,4.0,8.77,6.03,11,2,0,0,1,0.08,0.09,5.24
Jeff Wilson Jr.,MIA,RB,2.0,9,79,8.78,294,32.67,3.72,17,6.56,0,0.0,2,0.22,7,0.78,8,0.89,31,3.44,4.43,0,0.0,86,9.56,87,9.67,0,0.0,0.0,0.93,44.5,4.94,2.8,6.23,5.05,7,0,1,1,0,0.29,0.14,4.34,48.0,5.33,2.8,6.67,5.43,7,0,1,1,0,0.29,0.14,4.49,51.5,5.72,2.8,7.12,5.9,7,0,1,1,0,0.29,0.14,4.69
Ke'Shawn Vaughn,TB,RB,2.0,6,36,6.0,180,30.0,5.0,55,18.33,4,0.67,2,0.33,4,0.67,8,1.33,26,4.33,6.5,0,0.0,40,6.67,44,7.33,0,0.0,0.0,0.78,32.6,5.43,3.6,5.0,5.87,4,0,2,0,0,0.5,0.0,4.11,34.6,5.77,4.1,5.18,6.26,4,0,2,0,0,0.5,0.0,4.42,36.6,6.1,4.6,5.39,6.74,4,0,2,0,0,0.5,0.0,4.77
Le'Veon Bell,FA,RB,32.0,8,39,4.88,101,12.62,2.59,12,5.0,0,0.0,2,0.25,5,0.62,7,0.88,30,3.75,6.0,1,0.12,44,5.5,46,5.75,0,0.0,0.0,0.88,33.1,4.14,3.3,4.28,4.64,5,2,1,0,0,0.14,0.0,3.73,35.6,4.45,4.05,4.38,5.04,4,3,1,0,0,0.14,0.0,4.19,38.1,4.76,4.6,4.53,5.5,5,3,0,0,0,0.0,0.0,4.53
Ameer Abdullah,LV,RB,3.0,17,51,3.0,166,9.76,3.25,15,5.24,0,0.0,0,0.0,38,2.24,53,3.12,289,17.0,7.61,1,0.06,89,5.24,104,6.12,0,0.0,0.0,1.0,51.5,3.03,2.4,3.32,3.62,14,2,1,0,0,0.06,0.0,3.35,70.5,4.15,2.9,4.29,4.72,12,3,2,0,0,0.13,0.0,4.11,89.5,5.26,3.9,5.36,5.83,12,3,1,1,0,0.13,0.08,5.08
Salvon Ahmed,MIA,RB,3.0,11,54,4.91,149,13.55,2.76,16,7.36,0,0.0,0,0.0,12,1.09,19,1.73,117,10.64,9.75,0,0.0,66,6.0,73,6.64,0,0.0,0.0,1.0,26.6,2.42,2.3,1.25,3.69,11,0,0,0,0,0.0,0.0,3.36,32.6,2.96,3.1,1.48,4.4,11,0,0,0,0,0.0,0.0,4.04,38.6,3.51,3.6,1.77,5.12,11,0,0,0,0,0.0,0.0,4.59
Peyton Barber,FA,RB,27.0,10,55,5.5,212,21.2,3.85,27,8.0,1,0.1,2,0.2,10,1.0,13,1.3,67,6.7,6.7,0,0.0,65,6.5,68,6.8,0,0.0,0.0,0.96,39.9,3.99,1.6,6.26,4.07,8,1,0,0,1,0.11,0.12,3.2,44.9,4.49,2.6,6.63,4.58,8,1,0,0,1,0.11,0.12,3.86,49.9,4.99,3.2,7.02,5.17,8,1,0,0,1,0.11,0.12,4.37
JaMycal Hasty,JAC,RB,3.0,11,16,1.45,68,6.18,4.25,21,4.55,1,0.09,1,0.09,23,2.09,29,2.64,157,14.27,6.83,0,0.0,39,3.55,45,4.09,1,0.09,0.03,1.0,26.5,2.41,1.6,2.51,3.09,10,1,0,0,0,0.0,0.0,2.52,38.0,3.45,3.1,2.74,4.4,9,2,0,0,0,0.0,0.0,3.78,49.5,4.5,4.5,3.07,5.73,9,2,0,0,0,0.0,0.0,5.01
Kyle Juszczyk,SF,RB,3.0,15,8,0.53,22,1.47,2.75,6,0.87,0,0.0,1,0.07,30,2.0,38,2.53,296,19.73,9.87,1,0.07,38,2.53,46,3.07,0,0.0,0.0,1.0,43.8,2.92,1.7,2.96,3.59,13,1,1,0,0,0.07,0.0,2.72,58.8,3.92,2.7,3.32,4.75,13,1,1,0,0,0.07,0.0,3.7,73.8,4.92,3.7,3.72,5.97,12,2,1,0,0,0.07,0.0,4.69
Chris Evans,CIN,RB,3.0,9,17,1.89,77,8.56,4.53,13,3.56,0,0.0,0,0.0,15,1.67,17,1.89,151,16.78,10.07,2,0.22,32,3.56,34,3.78,0,0.0,0.0,0.93,34.8,3.87,1.5,4.86,4.21,7,0,2,0,0,0.29,0.0,2.86,42.3,4.7,2.5,5.41,5.05,7,0,2,0,0,0.29,0.0,3.63,49.8,5.53,3.5,5.97,5.97,7,0,2,0,0,0.29,0.0,4.43
Ty'Son Williams,ARI,RB,2.0,8,35,4.38,185,23.12,5.29,35,10.38,3,0.38,1,0.12,9,1.12,12,1.5,84,10.5,9.33,0,0.0,44,5.5,47,5.88,0,0.0,0.0,0.88,32.9,4.11,2.15,5.47,4.34,6,1,0,1,0,0.14,0.17,3.2,37.4,4.68,2.65,5.99,4.89,6,1,0,1,0,0.14,0.17,3.62,41.9,5.24,3.15,6.52,5.52,6,1,0,1,0,0.14,0.17,4.07
Damien Williams,FA,RB,35.0,12,40,3.33,164,13.67,4.1,23,6.08,1,0.08,2,0.17,16,1.33,23,1.92,103,8.58,6.44,1,0.08,56,4.67,63,5.25,0,0.0,0.0,1.0,44.7,3.72,1.1,5.38,3.95,9,1,1,1,0,0.2,0.11,2.93,52.7,4.39,1.65,5.77,4.64,9,0,2,1,0,0.33,0.11,3.55,60.7,5.06,2.4,6.21,5.4,8,1,3,0,0,0.33,0.0,4.2
Trey Sermon,PHI,RB,3.0,6,41,6.83,167,27.83,4.07,16,9.67,0,0.0,1,0.17,3,0.5,4,0.67,26,4.33,8.67,0,0.0,44,7.33,45,7.5,0,0.0,0.0,0.78,25.3,4.22,3.15,4.3,4.73,4,2,0,0,0,0.0,0.0,3.36,26.8,4.47,3.4,4.58,5.0,4,2,0,0,0,0.0,0.0,3.55,28.3,4.72,3.65,4.88,5.35,4,2,0,0,0,0.0,0.0,3.76
Khalil Herbert,CHI,RB,2.0,16,103,6.44,433,27.06,4.2,29,9.06,4,0.25,2,0.12,14,0.88,16,1.0,96,6.0,6.86,0,0.0,117,7.31,119,7.44,0,0.0,0.0,1.0,64.9,4.06,1.2,5.25,4.33,11,3,1,1,0,0.14,0.09,3.33,71.9,4.49,1.2,5.78,4.74,11,3,0,2,0,0.14,0.18,3.54,78.9,4.93,1.2,6.35,5.24,12,2,0,2,0,0.14,0.17,3.75
Giovani Bernard,FA,RB,38.0,10,8,0.8,58,5.8,7.25,24,4.8,1,0.1,0,0.0,23,2.3,29,2.9,123,12.3,5.35,3,0.3,31,3.1,37,3.7,0,0.0,0.0,0.96,36.1,3.61,1.1,4.51,4.0,7,0,3,0,0,0.43,0.0,2.78,47.6,4.76,1.85,5.29,5.14,7,2,0,1,0,0.11,0.14,3.48,59.1,5.91,2.85,6.2,6.31,7,2,0,1,0,0.11,0.14,4.42
Phillip Lindsay,FA,RB,28.5,14,88,6.29,249,17.79,2.83,35,7.43,2,0.14,1,0.07,4,0.29,5,0.36,45,3.21,11.25,1,0.07,92,6.57,93,6.64,0,0.0,0.0,1.0,41.4,2.96,2.35,2.91,3.66,12,2,0,0,0,0.0,0.0,3.37,43.4,3.1,2.35,3.03,3.85,12,2,0,0,0,0.0,0.0,3.45,45.4,3.24,2.35,3.18,4.09,12,2,0,0,0,0.0,0.0,3.56
Travis Homer,CHI,RB,3.0,14,21,1.5,177,12.64,8.43,73,10.93,5,0.36,1,0.07,16,1.14,20,1.43,161,11.5,10.06,0,0.0,37,2.64,41,2.93,0,0.0,0.0,1.0,45.8,3.27,2.15,4.0,3.74,12,1,0,1,0,0.08,0.08,3.0,53.8,3.84,2.55,4.5,4.32,12,1,0,1,0,0.08,0.08,3.44,61.8,4.41,3.1,5.04,4.96,12,1,0,1,0,0.08,0.08,3.98
Jaret Patterson,FA,RB,33.0,14,68,4.86,266,19.0,3.91,13,7.57,0,0.0,2,0.14,10,0.71,12,0.86,73,5.21,7.3,0,0.0,78,5.57,80,5.71,0,0.0,0.0,1.0,45.9,3.28,1.8,4.22,3.69,12,1,0,1,0,0.08,0.08,3.1,50.9,3.64,2.0,4.78,4.03,12,1,0,1,0,0.08,0.08,3.34,55.9,3.99,2.25,5.36,4.42,12,1,0,1,0,0.08,0.08,3.63
Matt Breida,NYG,RB,2.0,7,26,3.71,125,17.86,4.81,28,10.57,1,0.14,1,0.14,7,1.0,9,1.29,72,10.29,10.29,2,0.29,33,4.71,35,5.0,1,0.14,0.03,0.84,35.7,5.1,1.2,6.09,5.24,4,1,1,1,0,0.4,0.25,3.06,39.2,5.6,1.3,6.63,5.71,4,1,1,1,0,0.4,0.25,3.28,42.7,6.1,1.8,7.19,6.28,5,0,1,1,0,0.4,0.2,3.67
Carlos Hyde,FA,RB,26.0,12,72,6.0,253,21.08,3.51,18,7.58,0,0.0,1,0.08,12,1.0,22,1.83,65,5.42,5.42,0,0.0,84,7.0,94,7.83,2,0.17,0.02,1.0,33.8,2.82,1.45,2.75,3.53,10,2,0,0,0,0.0,0.0,3.03,39.8,3.32,1.45,3.37,4.01,11,1,0,0,0,0.0,0.0,3.24,45.8,3.82,1.7,4.07,4.53,11,0,1,0,0,0.09,0.0,3.63
Royce Freeman,FA,RB,31.0,12,56,4.67,169,14.08,3.02,13,6.33,0,0.0,0,0.0,10,0.83,16,1.33,77,6.42,7.7,0,0.0,66,5.5,72,6.0,0,0.0,0.0,1.0,24.6,2.05,2.0,1.77,2.87,11,1,0,0,0,0.0,0.0,2.79,29.6,2.47,2.45,2.5,3.21,11,1,0,0,0,0.0,0.0,3.15,34.6,2.88,2.5,3.29,3.61,11,0,1,0,0,0.09,0.0,3.39
Jerick McKinnon,FA,RB,39.0,9,12,1.33,62,6.89,5.17,18,3.56,0,0.0,0,0.0,13,1.44,20,2.22,107,11.89,8.23,1,0.11,25,2.78,32,3.56,0,0.0,0.0,0.93,22.9,2.54,1.5,3.34,3.04,8,0,1,0,0,0.12,0.0,2.28,29.4,3.27,2.5,3.74,3.85,8,0,1,0,0,0.12,0.0,3.03,35.9,3.99,3.5,4.18,4.7,8,0,1,0,0,0.12,0.0,3.81
Austin Walter,LV,RB,2.0,4,26,6.5,101,25.25,3.88,14,10.0,0,0.0,1,0.25,2,0.5,3,0.75,9,2.25,4.5,0,0.0,28,7.0,29,7.25,0,0.0,0.0,0.65,17.0,4.25,3.05,4.1,4.82,3,0,1,0,0,0.33,0.0,2.87,18.0,4.5,3.5,3.87,5.25,3,1,0,0,0,0.0,0.0,3.02,19.0,4.75,4.0,3.69,5.77,3,1,0,0,0,0.0,0.0,3.32
Ryquell Armstead,FA,RB,19.0,2,15,7.5,80,40.0,5.33,26,17.5,1,0.5,0,0.0,3,1.5,4,2.0,16,8.0,5.33,0,0.0,18,9.0,19,9.5,0,0.0,0.0,0.44,9.6,4.8,4.8,1.98,6.54,1,1,0,0,0,0.0,0.0,2.68,11.1,5.55,5.55,2.33,7.35,1,1,0,0,0,0.0,0.0,2.99,12.6,6.3,6.3,2.69,8.29,1,1,0,0,0,0.0,0.0,3.32
Malcolm Brown,FA,RB,30.0,6,33,5.5,125,20.83,3.79,24,10.83,1,0.17,1,0.17,3,0.5,5,0.83,10,1.67,3.33,0,0.0,36,6.0,38,6.33,0,0.0,0.0,0.78,19.5,3.25,2.4,2.97,4.0,5,1,0,0,0,0.0,0.0,2.75,21.0,3.5,2.65,2.88,4.4,5,1,0,0,0,0.0,0.0,2.98,22.5,3.75,2.9,2.81,4.88,5,1,0,0,0,0.0,0.0,3.24
Alec Ingold,MIA,RB,4.5,7,2,0.29,1,0.14,0.5,1,0.14,0,0.0,0,0.0,10,1.43,12,1.71,85,12.14,8.5,1,0.14,12,1.71,14,2.0,0,0.0,0.0,0.84,14.6,2.09,2.2,2.19,2.77,6,1,0,0,0,0.0,0.0,2.04,19.6,2.8,3.5,2.52,3.64,7,0,0,0,0,0.0,0.0,2.86,24.6,3.51,4.0,3.01,4.5,7,0,0,0,0,0.0,0.0,3.37
Dare Ogunbowale,HOU,RB,2.0,13,43,3.31,137,10.54,3.19,12,2.69,0,0.0,1,0.08,13,1.0,21,1.62,114,8.77,8.77,1,0.08,56,4.31,64,4.92,0,0.0,0.0,1.0,37.1,2.85,0.5,4.75,3.12,11,0,2,0,0,0.18,0.0,2.21,43.6,3.35,1.1,5.09,3.66,10,1,2,0,0,0.18,0.0,2.72,50.1,3.85,1.6,5.45,4.25,10,1,2,0,0,0.18,0.0,3.22
Eno Benjamin,NO,RB,4.0,8,34,4.25,118,14.75,3.47,21,7.0,1,0.12,1,0.12,6,0.75,7,0.88,42,5.25,7.0,0,0.0,40,5.0,41,5.12,0,0.0,0.0,0.88,22.0,2.75,1.65,3.38,3.28,7,0,1,0,0,0.14,0.0,2.48,25.0,3.12,2.0,3.64,3.7,6,2,0,0,0,0.0,0.0,2.72,28.0,3.5,2.25,4.0,4.17,6,2,0,0,0,0.0,0.0,3.01
Demetric Felton Jr.,CLE,RB,3.0,15,7,0.47,24,1.6,3.43,12,1.47,0,0.0,0,0.0,18,1.2,21,1.4,181,12.07,10.06,2,0.13,25,1.67,28,1.87,0,0.0,0.0,1.0,32.5,2.17,1.3,3.28,2.6,13,1,1,0,0,0.07,0.0,1.98,41.5,2.77,2.2,3.6,3.29,13,1,1,0,0,0.07,0.0,2.69,50.5,3.37,3.2,3.98,4.02,13,1,1,0,0,0.07,0.0,3.47
Jermar Jefferson,DET,RB,4.0,5,15,3.0,74,14.8,4.93,28,10.0,1,0.2,2,0.4,4,0.8,5,1.0,23,4.6,5.75,0,0.0,19,3.8,20,4.0,0,0.0,0.0,0.72,21.7,4.34,1.8,4.77,4.74,3,1,1,0,0,0.25,0.0,2.5,23.7,4.74,1.8,5.3,5.11,3,1,1,0,0,0.25,0.0,2.62,25.7,5.14,1.8,5.92,5.55,3,1,1,0,0,0.25,0.0,2.76
Wendell Smallwood,FA,RB,36.5,2,5,2.5,25,12.5,5.0,13,8.5,0,0.0,0,0.0,4,2.0,5,2.5,22,11.0,5.5,0,0.0,9,4.5,10,5.0,0,0.0,0.0,0.44,4.7,2.35,2.35,0.21,5.59,2,0,0,0,0,0.0,0.0,1.8,6.7,3.35,3.35,0.21,8.08,2,0,0,0,0,0.0,0.0,2.5,8.7,4.35,4.35,0.21,10.8,2,0,0,0,0,0.0,0.0,3.24
Tony Jones Jr.,DEN,RB,2.0,10,54,5.4,142,14.2,2.63,11,5.3,0,0.0,0,0.0,5,0.5,8,0.8,29,2.9,5.8,0,0.0,59,5.9,62,6.2,0,0.0,0.0,0.96,17.1,1.71,1.45,1.68,2.43,10,0,0,0,0,0.0,0.0,2.28,19.6,1.96,1.6,1.86,2.75,10,0,0,0,0,0.0,0.0,2.49,22.1,2.21,1.85,2.08,3.1,10,0,0,0,0,0.0,0.0,2.75
Jonathan Williams,WAS,RB,2.0,5,17,3.4,79,15.8,4.65,23,8.4,1,0.2,1,0.2,4,0.8,6,1.2,28,5.6,7.0,0,0.0,21,4.2,23,4.6,0,0.0,0.0,0.72,16.7,3.34,1.1,3.79,3.87,4,0,1,0,0,0.25,0.0,2.03,18.7,3.74,2.1,3.79,4.39,4,1,0,0,0,0.0,0.0,2.44,20.7,4.14,3.1,3.84,4.98,4,1,0,0,0,0.0,0.0,2.95
Qadree Ollison,JAC,RB,2.0,6,21,3.5,105,17.5,5.0,19,10.0,0,0.0,1,0.17,4,0.67,6,1.0,12,2.0,3.0,0,0.0,25,4.17,27,4.5,1,0.17,0.04,0.78,15.7,2.62,1.7,2.8,3.27,5,1,0,0,0,0.0,0.0,2.1,17.7,2.95,1.95,2.78,3.74,5,1,0,0,0,0.0,0.0,2.36,19.7,3.28,2.2,2.82,4.27,6,0,0,0,0,0.0,0.0,2.63
C.J. Ham,MIN,RB,4.0,15,7,0.47,34,2.27,4.86,30,2.27,2,0.13,0,0.0,17,1.13,18,1.2,125,8.33,7.35,0,0.0,24,1.6,25,1.67,0,0.0,0.0,1.0,15.9,1.06,0.9,0.96,1.73,15,0,0,0,0,0.0,0.0,1.35,24.4,1.63,1.9,1.08,2.61,15,0,0,0,0,0.0,0.0,2.2,32.9,2.19,2.6,1.38,3.41,15,0,0,0,0,0.0,0.0,2.87
DeeJay Dallas,SEA,RB,1.0,17,33,1.94,138,8.12,4.18,15,4.29,0,0.0,2,0.12,21,1.24,23,1.35,133,7.82,6.33,0,0.0,54,3.18,56,3.29,0,0.0,0.0,1.0,39.1,2.3,0.6,3.35,2.75,15,1,1,0,0,0.06,0.0,1.87,49.6,2.92,0.6,3.97,3.38,14,2,1,0,0,0.06,0.0,2.15,60.1,3.54,0.6,4.69,4.05,13,3,1,0,0,0.06,0.0,2.45
Joshua Kelley,LAC,RB,2.0,8,33,4.12,102,12.75,3.09,14,7.0,0,0.0,0,0.0,5,0.62,6,0.75,38,4.75,7.6,0,0.0,38,4.75,39,4.88,1,0.12,0.03,0.88,12.0,1.5,1.35,1.17,2.33,8,0,0,0,0,0.0,0.0,1.89,14.5,1.81,1.6,1.41,2.72,8,0,0,0,0,0.0,0.0,2.15,17.0,2.12,1.85,1.7,3.13,8,0,0,0,0,0.0,0.0,2.41
Jalen Richard,FA,RB,46.0,9,9,1.0,40,4.44,4.44,23,4.0,1,0.11,0,0.0,12,1.33,14,1.56,72,8.0,6.0,0,0.0,21,2.33,23,2.56,0,0.0,0.0,0.93,11.2,1.24,0.9,1.08,1.97,9,0,0,0,0,0.0,0.0,1.43,17.2,1.91,1.4,1.44,2.86,9,0,0,0,0,0.0,0.0,2.01,23.2,2.58,1.9,1.83,3.73,9,0,0,0,0,0.0,0.0,2.59
Kene Nwangwu,MIN,RB,3.0,9,13,1.44,61,6.78,4.69,19,5.0,0,0.0,0,0.0,4,0.44,5,0.56,9,1.0,2.25,0,0.0,17,1.89,18,2.0,0,0.0,0.0,0.93,19.0,2.11,0.4,2.86,2.62,7,2,0,0,0,0.0,0.0,1.45,21.0,2.33,1.4,2.78,2.96,9,0,0,0,0,0.0,0.0,2.0,23.0,2.56,2.4,2.77,3.34,9,0,0,0,0,0.0,0.0,2.58
Patrick Taylor Jr.,GB,RB,3.0,5,23,4.6,89,17.8,3.87,12,6.6,0,0.0,1,0.2,2,0.4,2,0.4,3,0.6,1.5,0,0.0,25,5.0,25,5.0,0,0.0,0.0,0.72,15.2,3.04,1.1,4.83,3.31,4,0,1,0,0,0.25,0.0,1.88,16.2,3.24,1.1,5.27,3.5,4,0,1,0,0,0.25,0.0,1.94,17.2,3.44,1.1,5.72,3.75,4,0,1,0,0,0.25,0.0,2.02
J.J. Taylor,NE,RB,3.0,5,19,3.8,37,7.4,1.95,15,4.4,0,0.0,2,0.4,4,0.8,4,0.8,8,1.6,2.0,0,0.0,23,4.6,23,4.6,1,0.2,0.04,0.72,14.5,2.9,0.5,6.65,2.92,4,0,0,1,0,0.25,0.25,1.58,16.5,3.3,1.1,6.7,3.36,4,0,0,1,0,0.25,0.25,1.91,18.5,3.7,1.1,6.77,3.86,4,0,1,0,0,0.25,0.0,2.03
JaQuan Hardy,FA,RB,49.5,2,4,2.0,29,14.5,7.25,22,12.5,1,0.5,1,0.5,0,0.0,0,0.0,0,0.0,0.0,0,0.0,4,2.0,4,2.0,0,0.0,0.0,0.44,8.9,4.45,4.45,5.87,4.62,1,1,0,0,0,0.0,0.0,1.89,8.9,4.45,4.45,5.87,4.68,1,1,0,0,0,0.0,0.0,1.9,8.9,4.45,4.45,5.87,4.82,1,1,0,0,0,0.0,0.0,1.93
Elijhaa Penny,FA,RB,45.0,13,24,1.85,99,7.62,4.12,12,3.69,0,0.0,1,0.08,9,0.69,13,1.0,30,2.31,3.33,1,0.08,33,2.54,37,2.85,0,0.0,0.0,1.0,26.9,2.07,0.6,2.96,2.55,11,2,0,0,0,0.0,0.0,1.7,31.4,2.42,0.6,3.2,2.96,11,2,0,0,0,0.0,0.0,1.89,35.9,2.76,0.6,3.51,3.4,11,2,0,0,0,0.0,0.0,2.08
Marlon Mack,FA,RB,34.0,6,28,4.67,101,16.83,3.61,22,8.5,1,0.17,0,0.0,2,0.33,5,0.83,8,1.33,4.0,0,0.0,30,5.0,33,5.5,0,0.0,0.0,0.78,10.9,1.82,1.4,1.94,2.49,6,0,0,0,0,0.0,0.0,1.8,11.9,1.98,1.4,2.15,2.68,6,0,0,0,0,0.0,0.0,1.87,12.9,2.15,1.4,2.38,2.92,6,0,0,0,0,0.0,0.0,1.95
Corey Clement,ARI,RB,3.0,11,33,3.0,140,12.73,4.24,38,6.09,2,0.18,0,0.0,6,0.55,7,0.64,29,2.64,4.83,1,0.09,39,3.55,40,3.64,0,0.0,0.0,1.0,22.9,2.08,0.0,4.23,2.34,10,0,0,1,0,0.1,0.1,1.49,25.9,2.35,0.0,4.83,2.6,10,0,0,1,0,0.1,0.1,1.61,28.9,2.63,0.0,5.43,2.9,10,0,0,1,0,0.1,0.1,1.74
Patrick Ricard,BAL,RB,1.0,8,2,0.25,4,0.5,2.0,2,0.5,0,0.0,0,0.0,8,1.0,13,1.62,63,7.88,7.88,1,0.12,10,1.25,15,1.88,0,0.0,0.0,0.88,12.7,1.59,0.3,3.24,1.91,7,0,1,0,0,0.14,0.0,1.11,16.7,2.09,0.7,3.69,2.47,7,0,1,0,0,0.14,0.0,1.49,20.7,2.59,1.2,4.17,3.05,7,0,1,0,0,0.14,0.0,1.92
Ty Montgomery,NE,RB,4.0,14,15,1.07,44,3.14,2.93,9,2.0,0,0.0,0,0.0,16,1.14,26,1.86,95,6.79,5.94,0,0.0,31,2.21,41,2.93,0,0.0,0.0,1.0,13.9,0.99,0.25,1.76,1.39,14,0,0,0,0,0.0,0.0,1.03,21.9,1.56,0.5,2.54,2.03,13,1,0,0,0,0.0,0.0,1.43,29.9,2.14,0.75,3.34,2.66,13,1,0,0,0,0.0,0.0,1.83
Larry Rountree III,LAC,RB,3.0,10,36,3.6,87,8.7,2.42,13,4.1,0,0.0,1,0.1,1,0.1,2,0.2,-1,-0.1,-1.0,0,0.0,37,3.7,38,3.8,0,0.0,0.0,0.96,14.6,1.46,0.4,2.27,1.92,9,1,0,0,0,0.0,0.0,1.37,15.1,1.51,0.4,2.23,2.02,9,1,0,0,0,0.0,0.0,1.42,15.6,1.56,0.65,2.21,2.16,10,0,0,0,0,0.0,0.0,1.59
Andy Janovich,FA,RB,55.5,6,2,0.33,0,0.0,0.0,1,0.17,0,0.0,1,0.17,3,0.5,4,0.67,9,1.5,3.0,0,0.0,5,0.83,6,1.0,0,0.0,0.0,0.78,8.9,1.48,0.45,2.33,1.94,5,1,0,0,0,0.0,0.0,0.92,10.4,1.73,1.2,2.24,2.32,6,0,0,0,0,0.0,0.0,1.32,11.9,1.98,1.65,2.23,2.73,6,0,0,0,0,0.0,0.0,1.62
Johnny Stanton IV,FA,RB,51.0,3,3,1.0,5,1.67,1.67,3,1.0,0,0.0,0,0.0,2,0.67,2,0.67,7,2.33,3.5,1,0.33,5,1.67,5,1.67,0,0.0,0.0,0.56,7.2,2.4,0.6,3.65,2.8,2,1,0,0,0,0.0,0.0,0.95,8.2,2.73,1.1,3.82,3.2,2,1,0,0,0,0.0,0.0,1.17,9.2,3.07,1.6,4.01,3.65,3,0,0,0,0,0.0,0.0,1.41
Wayne Gallman Jr.,FA,RB,40.0,9,28,3.11,104,11.56,3.71,17,5.44,0,0.0,0,0.0,1,0.11,3,0.33,21,2.33,21.0,0,0.0,29,3.22,31,3.44,0,0.0,0.0,0.93,12.5,1.39,0.2,2.56,1.77,8,1,0,0,0,0.0,0.0,1.14,13.0,1.44,0.2,2.72,1.84,8,1,0,0,0,0.0,0.0,1.17,13.5,1.5,0.2,2.87,1.94,8,1,0,0,0,0.0,0.0,1.21
Keith Smith,ATL,RB,2.0,13,9,0.69,31,2.38,3.44,8,1.77,0,0.0,0,0.0,9,0.69,10,0.77,56,4.31,6.22,0,0.0,18,1.38,19,1.46,0,0.0,0.0,1.0,8.7,0.67,0.3,0.95,1.09,13,0,0,0,0,0.0,0.0,0.77,13.2,1.02,0.5,1.38,1.53,13,0,0,0,0,0.0,0.0,1.06,17.7,1.36,0.5,1.84,1.97,13,0,0,0,0,0.0,0.0,1.26
Trayveon Williams,CIN,RB,2.0,4,15,3.75,51,12.75,3.4,10,4.0,0,0.0,0,0.0,1,0.25,2,0.5,4,1.0,4.0,0,0.0,16,4.0,17,4.25,0,0.0,0.0,0.65,5.5,1.38,0.65,1.98,1.87,4,0,0,0,0,0.0,0.0,1.01,6.0,1.5,0.65,2.22,2.01,4,0,0,0,0,0.0,0.0,1.05,6.5,1.62,0.65,2.46,2.19,4,0,0,0,0,0.0,0.0,1.1
Jonathan Ward,TEN,RB,2.0,9,9,1.0,33,3.67,3.67,7,2.78,0,0.0,0,0.0,3,0.33,4,0.44,34,3.78,11.33,0,0.0,12,1.33,13,1.44,0,0.0,0.0,0.93,6.7,0.74,0.3,0.91,1.23,9,0,0,0,0,0.0,0.0,0.77,8.2,0.91,0.7,1.07,1.47,9,0,0,0,0,0.0,0.0,1.04,9.7,1.08,0.7,1.26,1.71,9,0,0,0,0,0.0,0.0,1.14
Patrick Laird,TB,RB,3.0,3,1,0.33,4,1.33,4.0,4,1.33,0,0.0,0,0.0,3,1.0,3,1.0,17,5.67,5.67,0,0.0,4,1.33,4,1.33,0,0.0,0.0,0.56,2.1,0.7,0.9,0.44,1.39,3,0,0,0,0,0.0,0.0,0.65,3.6,1.2,1.4,0.44,2.42,3,0,0,0,0,0.0,0.0,1.03,5.1,1.7,1.9,0.44,3.53,3,0,0,0,0,0.0,0.0,1.44
Benny Snell Jr.,FA,RB,47.0,16,36,2.25,98,6.12,2.72,9,3.38,0,0.0,0,0.0,2,0.12,4,0.25,13,0.81,6.5,0,0.0,38,2.38,40,2.5,0,0.0,0.0,1.0,11.1,0.69,0.45,0.87,1.16,16,0,0,0,0,0.0,0.0,0.97,12.1,0.76,0.45,0.96,1.25,16,0,0,0,0,0.0,0.0,1.02,13.1,0.82,0.45,1.06,1.36,16,0,0,0,0,0.0,0.0,1.06
Mike Boone,HOU,RB,3.0,3,4,1.33,35,11.67,8.75,16,5.33,0,0.0,0,0.0,2,0.67,2,0.67,22,7.33,11.0,0,0.0,6,2.0,6,2.0,0,0.0,0.0,0.56,5.7,1.9,0.3,3.03,2.32,3,0,0,0,0,0.0,0.0,0.77,6.7,2.23,0.8,3.2,2.73,3,0,0,0,0,0.0,0.0,1.0,7.7,2.57,1.3,3.38,3.19,3,0,0,0,0,0.0,0.0,1.24
Michael Burton,DEN,RB,5.0,10,8,0.8,26,2.6,3.25,7,2.6,0,0.0,1,0.1,3,0.3,3,0.3,31,3.1,10.33,0,0.0,11,1.1,11,1.1,0,0.0,0.0,0.96,11.7,1.17,0.25,2.66,1.48,9,1,0,0,0,0.0,0.0,0.86,13.2,1.32,0.25,2.98,1.64,9,1,0,0,0,0.0,0.0,0.93,14.7,1.47,0.25,3.3,1.84,9,1,0,0,0,0.0,0.0,1.01
La'Mical Perine,KC,RB,2.0,2,8,4.0,31,15.5,3.88,14,8.5,0,0.0,0,0.0,0,0.0,0,0.0,0,0.0,0.0,0,0.0,8,4.0,8,4.0,0,0.0,0.0,0.44,3.1,1.55,1.55,1.77,2.17,2,0,0,0,0,0.0,0.0,0.92,3.1,1.55,1.55,1.77,2.2,2,0,0,0,0,0.0,0.0,0.92,3.1,1.55,1.55,1.77,2.27,2,0,0,0,0,0.0,0.0,0.94
Deon Jackson,IND,RB,3.0,5,13,2.6,31,6.2,2.38,10,2.8,0,0.0,1,0.2,0,0.0,0,0.0,0,0.0,0.0,0,0.0,13,2.6,13,2.6,0,0.0,0.0,0.72,9.1,1.82,0.0,3.44,2.16,4,1,0,0,0,0.0,0.0,0.89,9.1,1.82,0.0,3.44,2.19,4,1,0,0,0,0.0,0.0,0.9,9.1,1.82,0.0,3.44,2.25,5,0,0,0,0,0.0,0.0,0.92
Godwin Igwebuike,SEA,RB,2.0,15,18,1.2,118,7.87,6.56,42,4.93,3,0.2,1,0.07,7,0.47,10,0.67,60,4.0,8.57,0,0.0,25,1.67,28,1.87,2,0.13,0.08,1.0,14.0,0.93,0.0,3.03,1.14,14,0,1,0,0,0.07,0.0,0.74,17.5,1.17,0.0,2.98,1.45,14,0,1,0,0,0.07,0.0,0.88,21.0,1.4,0.0,3.01,1.79,14,1,0,0,0,0.0,0.0,0.99
Cam Akers,LAR,RB,1.0,2,5,2.5,3,1.5,0.6,2,1.0,0,0.0,0,0.0,3,1.5,3,1.5,10,5.0,3.33,0,0.0,8,4.0,8,4.0,0,0.0,0.0,0.44,1.3,0.65,0.65,0.92,1.07,2,0,0,0,0,0.0,0.0,0.52,2.8,1.4,1.4,1.98,1.93,2,0,0,0,0,0.0,0.0,0.84,4.3,2.15,2.15,3.04,2.74,2,0,0,0,0,0.0,0.0,1.15
Adam Prentice,NO,RB,5.0,5,3,0.6,5,1.0,1.67,2,1.0,0,0.0,0,0.0,3,0.6,3,0.6,16,3.2,5.33,0,0.0,6,1.2,6,1.2,0,0.0,0.0,0.72,2.1,0.42,0.3,0.39,0.86,5,0,0,0,0,0.0,0.0,0.46,3.6,0.72,0.8,0.62,1.33,5,0,0,0,0,0.0,0.0,0.78,5.1,1.02,1.3,0.88,1.78,5,0,0,0,0,0.0,0.0,1.08
Darrynton Evans,CHI,RB,4.0,2,2,1.0,7,3.5,3.5,5,2.5,0,0.0,0,0.0,2,1.0,2,1.0,11,5.5,5.5,0,0.0,4,2.0,4,2.0,0,0.0,0.0,0.44,1.8,0.9,0.9,1.27,1.37,2,0,0,0,0,0.0,0.0,0.54,2.8,1.4,1.4,1.98,1.93,2,0,0,0,0,0.0,0.0,0.75,3.8,1.9,1.9,2.69,2.5,2,0,0,0,0,0.0,0.0,0.96
Jaylen Samuels,FA,RB,42.5,3,5,1.67,9,3.0,1.8,3,1.67,0,0.0,0,0.0,3,1.0,4,1.33,14,4.67,4.67,0,0.0,8,2.67,9,3.0,0,0.0,0.0,0.56,2.3,0.77,0.2,1.16,1.19,3,0,0,0,0,0.0,0.0,0.52,3.8,1.27,0.2,2.02,1.74,3,0,0,0,0,0.0,0.0,0.65,5.3,1.77,0.2,2.89,2.28,3,0,0,0,0,0.0,0.0,0.79
Alex Armah Jr.,WAS,RB,3.0,10,5,0.5,21,2.1,4.2,9,1.8,0,0.0,0,0.0,1,0.1,1,0.1,1,0.1,1.0,1,0.1,6,0.6,6,0.6,0,0.0,0.0,0.96,8.2,0.82,0.1,1.89,1.13,9,1,0,0,0,0.0,0.0,0.59,8.7,0.87,0.1,2.05,1.19,10,0,0,0,0,0.0,0.0,0.62,9.2,0.92,0.1,2.2,1.27,10,0,0,0,0,0.0,0.0,0.65
Scottie Phillips,FA,RB,42.5,3,6,2.0,13,4.33,2.17,4,2.0,0,0.0,0,0.0,2,0.67,3,1.0,9,3.0,4.5,0,0.0,8,2.67,9,3.0,0,0.0,0.0,0.56,2.2,0.73,0.2,1.1,1.16,3,0,0,0,0,0.0,0.0,0.51,3.2,1.07,0.2,1.68,1.53,3,0,0,0,0,0.0,0.0,0.6,4.2,1.4,0.2,2.25,1.93,3,0,0,0,0,0.0,0.0,0.7
Kalen Ballage,FA,RB,48.0,9,12,1.33,36,4.0,3.0,13,3.33,0,0.0,0,0.0,2,0.22,7,0.78,8,0.89,4.0,0,0.0,14,1.56,19,2.11,0,0.0,0.0,0.93,4.4,0.49,0.0,0.98,0.79,9,0,0,0,0,0.0,0.0,0.53,5.4,0.6,0.0,1.11,0.96,9,0,0,0,0,0.0,0.0,0.59,6.4,0.71,0.0,1.28,1.13,9,0,0,0,0,0.0,0.0,0.67
Jakob Johnson,LV,RB,5.0,7,0,0.0,0,0.0,0.0,0,0.0,0,0.0,0,0.0,4,0.57,5,0.71,43,6.14,10.75,0,0.0,4,0.57,5,0.71,0,0.0,0.0,0.84,4.3,0.61,0.0,1.19,0.95,7,0,0,0,0,0.0,0.0,0.42,6.3,0.9,0.0,1.55,1.32,7,0,0,0,0,0.0,0.0,0.56,8.3,1.19,0.0,1.93,1.7,7,0,0,0,0,0.0,0.0,0.7
Gabe Nabers,FA,RB,58.0,7,3,0.43,8,1.14,2.67,4,1.14,0,0.0,0,0.0,3,0.43,3,0.43,17,2.43,5.67,0,0.0,6,0.86,6,0.86,0,0.0,0.0,0.84,2.5,0.36,0.2,0.39,0.73,7,0,0,0,0,0.0,0.0,0.42,4.0,0.57,0.2,0.77,1.0,7,0,0,0,0,0.0,0.0,0.52,5.5,0.79,0.2,1.16,1.28,7,0,0,0,0,0.0,0.0,0.63
Reggie Gilliam,BUF,RB,3.0,8,3,0.38,3,0.38,1.0,2,0.38,0,0.0,0,0.0,3,0.38,5,0.62,23,2.88,7.67,0,0.0,6,0.75,8,1.0,0,0.0,0.0,0.88,2.6,0.32,0.1,0.4,0.66,8,0,0,0,0,0.0,0.0,0.39,4.1,0.51,0.1,0.66,0.93,8,0,0,0,0,0.0,0.0,0.5,5.6,0.7,0.1,0.91,1.21,8,0,0,0,0,0.0,0.0,0.61
Kylin Hill,FA,RB,52.0,8,10,1.25,24,3.0,2.4,8,2.0,0,0.0,0,0.0,1,0.12,2,0.25,5,0.62,5.0,0,0.0,11,1.38,12,1.5,0,0.0,0.0,0.88,2.9,0.36,0.1,0.51,0.69,8,0,0,0,0,0.0,0.0,0.45,3.4,0.42,0.1,0.56,0.8,8,0,0,0,0,0.0,0.0,0.49,3.9,0.49,0.1,0.65,0.91,8,0,0,0,0,0.0,0.0,0.54
Dwayne Washington,NO,RB,6.0,8,4,0.5,16,2.0,4.0,5,1.5,0,0.0,0,0.0,2,0.25,2,0.25,12,1.5,6.0,0,0.0,6,0.75,6,0.75,0,0.0,0.0,0.88,2.8,0.35,0.0,0.49,0.68,8,0,0,0,0,0.0,0.0,0.34,3.8,0.48,0.0,0.69,0.85,8,0,0,0,0,0.0,0.0,0.41,4.8,0.6,0.0,0.91,1.04,8,0,0,0,0,0.0,0.0,0.48
Anthony McFarland Jr.,PIT,RB,4.0,3,3,1.0,3,1.0,1.0,3,1.33,0,0.0,0,0.0,1,0.33,1,0.33,11,3.67,11.0,0,0.0,4,1.33,4,1.33,0,0.0,0.0,0.56,1.4,0.47,0.1,0.72,0.82,3,0,0,0,0,0.0,0.0,0.3,1.9,0.63,0.1,1.01,1.03,3,0,0,0,0,0.0,0.0,0.36,2.4,0.8,0.1,1.3,1.26,3,0,0,0,0,0.0,0.0,0.42
Mekhi Sargent,JAC,RB,4.0,5,5,1.0,11,2.2,2.2,3,1.8,0,0.0,0,0.0,0,0.0,1,0.2,0,0.0,0.0,0,0.0,5,1.0,6,1.2,0,0.0,0.0,0.72,1.1,0.22,0.2,0.18,0.55,5,0,0,0,0,0.0,0.0,0.33,1.1,0.22,0.2,0.18,0.55,5,0,0,0,0,0.0,0.0,0.33,1.1,0.22,0.2,0.18,0.57,5,0,0,0,0,0.0,0.0,0.34
Devine Ozigbo,FA,RB,55.5,2,1,0.5,-3,-1.5,-3.0,0,0.0,0,0.0,0,0.0,1,0.5,1,0.5,7,3.5,7.0,0,0.0,2,1.0,2,1.0,0,0.0,0.0,0.44,0.4,0.2,0.2,0.28,0.44,2,0,0,0,0,0.0,0.0,0.17,0.9,0.45,0.45,0.64,0.82,2,0,0,0,0,0.0,0.0,0.3,1.4,0.7,0.7,0.99,1.18,2,0,0,0,0,0.0,0.0,0.42
Derek Watt,FA,RB,61.0,11,1,0.09,1,0.09,1.0,1,0.09,0,0.0,0,0.0,3,0.27,3,0.27,15,1.36,5.0,0,0.0,4,0.36,4,0.36,0,0.0,0.0,1.0,1.6,0.15,0.0,0.28,0.32,11,0,0,0,0,0.0,0.0,0.18,3.1,0.28,0.0,0.49,0.55,11,0,0,0,0,0.0,0.0,0.28,4.6,0.42,0.0,0.71,0.77,11,0,0,0,0,0.0,0.0,0.38
Jason Cabinda,DET,RB,5.0,10,3,0.3,23,2.3,7.67,21,2.3,1,0.1,0,0.0,4,0.4,7,0.7,16,1.6,4.0,1,0.1,7,0.7,10,1.0,0,0.0,0.0,0.96,0.0,0.0,0.0,0.0,0.0,10,0,0,0,0,0.0,0.0,0.1,2.0,0.2,0.0,0.35,0.43,10,0,0,0,0,0.0,0.0,0.28,4.0,0.4,0.0,0.7,0.74,10,0,0,0,0,0.0,0.0,0.42
Buddy Howell,FA,RB,55.5,5,5,1.0,11,2.2,2.2,4,0.8,0,0.0,0,0.0,0,0.0,0,0.0,0,0.0,0.0,0,0.0,5,1.0,5,1.0,0,0.0,0.0,0.72,1.1,0.22,0.0,0.49,0.42,5,0,0,0,0,0.0,0.0,0.21,1.1,0.22,0.0,0.49,0.43,5,0,0,0,0,0.0,0.0,0.21,1.1,0.22,0.0,0.49,0.44,5,0,0,0,0,0.0,0.0,0.22
Ryan Nall,FA,RB,60.0,5,1,0.2,4,0.8,4.0,4,0.8,0,0.0,0,0.0,1,0.2,1,0.2,4,0.8,4.0,0,0.0,2,0.4,2,0.4,0,0.0,0.0,0.72,0.8,0.16,0.0,0.22,0.38,5,0,0,0,0,0.0,0.0,0.15,1.3,0.26,0.0,0.4,0.54,5,0,0,0,0,0.0,0.0,0.2,1.8,0.36,0.0,0.61,0.69,5,0,0,0,0,0.0,0.0,0.25
Gary Brightwell,NYG,RB,3.0,7,1,0.14,4,0.57,4.0,4,0.57,0,0.0,0,0.0,1,0.14,1,0.14,6,0.86,6.0,0,0.0,2,0.29,2,0.29,0,0.0,0.0,0.84,1.0,0.14,0.0,0.25,0.33,7,0,0,0,0,0.0,0.0,0.15,1.5,0.21,0.0,0.42,0.44,7,0,0,0,0,0.0,0.0,0.19,2.0,0.29,0.0,0.6,0.55,7,0,0,0,0,0.0,0.0,0.23
Jake Funk,IND,RB,4.0,5,2,0.4,5,1.0,2.5,6,1.2,0,0.0,0,0.0,0,0.0,0,0.0,0,0.0,0.0,0,0.0,2,0.4,2,0.4,0,0.0,0.0,0.72,0.5,0.1,0.0,0.28,0.22,5,0,0,0,0,0.0,0.0,0.1,0.5,0.1,0.0,0.28,0.22,5,0,0,0,0,0.0,0.0,0.1,0.5,0.1,0.0,0.28,0.23,5,0,0,0,0,0.0,0.0,0.1
Nathan Cottrell,FA,RB,62.0,3,1,0.33,3,1.0,3.0,3,1.0,0,0.0,0,0.0,0,0.0,0,0.0,0,0.0,0.0,0,0.0,1,0.33,1,0.33,0,0.0,0.0,0.56,0.3,0.1,0.0,0.17,0.25,3,0,0,0,0,0.0,0.0,0.08,0.3,0.1,0.0,0.17,0.25,3,0,0,0,0,0.0,0.0,0.08,0.3,0.1,0.0,0.17,0.26,3,0,0,0,0,0.0,0.0,0.08
Kenjon Barner,FA,RB,53.0,3,4,1.33,0,0.0,0.0,1,0.33,0,0.0,0,0.0,0,0.0,0,0.0,0,0.0,0.0,0,0.0,4,1.33,4,1.33,0,0.0,0.0,0.56,0.0,0.0,0.0,0.0,0.0,3,0,0,0,0,0.0,0.0,0.07,0.0,0.0,0.0,0.0,0.0,3,0,0,0,0,0.0,0.0,0.07,0.0,0.0,0.0,0.0,0.0,3,0,0,0,0,0.0,0.0,0.07
Khari Blasingame,CHI,RB,5.0,5,3,0.6,6,1.2,2.0,3,0.6,0,0.0,0,0.0,2,0.4,2,0.4,4,0.8,2.0,0,0.0,5,1.0,5,1.0,1,0.2,0.2,0.72,-1.0,-0.2,0.0,0.71,-0.35,5,0,0,0,0,0.0,0.0,-0.04,0.0,0.0,0.0,0.88,0.0,5,0,0,0,0,0.0,0.0,0.07,1.0,0.2,0.0,1.1,0.33,5,0,0,0,0,0.0,0.0,0.18
Nick Bellore,SEA,RB,3.0,10,0,0.0,0,0.0,0.0,0,0.0,0,0.0,0,0.0,1,0.1,1,0.1,4,0.4,4.0,0,0.0,1,0.1,1,0.1,0,0.0,0.0,0.96,0.0,0.0,0.0,0.0,0.0,10,0,0,0,0,0.0,0.0,0.01,0.5,0.05,0.0,0.16,0.13,10,0,0,0,0,0.0,0.0,0.07,1.0,0.1,0.0,0.32,0.22,10,0,0,0,0,0.0,0.0,0.11
Darius Bradwell,FA,RB,59.0,2,0,0.0,0,0.0,0.0,0,0.0,0,0.0,0,0.0,0,0.0,1,0.5,0,0.0,0.0,0,0.0,0,0.0,1,0.5,0,0.0,0.0,0.44,0.0,0.0,0.0,0.0,0.0,2,0,0,0,0,0.0,0.0,0.02,0.0,0.0,0.0,0.0,0.0,2,0,0,0,0,0.0,0.0,0.02,0.0,0.0,0.0,0.0,0.0,2,0,0,0,0,0.0,0.0,0.02
Giovanni Ricci,CAR,RB,3.0,9,0,0.0,0,0.0,0.0,0,0.0,0,0.0,0,0.0,0,0.0,2,0.22,0,0.0,0.0,0,0.0,0,0.0,2,0.22,0,0.0,0.0,0.93,0.0,0.0,0.0,0.0,0.0,9,0,0,0,0,0.0,0.0,0.02,0.0,0.0,0.0,0.0,0.0,9,0,0,0,0,0.0,0.0,0.02,0.0,0.0,0.0,0.0,0.0,9,0,0,0,0,0.0,0.0,0.02
Tory Carter,FA,RB,64.0,5,0,0.0,0,0.0,0.0,0,0.0,0,0.0,0,0.0,0,0.0,1,0.2,0,0.0,0.0,0,0.0,0,0.0,1,0.2,0,0.0,0.0,0.72,0.0,0.0,0.0,0.0,0.0,5,0,0,0,0,0.0,0.0,0.01,0.0,0.0,0.0,0.0,0.0,5,0,0,0,0,0.0,0.0,0.01,0.0,0.0,0.0,0.0,0.0,5,0,0,0,0,0.0,0.0,0.01
Jacques Patrick,FA,RB,49.5,1,2,2.0,12,12.0,6.0,8,8.0,0,0.0,0,0.0,0,0.0,0,0.0,0,0.0,0.0,0,0.0,2,2.0,2,2.0,0,0.0,0.0,0.28,1.2,1.2,1.2,0.0,0.0,1,0,0,0,0,0.0,0.0,0.0,1.2,1.2,1.2,0.0,0.0,1,0,0,0,0,0.0,0.0,0.0,1.2,1.2,1.2,0.0,0.0,1,0,0,0,0,0.0,0.0,0.0
Tarik Cohen,FA,RB,73.0,1,0,0.0,0,0.0,0.0,0,0.0,0,0.0,0,0.0,0,0.0,0,0.0,0,0.0,0.0,0,0.0,0,0.0,0,0.0,0,0.0,0.0,0.28,0.0,0.0,0.0,0.0,0.0,1,0,0,0,0,0.0,0.0,0.0,0.0,0.0,0.0,0.0,0.0,1,0,0,0,0,0.0,0.0,0.0,0.0,0.0,0.0,0.0,0.0,1,0,0,0,0,0.0,0.0,0.0
Taiwan Jones,FA,RB,73.0,7,0,0.0,0,0.0,0.0,0,0.0,0,0.0,0,0.0,0,0.0,0,0.0,0,0.0,0.0,0,0.0,0,0.0,0,0.0,0,0.0,0.0,0.84,0.0,0.0,0.0,0.0,0.0,7,0,0,0,0,0.0,0.0,0.0,0.0,0.0,0.0,0.0,0.0,7,0,0,0,0,0.0,0.0,0.0,0.0,0.0,0.0,0.0,0.0,7,0,0,0,0,0.0,0.0,0.0
Sutton Smith,FA,RB,73.0,1,0,0.0,0,0.0,0.0,0,0.0,0,0.0,0,0.0,0,0.0,0,0.0,0,0.0,0.0,0,0.0,0,0.0,0,0.0,0,0.0,0.0,0.28,0.0,0.0,0.0,0.0,0.0,1,0,0,0,0,0.0,0.0,0.0,0.0,0.0,0.0,0.0,0.0,1,0,0,0,0,0.0,0.0,0.0,0.0,0.0,0.0,0.0,0.0,1,0,0,0,0,0.0,0.0,0.0
Nate McCrary,CLE,RB,4.0,1,1,1.0,-1,-1.0,-1.0,0,0.0,0,0.0,0,0.0,0,0.0,0,0.0,0,0.0,0.0,0,0.0,1,1.0,1,1.0,0,0.0,0.0,0.28,-0.1,-0.1,-0.1,0.0,0.0,1,0,0,0,0,0.0,0.0,0.0,-0.1,-0.1,-0.1,0.0,0.0,1,0,0,0,0,0.0,0.0,0.0,-0.1,-0.1,-0.1,0.0,0.0,1,0,0,0,0,0.0,0.0,0.0
J.P. Holtz,FA,RB,73.0,5,0,0.0,0,0.0,0.0,0,0.0,0,0.0,0,0.0,0,0.0,0,0.0,0,0.0,0.0,0,0.0,0,0.0,0,0.0,0,0.0,0.0,0.72,0.0,0.0,0.0,0.0,0.0,5,0,0,0,0,0.0,0.0,0.0,0.0,0.0,0.0,0.0,0.0,5,0,0,0,0,0.0,0.0,0.0,0.0,0.0,0.0,0.0,0.0,5,0,0,0,0,0.0,0.0,0.0
Jason Huntley,PIT,RB,2.0,1,13,13.0,51,51.0,3.92,18,18.0,0,0.0,0,0.0,0,0.0,1,1.0,0,0.0,0.0,0,0.0,13,13.0,14,14.0,0,0.0,0.0,0.28,5.1,5.1,5.1,0.0,0.0,1,0,0,0,0,0.0,0.0,0.0,5.1,5.1,5.1,0.0,0.0,1,0,0,0,0,0.0,0.0,0.0,5.1,5.1,5.1,0.0,0.0,1,0,0,0,0,0.0,0.0,0.0
J.K. Dobbins,BAL,RB,2.0,1,0,0.0,0,0.0,0.0,0,0.0,0,0.0,0,0.0,0,0.0,0,0.0,0,0.0,0.0,0,0.0,0,0.0,0,0.0,0,0.0,0.0,0.28,0.0,0.0,0.0,0.0,0.0,1,0,0,0,0,0.0,0.0,0.0,0.0,0.0,0.0,0.0,0.0,1,0,0,0,0,0.0,0.0,0.0,0.0,0.0,0.0,0.0,0.0,1,0,0,0,0,0.0,0.0,0.0
Trey Edmunds,FA,RB,73.0,1,0,0.0,0,0.0,0.0,0,0.0,0,0.0,0,0.0,0,0.0,0,0.0,0,0.0,0.0,0,0.0,0,0.0,0,0.0,0,0.0,0.0,0.28,0.0,0.0,0.0,0.0,0.0,1,0,0,0,0,0.0,0.0,0.0,0.0,0.0,0.0,0.0,0.0,1,0,0,0,0,0.0,0.0,0.0,0.0,0.0,0.0,0.0,0.0,1,0,0,0,0,0.0,0.0,0.0
Trey Ragas,FA,RB,42.5,1,1,1.0,9,9.0,9.0,9,9.0,0,0.0,0,0.0,2,2.0,2,2.0,6,6.0,3.0,0,0.0,3,3.0,3,3.0,0,0.0,0.0,0.28,1.5,1.5,1.5,0.0,0.0,1,0,0,0,0,0.0,0.0,0.0,2.5,2.5,2.5,0.0,0.0,1,0,0,0,0,0.0,0.0,0.0,3.5,3.5,3.5,0.0,0.0,1,0,0,0,0,0.0,0.0,0.0
Ito Smith,FA,RB,55.5,1,1,1.0,4,4.0,4.0,4,4.0,0,0.0,1,1.0,0,0.0,0,0.0,0,0.0,0.0,0,0.0,1,1.0,1,1.0,0,0.0,0.0,0.28,6.4,6.4,6.4,0.0,0.0,0,1,0,0,0,0.0,0.0,0.0,6.4,6.4,6.4,0.0,0.0,1,0,0,0,0,0.0,0.0,0.0,6.4,6.4,6.4,0.0,0.0,1,0,0,0,0,0.0,0.0,0.0
Gerrid Doaks,HOU,RB,4.5,4,0,0.0,0,0.0,0.0,0,0.0,0,0.0,0,0.0,0,0.0,0,0.0,0,0.0,0.0,0,0.0,0,0.0,0,0.0,0,0.0,0.0,0.65,0.0,0.0,0.0,0.0,0.0,4,0,0,0,0,0.0,0.0,0.0,0.0,0.0,0.0,0.0,0.0,4,0,0,0,0,0.0,0.0,0.0,0.0,0.0,0.0,0.0,0.0,4,0,0,0,0,0.0,0.0,0.0
Cullen Gillaspia,FA,RB,73.0,4,0,0.0,0,0.0,0.0,0,0.0,0,0.0,0,0.0,0,0.0,0,0.0,0,0.0,0.0,0,0.0,0,0.0,0,0.0,0,0.0,0.0,0.65,0.0,0.0,0.0,0.0,0.0,4,0,0,0,0,0.0,0.0,0.0,0.0,0.0,0.0,0.0,0.0,4,0,0,0,0,0.0,0.0,0.0,0.0,0.0,0.0,0.0,0.0,4,0,0,0,0,0.0,0.0,0.0
Damarea Crockett,DEN,RB,4.0,1,3,3.0,7,7.0,2.33,6,6.0,0,0.0,0,0.0,0,0.0,0,0.0,0,0.0,0.0,0,0.0,3,3.0,3,3.0,0,0.0,0.0,0.28,0.7,0.7,0.7,0.0,0.0,1,0,0,0,0,0.0,0.0,0.0,0.7,0.7,0.7,0.0,0.0,1,0,0,0,0,0.0,0.0,0.0,0.7,0.7,0.7,0.0,0.0,1,0,0,0,0,0.0,0.0,0.0
Spencer Brown,CAR,RB,4.0,1,0,0.0,0,0.0,0.0,0,0.0,0,0.0,0,0.0,0,0.0,0,0.0,0,0.0,0.0,0,0.0,0,0.0,0,0.0,0,0.0,0.0,0.28,0.0,0.0,0.0,0.0,0.0,1,0,0,0,0,0.0,0.0,0.0,0.0,0.0,0.0,0.0,0.0,1,0,0,0,0,0.0,0.0,0.0,0.0,0.0,0.0,0.0,0.0,1,0,0,0,0,0.0,0.0,0.0
Brian Hill,FA,RB,73.0,1,0,0.0,0,0.0,0.0,0,0.0,0,0.0,0,0.0,0,0.0,0,0.0,0,0.0,0.0,0,0.0,0,0.0,0,0.0,0,0.0,0.0,0.28,0.0,0.0,0.0,0.0,0.0,1,0,0,0,0,0.0,0.0,0.0,0.0,0.0,0.0,0.0,0.0,1,0,0,0,0,0.0,0.0,0.0,0.0,0.0,0.0,0.0,0.0,1,0,0,0,0,0.0,0.0,0.0
Sewo Olonilua,FA,RB,73.0,1,0,0.0,0,0.0,0.0,0,0.0,0,0.0,0,0.0,0,0.0,0,0.0,0,0.0,0.0,0,0.0,0,0.0,0,0.0,0,0.0,0.0,0.28,0.0,0.0,0.0,0.0,0.0,1,0,0,0,0,0.0,0.0,0.0,0.0,0.0,0.0,0.0,0.0,1,0,0,0,0,0.0,0.0,0.0,0.0,0.0,0.0,0.0,0.0,1,0,0,0,0,0.0,0.0,0.0
John Kelly Jr.,CLE,RB,2.0,1,2,2.0,13,13.0,6.5,11,11.0,0,0.0,0,0.0,0,0.0,0,0.0,0,0.0,0.0,0,0.0,2,2.0,2,2.0,0,0.0,0.0,0.28,1.3,1.3,1.3,0.0,0.0,1,0,0,0,0,0.0,0.0,0.0,1.3,1.3,1.3,0.0,0.0,1,0,0,0,0,0.0,0.0,0.0,1.3,1.3,1.3,0.0,0.0,1,0,0,0,0,0.0,0.0,0.0
Nick Bawden,NYJ,RB,3.0,1,0,0.0,0,0.0,0.0,0,0.0,0,0.0,0,0.0,1,1.0,1,1.0,20,20.0,20.0,0,0.0,1,1.0,1,1.0,0,0.0,0.0,0.28,2.0,2.0,2.0,0.0,0.0,1,0,0,0,0,0.0,0.0,0.0,2.5,2.5,2.5,0.0,0.0,1,0,0,0,0,0.0,0.0,0.0,3.0,3.0,3.0,0.0,0.0,1,0,0,0,0,0.0,0.0,0.0
Darwin Thompson,SEA,RB,4.0,2,0,0.0,0,0.0,0.0,0,0.0,0,0.0,0,0.0,0,0.0,0,0.0,0,0.0,0.0,0,0.0,0,0.0,0,0.0,0,0.0,0.0,0.44,0.0,0.0,0.0,0.0,0.0,2,0,0,0,0,0.0,0.0,0.0,0.0,0.0,0.0,0.0,0.0,2,0,0,0,0,0.0,0.0,0.0,0.0,0.0,0.0,0.0,0.0,2,0,0,0,0,0.0,0.0,0.0
Nick Ralston,FA,RB,73.0,1,0,0.0,0,0.0,0.0,0,0.0,0,0.0,0,0.0,0,0.0,0,0.0,0,0.0,0.0,0,0.0,0,0.0,0,0.0,0,0.0,0.0,0.28,0.0,0.0,0.0,0.0,0.0,1,0,0,0,0,0.0,0.0,0.0,0.0,0.0,0.0,0.0,0.0,1,0,0,0,0,0.0,0.0,0.0,0.0,0.0,0.0,0.0,0.0,1,0,0,0,0,0.0,0.0,0.0
Andrew Beck,HOU,RB,4.5,1,0,0.0,0,0.0,0.0,0,0.0,0,0.0,0,0.0,0,0.0,0,0.0,0,0.0,0.0,0,0.0,0,0.0,0,0.0,0,0.0,0.0,0.28,0.0,0.0,0.0,0.0,0.0,1,0,0,0,0,0.0,0.0,0.0,0.0,0.0,0.0,0.0,0.0,1,0,0,0,0,0.0,0.0,0.0,0.0,0.0,0.0,0.0,0.0,1,0,0,0,0,0.0,0.0,0.0
Artavis Pierce,FA,RB,73.0,1,0,0.0,0,0.0,0.0,0,0.0,0,0.0,0,0.0,0,0.0,0,0.0,0,0.0,0.0,0,0.0,0,0.0,0,0.0,0,0.0,0.0,0.28,0.0,0.0,0.0,0.0,0.0,1,0,0,0,0,0.0,0.0,0.0,0.0,0.0,0.0,0.0,0.0,1,0,0,0,0,0.0,0.0,0.0,0.0,0.0,0.0,0.0,0.0,1,0,0,0,0,0.0,0.0,0.0
Elijah McGuire,FA,RB,73.0,3,0,0.0,0,0.0,0.0,0,0.0,0,0.0,0,0.0,0,0.0,0,0.0,0,0.0,0.0,0,0.0,0,0.0,0,0.0,0,0.0,0.0,0.56,0.0,0.0,0.0,0.0,0.0,3,0,0,0,0,0.0,0.0,0.0,0.0,0.0,0.0,0.0,0.0,3,0,0,0,0,0.0,0.0,0.0,0.0,0.0,0.0,0.0,0.0,3,0,0,0,0,0.0,0.0,0.0
LeVante Bellamy,FA,RB,73.0,1,0,0.0,0,0.0,0.0,0,0.0,0,0.0,0,0.0,0,0.0,0,0.0,0,0.0,0.0,0,0.0,0,0.0,0,0.0,0,0.0,0.0,0.28,0.0,0.0,0.0,0.0,0.0,1,0,0,0,0,0.0,0.0,0.0,0.0,0.0,0.0,0.0,0.0,1,0,0,0,0,0.0,0.0,0.0,0.0,0.0,0.0,0.0,0.0,1,0,0,0,0,0.0,0.0,0.0
Pooka Williams Jr.,FA,RB,73.0,1,0,0.0,0,0.0,0.0,0,0.0,0,0.0,0,0.0,0,0.0,0,0.0,0,0.0,0.0,0,0.0,0,0.0,0,0.0,0,0.0,0.0,0.28,0.0,0.0,0.0,0.0,0.0,1,0,0,0,0,0.0,0.0,0.0,0.0,0.0,0.0,0.0,0.0,1,0,0,0,0,0.0,0.0,0.0,0.0,0.0,0.0,0.0,0.0,1,0,0,0,0,0.0,0.0,0.0
Avery Williams,ATL,RB,3.0,15,0,0.0,0,0.0,0.0,0,0.0,0,0.0,0,0.0,0,0.0,0,0.0,0,0.0,0.0,0,0.0,0,0.0,0,0.0,0,0.0,0.0,1.0,0.0,0.0,0.0,0.0,0.0,15,0,0,0,0,0.0,0.0,0.0,0.0,0.0,0.0,0.0,0.0,15,0,0,0,0,0.0,0.0,0.0,0.0,0.0,0.0,0.0,0.0,15,0,0,0,0,0.0,0.0,0.0
Raheem Mostert,MIA,RB,4.5,1,2,2.0,20,20.0,10.0,11,11.0,0,0.0,0,0.0,0,0.0,0,0.0,0,0.0,0.0,0,0.0,2,2.0,2,2.0,0,0.0,0.0,0.28,2.0,2.0,2.0,0.0,0.0,1,0,0,0,0,0.0,0.0,0.0,2.0,2.0,2.0,0.0,0.0,1,0,0,0,0,0.0,0.0,0.0,2.0,2.0,2.0,0.0,0.0,1,0,0,0,0,0.0,0.0,0.0
Reggie Bonnafon,FA,RB,42.5,1,1,1.0,4,4.0,4.0,4,4.0,0,0.0,0,0.0,2,2.0,2,2.0,12,12.0,6.0,0,0.0,3,3.0,3,3.0,0,0.0,0.0,0.28,1.6,1.6,1.6,0.0,0.0,1,0,0,0,0,0.0,0.0,0.0,2.6,2.6,2.6,0.0,0.0,1,0,0,0,0,0.0,0.0,0.0,3.6,3.6,3.6,0.0,0.0,1,0,0,0,0,0.0,0.0,0.0
B.J. Emmons,FA,RB,73.0,1,0,0.0,0,0.0,0.0,0,0.0,0,0.0,0,0.0,0,0.0,0,0.0,0,0.0,0.0,0,0.0,0,0.0,0,0.0,0,0.0,0.0,0.28,0.0,0.0,0.0,0.0,0.0,1,0,0,0,0,0.0,0.0,0.0,0.0,0.0,0.0,0.0,0.0,1,0,0,0,0,0.0,0.0,0.0,0.0,0.0,0.0,0.0,0.0,1,0,0,0,0,0.0,0.0,0.0
Rodney Smith,FA,RB,36.5,1,0,0.0,0,0.0,0.0,0,0.0,0,0.0,0,0.0,5,5.0,5,5.0,48,48.0,9.6,0,0.0,5,5.0,5,5.0,0,0.0,0.0,0.28,4.8,4.8,4.8,0.0,0.0,1,0,0,0,0,0.0,0.0,0.0,7.3,7.3,7.3,0.0,0.0,0,1,0,0,0,0.0,0.0,0.0,9.8,9.8,9.8,0.0,0.0,0,1,0,0,0,0.0,0.0,0.0
Josh Johnson,FA,RB,73.0,1,0,0.0,0,0.0,0.0,0,0.0,0,0.0,0,0.0,0,0.0,0,0.0,0,0.0,0.0,0,0.0,0,0.0,0,0.0,0,0.0,0.0,0.28,0.0,0.0,0.0,0.0,0.0,1,0,0,0,0,0.0,0.0,0.0,0.0,0.0,0.0,0.0,0.0,1,0,0,0,0,0.0,0.0,0.0,0.0,0.0,0.0,0.0,0.0,1,0,0,0,0,0.0,0.0,0.0
Brandin Bryant,BUF,RB,4.0,3,0,0.0,0,0.0,0.0,0,0.0,0,0.0,0,0.0,0,0.0,0,0.0,0,0.0,0.0,0,0.0,0,0.0,0,0.0,0,0.0,0.0,0.56,0.0,0.0,0.0,0.0,0.0,3,0,0,0,0,0.0,0.0,0.0,0.0,0.0,0.0,0.0,0.0,3,0,0,0,0,0.0,0.0,0.0,0.0,0.0,0.0,0.0,0.0,3,0,0,0,0,0.0,0.0,0.0
Jordan Wilkins,FA,RB,73.0,2,0,0.0,0,0.0,0.0,0,0.0,0,0.0,0,0.0,0,0.0,0,0.0,0,0.0,0.0,0,0.0,0,0.0,0,0.0,0,0.0,0.0,0.44,0.0,0.0,0.0,0.0,0.0,2,0,0,0,0,0.0,0.0,0.0,0.0,0.0,0.0,0.0,0.0,2,0,0,0,0,0.0,0.0,0.0,0.0,0.0,0.0,0.0,0.0,2,0,0,0,0,0.0,0.0,0.0
Sandro Platzgummer,FA,RB,73.0,3,0,0.0,0,0.0,0.0,0,0.0,0,0.0,0,0.0,0,0.0,0,0.0,0,0.0,0.0,0,0.0,0,0.0,0,0.0,0,0.0,0.0,0.56,0.0,0.0,0.0,0.0,0.0,3,0,0,0,0,0.0,0.0,0.0,0.0,0.0,0.0,0.0,0.0,3,0,0,0,0,0.0,0.0,0.0,0.0,0.0,0.0,0.0,0.0,3,0,0,0,0,0.0,0.0,0.0
Trenton Cannon,FA,RB,63.0,10,3,0.3,4,0.4,1.33,3,0.3,0,0.0,0,0.0,0,0.0,0,0.0,0,0.0,0.0,0,0.0,3,0.3,3,0.3,1,0.1,0.33,0.96,-1.6,-0.16,0.0,0.67,-0.29,10,0,0,0,0,0.0,0.0,-0.1,-1.6,-0.16,0.0,0.67,-0.29,10,0,0,0,0,0.0,0.0,-0.1,-1.6,-0.16,0.0,0.67,-0.3,10,0,0,0,0,0.0,0.0,-0.1
