Player,TEAM,POS,G,rush_ATT,rush_ATT_mean,rush_YDS,rush_YDS_mean,rush_Y/A,rush_LG,rush_LG_mean,rush_20,rush_20_mean,rush_TD,rush_TD_mean,rec_REC,rec_REC_mean,rec_TGT,rec_TGT_mean,rec_YDS,rec_YDS_mean,rec_Y/R,rec_TD,rec_TD_mean,TOU,TOU_mean,OPP,OPP_mean,FL,FL_mean,FL/T,INJCOR,FPTS,FPTS_mean,FPTS_median,FPTS_std,FPTS_adj,FPTS_bad,FPTS_poor,FPTS_okay,FPTS_good,FPTS_great,FPTS_QSRat,FPTS_GSRat,FPTS_Score,HALF,HALF_mean,HALF_median,HALF_std,HALF_adj,HALF_bad,HALF_poor,HALF_okay,HALF_good,HALF_great,HALF_QSRat,HALF_GSRat,HALF_Score,PPR,PPR_mean,PPR_median,PPR_std,PPR_adj,PPR_bad,PPR_poor,PPR_okay,PPR_good,PPR_great,PPR_QSRat,PPR_GSRat,PPR_Score
Christian McCaffrey ,SF,RB,13.05,191.4,15.01,885.75,67.82,4.54,39.6,18.65,9.3,0.55,6.3,0.53,67.75,5.25,84.05,6.35,595.5,46.51,8.86,3.55,0.25,259.15,20.26,275.45,21.37,0.0,0.0,0.0,0.96,210.56,16.37,16.01,6.88,16.6,1.15,0.6,3.3,3.7,4.3,6.18,7.5,19.39,244.44,18.99,18.65,7.76,18.78,1.15,0.6,3.3,2.55,5.45,6.18,7.5,21.24,278.31,21.61,21.09,8.78,20.9,0.55,1.2,2.05,2.5,6.75,6.18,8.75,23.32
Derrick Henry ,TEN,RB,13.95,317.1,23.3,1436.75,104.75,4.51,65.7,25.07,18.25,1.28,12.8,0.96,27.1,1.98,33.9,2.44,299.0,21.14,10.55,0.1,0.01,344.2,25.28,351.0,25.74,2.15,0.14,0.01,0.99,250.94,18.48,17.86,9.72,16.91,0.75,2.6,1.7,2.55,6.35,3.18,8.9,20.03,264.5,19.47,18.97,9.93,17.93,1.15,2.3,1.65,2.7,6.15,3.05,8.18,20.62,278.04,20.46,20.08,10.19,18.96,1.15,2.5,1.7,2.45,6.15,2.87,7.92,21.32
Austin Ekeler ,LAC,RB,16.0,192.1,11.99,857.6,53.57,4.47,54.65,16.3,7.2,0.44,11.05,0.66,91.7,5.7,111.6,6.94,684.9,42.72,7.65,5.6,0.34,283.8,17.69,303.7,18.93,2.65,0.16,0.01,1.0,249.85,15.45,14.07,8.06,14.81,1.6,3.3,1.8,4.75,4.55,3.05,6.3,16.54,295.7,18.3,18.29,8.33,17.58,0.15,3.95,2.45,3.65,5.8,3.49,9.45,20.34,341.55,21.14,22.11,8.83,20.27,0.15,2.35,3.2,2.55,7.75,5.95,10.3,24.39
Josh Jacobs ,LV,RB,16.1,297.65,18.37,1373.8,84.4,4.55,63.95,19.28,9.9,0.6,11.0,0.68,49.6,3.07,60.25,3.73,359.1,22.14,7.28,0.0,0.0,347.25,21.44,357.9,22.09,1.35,0.09,0.0,1.0,236.59,14.56,14.26,8.96,13.66,2.85,2.75,2.9,3.8,3.8,1.91,2.65,15.0,261.39,16.1,15.96,9.25,15.21,2.45,3.0,3.3,3.55,3.8,2.02,3.32,16.52,286.19,17.63,17.19,9.62,16.76,2.2,3.5,2.8,3.65,3.95,1.83,3.57,17.59
Nick Chubb ,CLE,RB,15.7,272.1,17.24,1411.15,89.87,5.22,52.4,25.37,19.0,1.24,10.8,0.69,24.6,1.56,32.7,2.06,215.8,13.66,8.81,0.85,0.05,296.7,18.8,304.8,19.3,1.1,0.07,0.0,1.0,231.59,14.75,14.02,7.39,14.46,1.4,3.0,3.2,2.55,5.55,2.87,6.75,16.44,243.9,15.53,14.51,7.51,15.34,1.65,4.0,2.4,3.4,4.25,2.0,5.93,16.35,256.2,16.3,15.06,7.68,16.22,1.3,4.7,2.3,3.15,4.25,1.71,5.72,16.73
Dalvin Cook ,MIN,RB,15.55,264.35,17.23,1206.0,78.86,4.55,75.85,21.64,13.7,0.89,8.55,0.56,38.95,2.53,54.4,3.53,295.05,19.15,7.49,1.3,0.08,303.3,19.76,318.75,20.75,3.3,0.21,0.01,1.0,203.7,13.28,12.26,7.68,12.85,2.95,3.5,1.8,3.1,4.2,2.91,3.4,14.43,223.18,14.55,13.87,7.77,14.2,2.35,3.85,3.25,1.8,4.3,3.02,3.35,15.65,242.66,15.82,15.33,7.93,15.54,3.2,3.0,3.9,1.25,4.2,3.02,2.65,16.6
Breece Hall ,NYJ,RB,7.0,80.0,11.43,463.0,66.14,5.79,62.0,26.0,7.0,1.0,4.0,0.57,19.0,2.71,31.0,4.43,218.0,31.14,11.47,1.0,0.14,99.0,14.14,111.0,15.86,1.0,0.14,0.01,0.92,96.1,13.73,13.2,6.82,13.72,1.0,1.0,2.0,1.0,2.0,2.5,3.0,13.28,105.6,15.09,13.2,6.24,15.59,0.0,1.0,4.0,1.0,1.0,6.0,2.0,15.36,115.1,16.44,15.2,5.84,17.48,0.0,1.0,4.0,1.0,1.0,6.0,2.0,16.8
Saquon Barkley ,NYG,RB,15.28,253.72,16.43,1095.11,70.72,4.24,60.5,20.39,13.33,0.86,7.56,0.48,52.28,3.41,70.56,4.61,322.72,21.17,6.2,0.67,0.05,306.0,19.84,324.28,21.04,0.28,0.02,0.0,1.0,191.89,12.42,12.17,6.77,12.45,4.33,1.33,1.72,4.06,3.83,2.24,2.52,13.7,218.03,14.12,14.19,7.28,14.06,3.5,2.44,1.44,4.06,3.83,2.2,2.58,15.15,244.17,15.82,15.78,7.86,15.66,3.44,2.22,1.72,4.06,3.83,2.24,2.78,16.49
Jonathan Taylor ,IND,RB,13.63,233.05,16.87,1143.42,81.55,4.79,70.05,23.01,14.53,0.99,8.42,0.56,32.0,2.34,42.89,3.17,216.53,15.2,6.47,0.63,0.04,265.05,19.22,275.95,20.05,2.53,0.2,0.01,1.0,185.26,12.91,11.42,8.72,12.03,3.0,2.47,2.47,1.89,3.79,2.63,3.95,13.69,201.26,14.08,13.47,9.03,13.17,3.63,1.11,3.21,2.26,3.42,2.89,3.85,15.07,217.26,15.26,15.01,9.42,14.32,3.63,0.74,3.32,2.53,3.42,2.4,4.12,15.97
Alvin Kamara ,NO,RB,14.45,221.05,15.39,895.75,62.21,4.08,30.6,15.47,4.5,0.31,4.05,0.28,58.3,4.03,78.5,5.43,506.0,34.99,8.74,3.0,0.21,279.35,19.42,299.55,20.82,2.45,0.17,0.01,1.0,177.6,12.36,11.39,8.08,11.83,3.9,2.1,3.1,3.4,1.95,2.81,2.41,13.38,206.75,14.37,13.36,8.78,13.62,3.95,1.45,2.95,3.4,2.7,2.26,2.56,14.64,235.9,16.38,14.8,9.6,15.38,3.95,1.35,2.6,3.6,2.95,2.35,2.64,15.99
Ezekiel Elliott ,FA,RB,15.55,237.3,15.29,941.85,60.54,3.96,32.7,14.53,5.0,0.32,10.9,0.7,29.85,1.88,40.7,2.57,181.75,11.46,5.81,0.8,0.05,267.15,17.18,278.0,17.86,0.85,0.05,0.0,1.0,182.61,11.72,12.49,5.56,12.35,2.95,2.5,3.35,5.5,1.25,2.06,2.57,13.39,197.54,12.66,14.07,5.66,13.4,2.85,3.15,3.15,5.2,1.2,2.16,2.43,14.46,212.46,13.61,15.17,5.86,14.44,3.45,2.2,4.35,4.5,1.05,2.31,1.95,15.27
Najee Harris ,PIT,RB,17.0,282.29,16.61,1082.82,63.69,3.83,36.29,14.25,3.76,0.22,7.0,0.41,50.71,2.98,65.06,3.83,299.0,17.59,5.8,3.0,0.18,333.0,19.59,347.35,20.43,1.41,0.08,0.01,1.0,195.5,11.5,11.05,5.26,12.27,1.88,4.24,6.12,1.88,2.88,1.97,2.78,13.04,220.85,12.99,12.55,5.36,13.94,1.59,5.24,5.82,2.18,2.18,1.75,2.39,14.11,246.21,14.49,14.19,5.67,15.51,2.29,3.82,6.24,2.47,2.18,1.97,1.79,15.35
James Conner ,ARI,RB,13.35,183.0,13.7,752.5,56.49,4.12,29.7,14.53,3.7,0.28,8.75,0.64,42.05,3.18,50.75,3.85,307.8,23.01,7.43,1.5,0.11,225.05,16.87,233.75,17.54,0.65,0.05,0.0,1.0,166.23,12.35,12.04,6.38,12.57,2.25,2.45,3.2,2.3,3.15,1.88,2.62,13.2,187.26,13.94,12.9,6.94,14.07,2.25,2.7,3.1,2.5,2.8,1.7,2.52,14.02,208.28,15.53,14.28,7.6,15.54,2.25,2.75,3.05,2.5,2.8,1.67,2.52,15.15
Joe Mixon ,CIN,RB,14.4,226.0,15.89,896.5,62.56,3.94,37.45,14.83,6.8,0.49,8.0,0.55,50.35,3.51,61.85,4.32,371.25,25.74,7.35,2.2,0.15,276.35,19.41,287.85,20.22,0.35,0.03,0.0,0.99,187.27,12.98,10.93,10.43,11.77,2.65,3.8,3.95,1.45,2.55,1.22,2.42,12.2,212.45,14.73,11.93,10.76,13.37,1.75,4.6,2.85,2.65,2.55,1.27,3.44,13.51,237.62,16.49,13.5,11.17,14.97,1.8,4.15,2.0,3.9,2.55,1.47,4.03,15.0
Aaron Jones ,GB,RB,16.15,202.45,12.54,1036.95,64.16,5.1,46.35,18.8,10.2,0.64,3.9,0.25,55.55,3.44,69.15,4.29,393.95,24.48,7.13,4.85,0.3,258.0,15.98,271.6,16.82,2.15,0.13,0.01,1.0,192.49,11.98,9.5,8.11,11.46,4.85,2.85,2.4,3.15,2.9,1.3,1.71,11.14,220.26,13.7,12.15,8.44,13.13,4.25,2.6,3.2,2.95,3.15,1.52,1.92,13.04,248.04,15.42,14.26,8.85,14.79,3.95,2.55,3.65,3.0,3.0,1.88,1.95,14.73
Dameon Pierce ,HOU,RB,13.0,220.0,16.92,939.0,72.23,4.27,75.0,23.0,13.0,1.0,4.0,0.31,30.0,2.31,39.0,3.0,165.0,12.69,5.5,1.0,0.08,250.0,19.23,259.0,19.92,2.0,0.15,0.01,1.0,136.4,10.49,11.1,5.7,10.97,3.0,1.0,5.0,3.0,1.0,2.25,1.33,12.28,151.4,11.65,11.8,6.03,12.14,3.0,1.0,6.0,2.0,1.0,2.25,1.0,12.94,166.4,12.8,12.5,6.44,13.28,3.0,2.0,5.0,2.0,1.0,1.6,1.0,13.35
Kenneth Walker III ,SEA,RB,15.0,228.0,15.2,1050.0,70.0,4.61,74.0,27.6,21.0,1.4,9.0,0.6,27.0,1.8,35.0,2.33,165.0,11.0,6.11,0.0,0.0,255.0,17.0,263.0,17.53,0.0,0.0,0.0,1.0,175.5,11.7,11.2,7.97,11.25,4.0,2.0,3.0,4.0,2.0,1.5,1.5,11.86,189.0,12.6,11.7,7.82,12.31,4.0,2.0,5.0,2.0,2.0,1.5,1.0,12.36,202.5,13.5,13.2,7.76,13.37,4.0,1.0,6.0,2.0,2.0,2.0,1.0,13.63
Leonard Fournette ,FA,RB,15.15,181.35,11.93,698.1,46.21,3.84,34.2,12.24,3.75,0.26,4.55,0.31,68.45,4.5,80.5,5.31,476.7,31.25,6.93,2.3,0.15,249.8,16.43,261.85,17.24,0.05,0.0,0.0,1.0,157.88,10.46,8.41,7.13,10.32,3.9,4.55,2.1,2.9,1.7,0.81,1.46,9.98,192.1,12.71,11.08,7.82,12.4,2.9,4.6,3.65,1.7,2.3,1.05,1.76,12.08,226.33,14.96,13.1,8.6,14.43,2.3,4.5,3.45,1.85,3.05,1.59,2.53,14.16
D'Andre Swift ,DET,RB,13.63,114.26,8.45,559.53,41.16,5.01,52.26,16.57,8.58,0.62,5.32,0.39,51.47,3.79,70.74,5.2,402.21,29.59,7.85,2.63,0.19,165.74,12.24,185.0,13.64,0.47,0.04,0.0,1.0,144.17,10.59,9.56,6.82,10.59,3.89,4.26,1.05,2.32,2.11,0.84,1.13,10.13,169.91,12.49,11.83,7.09,12.5,3.79,3.11,2.32,1.79,2.63,1.06,1.18,11.92,195.65,14.39,13.7,7.45,14.39,2.63,2.89,3.68,1.53,2.89,1.5,1.79,13.8
Rhamondre Stevenson ,NE,RB,15.53,187.35,11.98,912.35,58.04,4.84,40.76,16.56,8.76,0.52,5.0,0.33,52.82,3.21,67.41,4.1,333.35,20.49,6.89,0.71,0.04,240.18,15.19,254.76,16.07,1.0,0.07,0.0,1.0,156.81,9.95,8.06,6.97,9.91,5.29,3.41,2.0,2.82,2.0,0.78,0.94,9.42,183.22,11.55,9.73,7.34,11.49,5.29,1.29,3.41,3.53,2.0,1.44,1.09,11.09,209.63,13.16,11.91,7.85,13.02,5.59,0.29,4.12,2.82,2.71,1.84,1.07,12.77
Antonio Gibson ,WAS,RB,15.16,179.89,11.79,701.42,46.02,3.86,23.95,12.27,2.53,0.17,4.89,0.33,43.89,2.9,54.95,3.63,326.32,21.55,7.41,2.05,0.13,223.79,14.69,234.84,15.43,1.26,0.08,0.0,1.0,142.46,9.37,8.2,5.0,10.12,5.89,1.63,4.0,2.42,1.21,1.04,0.78,9.58,164.41,10.83,9.7,5.42,11.58,5.68,2.47,2.74,2.89,1.37,0.9,1.0,10.76,186.35,12.27,11.03,5.94,12.99,4.42,3.74,2.74,3.16,1.11,0.9,1.1,11.88
David Montgomery ,DET,RB,15.4,213.65,13.96,844.3,55.11,3.95,37.8,14.17,4.45,0.3,5.85,0.38,37.55,2.46,45.3,2.97,317.9,20.72,8.55,0.85,0.05,251.2,16.42,258.95,16.93,1.65,0.1,0.01,1.0,153.07,10.0,7.83,6.32,10.16,5.2,3.45,2.2,1.8,2.75,0.84,1.35,9.64,171.84,11.23,9.28,6.67,11.39,4.7,3.75,2.9,1.75,2.3,0.88,1.35,10.73,190.62,12.46,10.9,7.12,12.58,4.35,4.1,2.3,2.7,1.95,0.88,1.32,11.85
Tony Pollard ,DAL,RB,15.7,162.7,10.32,850.2,53.98,5.21,55.1,19.76,13.95,0.88,6.4,0.4,36.7,2.34,49.5,3.15,331.5,21.09,8.91,1.95,0.12,199.4,12.66,212.2,13.47,0.05,0.0,0.0,1.0,169.77,10.75,8.58,7.91,10.32,5.3,2.7,3.0,1.25,3.45,1.16,1.12,9.77,188.12,11.92,9.9,8.26,11.47,5.3,2.7,3.6,0.65,3.45,1.16,0.97,10.72,206.47,13.09,11.53,8.69,12.6,5.35,2.65,3.35,1.55,2.8,1.16,1.02,11.83
Miles Sanders ,CAR,RB,15.2,215.0,13.93,1077.5,70.28,5.07,44.95,19.47,11.4,0.76,7.35,0.45,23.8,1.64,32.45,2.26,131.45,9.28,5.07,0.15,0.01,238.8,15.56,247.45,16.17,1.7,0.11,0.01,1.0,163.5,10.56,8.15,7.4,10.35,5.55,3.1,1.8,2.6,2.15,0.79,0.93,9.64,175.4,11.37,9.51,7.65,11.21,5.9,2.75,2.15,2.25,2.15,0.79,0.83,10.51,187.3,12.2,10.8,7.94,12.06,6.15,3.1,2.4,1.4,2.15,0.67,0.67,11.27
Jamaal Williams ,NO,RB,15.55,212.7,13.42,863.15,54.42,4.06,44.55,15.38,6.5,0.39,11.2,0.68,18.75,1.29,22.35,1.51,119.3,8.18,6.24,0.35,0.02,231.45,14.71,235.05,14.93,1.2,0.07,0.01,1.0,166.74,10.42,8.86,6.54,10.46,4.7,2.9,3.3,1.0,3.65,1.23,1.13,10.12,176.12,11.07,9.34,6.92,11.09,6.1,2.95,1.75,1.45,3.3,0.72,0.79,10.22,185.5,11.71,9.63,7.38,11.71,6.25,3.4,1.6,1.0,3.3,0.61,0.71,10.51
Travis Etienne Jr. ,JAC,RB,17.0,220.0,12.94,1125.0,66.18,5.11,62.0,22.59,18.0,1.06,5.0,0.29,35.0,2.06,45.0,2.65,316.0,18.59,9.03,0.0,0.0,255.0,15.0,265.0,15.59,3.0,0.18,0.01,1.0,170.1,10.01,7.5,7.23,9.86,6.0,3.0,4.0,1.0,3.0,0.89,0.67,9.11,187.6,11.04,9.0,7.46,10.91,6.0,3.0,4.0,1.0,3.0,0.89,0.67,10.13,205.1,12.06,10.5,7.72,11.96,5.0,4.0,4.0,1.0,3.0,0.89,0.8,11.19
Brian Robinson Jr. ,WAS,RB,12.0,205.0,17.08,797.0,66.42,3.89,24.0,13.67,2.0,0.17,2.0,0.17,9.0,0.75,12.0,1.0,60.0,5.0,6.67,1.0,0.08,214.0,17.83,217.0,18.08,0.0,0.0,0.0,1.0,103.7,8.64,8.65,5.05,9.31,5.0,2.0,3.0,1.0,1.0,0.71,0.4,9.45,108.2,9.02,9.15,5.22,9.74,5.0,2.0,4.0,1.0,0.0,0.71,0.2,9.77,112.7,9.39,9.65,5.43,10.17,5.0,3.0,3.0,1.0,0.0,0.5,0.2,10.04
Cordarrelle Patterson ,ATL,RB,14.2,131.9,9.49,599.85,43.5,4.57,37.35,13.53,4.5,0.33,6.4,0.47,28.25,1.95,39.2,2.71,227.55,15.28,7.13,1.25,0.08,160.15,11.43,171.1,12.21,0.6,0.05,0.01,1.0,125.87,9.02,8.58,5.71,9.06,5.2,2.3,3.3,1.45,1.95,1.12,1.05,9.1,140.0,10.0,9.2,6.11,10.08,5.8,2.3,2.45,1.7,1.95,0.93,0.91,9.63,154.12,10.97,9.71,6.57,11.04,5.8,2.9,1.6,1.95,1.95,0.79,0.98,10.16
Tyler Allgeier ,ATL,RB,16.0,210.0,13.12,1035.0,64.69,4.93,44.0,20.0,12.0,0.75,3.0,0.19,16.0,1.0,17.0,1.06,139.0,8.69,8.69,1.0,0.06,226.0,14.12,227.0,14.19,0.0,0.0,0.0,1.0,143.4,8.96,8.4,5.73,9.35,7.0,1.0,4.0,3.0,1.0,1.0,0.57,9.16,151.4,9.46,8.9,5.86,9.93,8.0,0.0,5.0,2.0,1.0,1.0,0.38,9.54,159.4,9.96,9.2,6.06,10.5,8.0,2.0,4.0,1.0,1.0,0.6,0.25,9.66
Devin Singletary ,HOU,RB,16.65,176.95,10.65,818.15,49.33,4.63,38.3,16.45,7.7,0.46,5.05,0.3,38.05,2.29,50.75,3.05,261.6,15.72,6.89,0.95,0.06,215.0,12.94,227.7,13.71,1.95,0.12,0.01,1.0,140.07,8.43,7.6,5.57,8.86,6.65,4.25,1.8,2.8,1.15,0.56,0.61,8.39,159.1,9.57,8.74,5.9,10.03,6.3,4.35,2.05,3.4,0.55,0.6,0.64,9.33,178.12,10.71,9.77,6.37,11.14,5.4,5.9,2.2,2.0,1.15,0.5,0.63,10.14
Myles Gaskin ,MIA,RB,14.0,148.12,10.55,545.12,39.47,3.7,28.62,11.65,2.75,0.2,2.75,0.2,41.75,2.95,52.62,3.71,249.62,19.21,6.26,3.0,0.2,189.88,13.5,200.75,14.26,1.12,0.09,0.0,0.99,111.72,8.1,6.39,6.12,8.27,6.88,2.12,1.75,2.37,0.87,0.87,1.0,7.94,132.6,9.57,7.54,6.75,9.67,6.25,2.5,2.0,2.37,0.87,1.28,1.02,9.17,153.48,11.05,9.24,7.45,11.04,5.62,2.5,2.62,2.37,0.87,1.36,1.06,10.44
Melvin Gordon III ,FA,RB,12.1,134.35,10.68,549.5,42.55,3.9,35.4,12.55,3.1,0.2,4.5,0.34,27.3,2.33,35.85,3.04,217.65,18.99,8.1,0.65,0.04,161.65,13.01,170.2,13.72,2.5,0.21,0.02,1.0,102.64,8.03,7.34,5.02,8.6,4.15,3.55,2.05,1.65,0.7,0.57,0.95,8.27,116.29,9.19,8.48,5.49,9.76,4.3,3.4,2.4,1.45,0.55,0.57,0.63,9.11,129.94,10.35,9.86,6.01,10.9,4.4,2.55,3.5,1.05,0.6,0.77,0.5,10.19
Damien Harris ,BUF,RB,11.95,134.53,11.08,609.0,50.1,4.49,40.11,15.26,6.21,0.48,6.05,0.45,16.0,1.35,20.53,1.74,101.47,8.43,6.63,0.0,0.0,150.53,12.42,155.05,12.82,0.53,0.03,0.0,1.0,106.31,8.52,7.42,5.41,8.97,5.26,1.37,2.37,2.42,0.53,1.07,1.01,8.62,114.31,9.19,8.36,5.46,9.77,5.26,2.11,2.26,1.79,0.53,0.68,0.91,9.1,122.31,9.86,9.4,5.54,10.59,5.63,1.74,2.37,1.68,0.53,0.68,0.61,9.77
Raheem Mostert ,MIA,RB,14.93,167.8,11.35,833.73,56.45,4.98,67.0,18.95,8.47,0.58,3.2,0.22,27.87,1.88,37.6,2.51,194.4,13.45,7.37,1.87,0.12,195.67,13.23,205.4,13.87,1.07,0.07,0.0,0.99,131.08,8.89,7.43,5.84,9.24,5.47,4.53,0.4,3.33,1.2,0.51,0.96,8.48,145.01,9.83,8.06,6.4,10.1,5.6,4.47,0.33,4.2,0.33,0.49,0.83,9.03,158.95,10.77,8.57,7.05,10.93,6.4,3.73,1.07,2.6,1.13,0.48,0.62,9.5
Clyde Edwards-Helaire ,KC,RB,10.32,95.21,9.08,411.32,39.18,4.29,40.58,13.04,3.58,0.35,3.37,0.33,19.53,1.87,26.26,2.49,157.68,15.05,8.11,2.53,0.25,114.74,10.95,121.47,11.58,0.53,0.05,0.0,1.0,91.74,8.83,7.24,6.76,8.93,3.89,2.32,1.47,1.16,1.47,0.66,0.94,8.19,101.51,9.77,8.17,7.08,9.88,3.89,2.11,1.84,1.11,1.37,0.72,0.86,8.96,111.27,10.7,9.14,7.48,10.83,3.89,1.89,2.05,1.21,1.26,0.84,0.86,9.78
James Robinson ,NE,RB,12.11,137.89,11.2,582.89,46.87,4.14,51.79,16.4,7.74,0.65,4.74,0.37,20.26,1.58,27.26,2.12,126.84,9.69,5.55,1.58,0.14,158.16,12.79,165.16,13.32,0.63,0.04,0.0,1.0,107.82,8.65,6.19,7.08,8.57,5.84,0.58,1.58,2.26,1.84,0.97,1.22,8.03,117.95,9.44,7.34,7.49,9.33,5.74,0.68,2.21,2.37,1.11,0.97,1.13,8.77,128.08,10.24,8.5,7.95,10.08,5.47,1.11,2.16,2.68,0.68,1.01,1.1,9.55
J.K. Dobbins ,BAL,RB,9.0,98.0,11.13,560.71,63.38,5.7,48.0,20.37,8.14,0.9,3.0,0.3,8.57,0.93,10.29,1.09,53.14,5.64,6.1,0.86,0.1,106.57,12.06,108.29,12.22,0.0,0.0,0.0,0.96,85.1,9.39,8.24,6.59,9.46,4.29,1.0,1.29,0.57,1.86,0.68,0.55,8.42,89.39,9.84,8.31,6.85,9.93,4.29,1.0,1.71,1.0,1.0,0.68,0.48,8.61,93.67,10.3,8.43,7.17,10.42,4.14,1.14,1.71,1.0,1.0,0.68,0.49,8.85
Latavius Murray ,FA,RB,14.2,154.25,10.88,678.7,47.88,4.38,47.8,13.77,7.25,0.51,5.75,0.41,22.7,1.59,29.0,2.04,127.3,8.91,5.92,0.15,0.01,176.95,12.48,183.25,12.92,0.0,0.0,0.0,1.0,117.2,8.27,6.5,5.78,8.62,5.15,3.95,3.35,0.6,1.15,0.59,0.46,7.75,128.55,9.06,7.68,5.77,9.58,6.6,3.35,1.9,1.2,1.15,0.45,0.42,8.52,139.9,9.86,8.75,5.81,10.53,6.7,3.5,1.65,2.15,0.2,0.42,0.42,9.32
Elijah Mitchell ,SF,RB,7.06,92.65,11.43,480.18,62.99,5.74,37.59,19.09,4.06,0.5,2.88,0.41,7.71,0.89,8.71,1.06,45.24,4.35,3.77,0.29,0.02,100.35,12.31,101.35,12.48,0.0,0.0,0.0,0.92,71.6,9.31,7.62,5.98,9.59,2.71,1.88,0.0,1.59,0.88,0.47,1.12,8.03,75.45,9.76,8.03,5.95,10.16,2.71,1.88,0.0,1.88,0.59,0.47,1.12,8.41,79.31,10.2,8.76,5.97,10.73,2.71,1.59,0.59,1.88,0.29,0.59,0.97,8.92
Kareem Hunt ,FA,RB,14.25,115.25,8.26,470.35,34.83,4.15,26.75,12.38,2.35,0.19,3.75,0.31,32.15,2.37,40.45,2.96,214.15,16.33,6.76,1.15,0.07,147.4,10.62,155.7,11.21,0.0,0.0,0.0,0.99,98.35,7.48,7.31,5.65,7.75,6.75,4.35,1.05,0.7,1.4,0.45,0.52,7.36,114.42,8.66,8.64,6.15,8.91,6.7,4.3,1.15,0.8,1.3,0.49,0.52,8.35,130.5,9.84,9.81,6.69,10.05,7.25,3.65,1.45,0.6,1.3,0.52,0.46,9.27
Javonte Williams ,DEN,RB,7.82,92.88,11.81,409.59,51.62,4.37,26.41,15.55,3.24,0.19,1.18,0.07,23.94,3.57,31.12,4.8,146.59,18.88,5.51,0.88,0.05,116.82,15.37,124.0,16.61,1.0,0.19,0.01,0.89,65.97,7.39,7.47,3.7,8.64,2.18,3.88,0.88,0.29,0.59,0.16,0.18,7.39,77.94,9.17,8.47,5.05,9.99,1.88,3.47,1.59,0.29,0.59,0.39,0.22,8.35,89.91,10.96,9.47,6.7,11.26,1.88,3.47,0.59,1.59,0.29,0.39,1.0,9.32
Isiah Pacheco ,KC,RB,17.0,170.0,10.0,830.0,48.82,4.88,31.0,12.06,4.0,0.24,5.0,0.29,13.0,0.76,14.0,0.82,130.0,7.65,10.0,0.0,0.0,183.0,10.76,184.0,10.82,2.0,0.12,0.01,1.0,122.0,7.18,7.7,5.02,7.74,6.0,5.0,4.0,2.0,0.0,0.55,0.33,7.62,128.5,7.56,8.2,5.17,8.18,8.0,3.0,4.0,2.0,0.0,0.55,0.25,7.97,135.0,7.94,8.7,5.36,8.63,8.0,3.0,6.0,0.0,0.0,0.55,0.0,8.29
Cam Akers ,LAR,RB,14.57,181.86,12.47,763.0,52.35,4.2,44.71,15.07,6.57,0.46,6.29,0.43,12.71,0.88,17.43,1.2,117.86,8.15,9.31,0.14,0.01,194.57,13.34,199.29,13.66,1.86,0.12,0.01,1.0,122.94,8.41,6.19,8.13,8.06,5.86,3.14,3.43,0.29,1.86,0.62,0.37,7.46,129.3,8.85,7.09,8.44,8.49,7.0,2.86,2.71,1.0,1.0,0.48,0.29,7.91,135.66,9.29,8.0,8.78,8.93,7.0,2.86,2.86,1.0,0.86,0.48,0.27,8.44
Darrell Henderson Jr. ,FA,RB,11.15,95.0,8.38,411.55,36.04,4.22,26.15,11.14,1.5,0.12,3.55,0.32,19.25,1.75,25.9,2.34,122.95,10.99,6.57,0.85,0.07,114.25,10.12,120.9,10.71,0.0,0.0,0.0,1.0,79.85,7.02,6.58,4.81,7.56,5.9,1.9,1.8,0.75,0.8,0.54,0.36,7.09,89.48,7.9,7.59,4.91,8.57,5.75,2.65,0.95,1.2,0.6,0.45,0.54,7.9,99.1,8.77,8.89,5.16,9.53,5.5,2.3,1.8,1.05,0.5,0.54,0.66,8.87
AJ Dillon ,GB,RB,16.37,171.53,10.24,723.11,43.35,4.3,29.68,12.27,3.0,0.19,5.95,0.35,26.84,1.59,37.11,2.19,214.68,12.7,8.18,0.53,0.03,198.37,11.83,208.63,12.43,0.26,0.02,0.0,1.0,132.09,7.9,6.31,6.0,8.18,7.05,3.58,2.05,2.42,1.26,0.54,0.55,7.45,145.52,8.7,6.75,6.42,8.94,7.42,4.11,1.16,2.42,1.26,0.42,0.54,7.86,158.94,9.49,7.27,6.91,9.69,8.84,2.68,1.16,2.42,1.26,0.42,0.42,8.34
Jeff Wilson Jr. ,MIA,RB,13.6,139.3,9.97,654.75,45.9,4.53,33.5,13.76,7.05,0.45,4.4,0.32,16.4,1.14,27.25,1.86,133.75,9.06,7.74,0.95,0.07,155.7,11.11,166.55,11.83,1.4,0.09,0.01,1.0,108.15,7.63,6.31,6.53,7.71,6.35,1.95,3.35,0.35,1.6,0.62,0.31,7.15,116.35,8.2,7.31,6.8,8.3,6.35,2.55,2.8,0.9,1.0,0.51,0.31,7.74,124.55,8.77,8.13,7.09,8.9,6.35,2.55,2.85,0.95,0.9,0.51,0.3,8.3
Kenyan Drake ,FA,RB,12.4,113.55,8.96,489.05,38.68,4.3,40.15,14.2,7.05,0.57,4.3,0.34,22.7,1.82,32.1,2.58,157.1,12.66,6.46,0.85,0.07,136.25,10.78,145.65,11.54,0.15,0.01,0.0,1.0,95.32,7.57,5.28,7.38,7.41,7.5,0.65,1.45,1.0,1.8,0.55,0.4,6.6,106.66,8.48,6.25,7.66,8.33,6.85,1.35,2.0,1.0,1.2,0.52,0.37,7.34,118.01,9.38,7.2,7.99,9.24,6.7,1.2,1.8,1.75,0.95,0.58,0.48,8.13
Michael Carter ,NYJ,RB,15.41,123.71,8.11,471.71,31.16,3.77,33.82,11.71,4.47,0.3,3.29,0.22,39.53,2.56,54.29,3.54,298.88,19.53,7.61,0.0,0.0,163.24,10.68,178.0,11.66,1.0,0.06,0.01,1.0,94.82,6.24,5.78,4.95,6.72,8.94,3.18,1.29,1.71,0.29,0.28,0.27,6.38,114.59,7.52,6.41,5.39,8.03,7.82,4.0,1.59,1.71,0.29,0.33,0.27,7.17,134.35,8.81,6.93,5.97,9.29,8.12,3.71,1.59,1.71,0.29,0.33,0.25,7.88
Rashaad Penny ,PHI,RB,6.3,68.3,10.51,416.75,63.23,5.81,43.7,21.42,10.8,1.62,2.85,0.4,4.3,0.67,5.55,0.86,25.75,3.54,4.92,0.05,0.01,72.6,11.18,73.85,11.36,0.05,0.01,0.0,0.91,61.55,9.13,5.6,9.72,8.23,3.1,1.45,0.05,0.0,1.7,0.34,0.51,6.37,63.7,9.46,6.23,9.85,8.6,3.35,1.2,0.05,0.3,1.4,0.34,0.48,6.73,65.85,9.8,6.73,10.0,8.98,3.95,0.6,0.05,0.3,1.4,0.34,0.38,7.02
Zonovan Knight ,NYJ,RB,7.0,85.0,12.14,300.0,42.86,3.53,48.0,16.14,3.0,0.43,1.0,0.14,13.0,1.86,14.0,2.0,100.0,14.29,7.69,0.0,0.0,98.0,14.0,99.0,14.14,0.0,0.0,0.0,0.92,46.0,6.57,4.4,5.19,7.03,4.0,0.0,2.0,1.0,0.0,0.75,0.25,5.94,52.5,7.5,5.4,5.9,7.86,4.0,0.0,3.0,0.0,0.0,0.75,0.0,6.56,59.0,8.43,6.4,6.64,8.68,4.0,0.0,2.0,1.0,0.0,0.75,0.25,7.29
Chase Edmonds ,TB,RB,13.05,82.5,6.39,354.95,27.61,4.15,35.35,12.57,4.55,0.36,2.0,0.15,26.25,2.01,35.4,2.72,217.4,16.64,8.89,1.05,0.08,108.75,8.4,117.9,9.1,0.25,0.02,0.0,1.0,75.04,5.77,5.14,4.68,6.33,7.7,3.0,0.95,1.1,0.3,0.25,0.23,5.68,88.16,6.77,6.23,5.17,7.32,7.6,2.85,1.2,1.1,0.3,0.3,0.23,6.54,101.28,7.78,7.44,5.72,8.27,7.25,2.7,2.3,0.5,0.3,0.47,0.21,7.48
D'Onta Foreman ,CHI,RB,13.11,165.53,12.29,736.21,54.29,4.42,48.68,14.38,9.16,0.65,3.95,0.28,5.63,0.48,8.68,0.69,49.32,4.71,7.41,0.11,0.02,171.16,12.77,174.21,12.98,0.26,0.03,0.0,0.98,103.61,7.74,4.28,7.64,7.6,6.74,2.42,0.89,0.89,2.16,0.42,0.54,6.31,106.42,7.97,4.63,7.68,7.92,7.37,1.79,1.16,1.53,1.26,0.42,0.38,6.53,109.24,8.22,5.18,7.75,8.24,7.63,2.16,1.16,0.89,1.26,0.34,0.28,6.81
Rachaad White ,TB,RB,17.0,129.0,7.59,481.0,28.29,3.73,35.0,9.94,3.0,0.18,1.0,0.06,50.0,2.94,58.0,3.41,290.0,17.06,5.8,2.0,0.12,179.0,10.53,187.0,11.0,3.0,0.18,0.02,1.0,89.1,5.24,4.3,3.91,6.02,12.0,0.0,5.0,0.0,0.0,0.42,0.0,5.44,114.1,6.71,5.7,4.82,7.4,10.0,3.0,3.0,1.0,0.0,0.31,0.1,6.52,139.1,8.18,7.2,5.87,8.69,10.0,3.0,2.0,2.0,0.0,0.31,0.2,7.66
Gus Edwards ,BAL,RB,10.4,97.67,9.49,490.2,47.48,5.01,38.6,16.02,5.13,0.47,3.33,0.32,1.67,0.1,3.8,0.31,20.2,1.26,2.34,0.0,0.0,99.33,9.59,101.47,9.8,1.0,0.1,0.01,0.98,69.04,6.62,6.41,5.43,7.01,4.6,3.53,1.13,0.33,0.8,0.29,0.26,6.43,69.87,6.67,6.47,5.46,7.14,6.2,2.87,0.33,1.0,0.0,0.14,0.17,6.41,70.71,6.73,6.56,5.48,7.28,6.47,2.6,0.33,1.0,0.0,0.14,0.16,6.49
Jerick McKinnon ,FA,RB,14.79,57.16,3.56,233.68,14.72,4.33,29.47,7.25,2.32,0.14,1.16,0.07,42.26,2.67,54.95,3.53,378.16,23.82,8.75,6.05,0.37,99.42,6.24,112.11,7.08,0.63,0.04,0.01,0.99,104.45,6.49,4.39,6.47,6.46,8.84,1.89,1.84,0.95,1.26,0.36,0.24,5.27,125.58,7.84,5.93,7.2,7.69,7.58,3.16,1.95,0.21,1.89,0.36,0.29,6.38,146.71,9.18,7.3,7.97,8.89,7.58,3.16,1.95,0.11,2.0,0.36,0.29,7.41
J.D. McKissic ,FA,RB,10.55,35.6,3.2,156.75,14.08,4.4,27.45,7.99,1.4,0.14,0.6,0.05,36.65,3.38,50.35,4.69,273.6,24.96,7.23,0.75,0.06,72.25,6.59,85.95,7.9,0.1,0.01,0.0,0.99,52.14,4.7,4.34,3.38,5.51,7.8,1.4,0.65,0.7,0.0,0.17,0.11,4.78,70.46,6.39,6.62,4.44,7.1,6.2,2.45,1.2,0.35,0.35,0.27,0.13,6.36,88.78,8.09,8.32,5.62,8.59,5.25,2.8,0.75,1.3,0.45,0.34,0.38,7.72
Chuba Hubbard ,CAR,RB,14.59,117.65,7.95,508.94,34.75,4.51,32.35,9.82,5.12,0.36,2.88,0.19,17.24,1.16,22.88,1.53,171.88,11.82,10.67,0.29,0.02,134.88,9.12,140.53,9.49,1.0,0.07,0.01,1.0,85.14,5.78,5.38,5.31,6.17,7.0,4.0,2.88,0.71,0.0,0.32,0.1,5.76,93.76,6.37,6.0,5.66,6.76,8.12,2.88,2.59,1.0,0.0,0.32,0.13,6.24,102.38,6.95,6.59,6.08,7.33,8.12,2.88,2.59,1.0,0.0,0.32,0.13,6.71
Khalil Herbert ,CHI,RB,13.88,121.35,8.9,643.35,47.65,5.24,53.0,17.59,8.94,0.67,3.41,0.25,10.47,0.75,13.18,0.94,68.47,4.86,6.49,0.71,0.06,131.82,9.65,134.53,9.85,0.0,0.0,0.0,1.0,95.89,7.1,4.38,7.11,6.97,8.18,1.59,1.71,1.71,0.71,0.48,0.33,5.85,101.12,7.48,4.38,7.38,7.36,8.18,2.29,0.71,2.0,0.71,0.35,0.36,5.95,106.36,7.85,4.52,7.66,7.76,9.18,2.0,1.41,0.59,0.71,0.25,0.13,6.06
Mark Ingram II ,FA,RB,11.35,94.5,7.91,359.1,29.98,3.79,21.05,9.05,1.35,0.1,1.8,0.15,18.25,1.58,21.8,1.87,98.65,8.25,5.36,0.25,0.02,112.75,9.49,116.3,9.78,1.55,0.14,0.02,1.0,56.38,4.65,4.23,3.5,5.4,8.6,1.6,0.25,0.65,0.25,0.14,0.37,5.0,65.5,5.44,4.74,3.76,6.31,8.0,2.05,0.75,0.3,0.25,0.15,0.33,5.56,74.62,6.24,5.84,4.2,7.13,8.6,1.45,0.75,0.3,0.25,0.15,0.33,6.32
James Cook ,BUF,RB,17.0,91.0,5.35,525.0,30.88,5.77,33.0,13.35,7.0,0.41,2.0,0.12,21.0,1.24,32.0,1.88,180.0,10.59,8.57,1.0,0.06,112.0,6.59,123.0,7.24,1.0,0.06,0.01,1.0,86.5,5.09,4.0,4.77,5.56,11.0,3.0,2.0,1.0,0.0,0.21,0.09,4.68,97.0,5.71,5.3,5.08,6.21,11.0,3.0,2.0,1.0,0.0,0.21,0.09,5.46,107.5,6.32,5.3,5.51,6.82,10.0,5.0,1.0,1.0,0.0,0.13,0.1,5.66
Derrick Gore ,NO,RB,8.0,51.0,6.38,256.0,32.0,5.02,51.0,14.0,5.0,0.62,2.0,0.25,8.0,1.0,9.0,1.12,105.0,13.12,13.12,0.0,0.0,59.0,7.38,60.0,7.5,0.0,0.0,0.0,0.95,48.1,6.01,3.75,5.27,6.41,5.0,0.0,2.0,1.0,0.0,0.6,0.2,4.91,52.1,6.51,4.0,5.56,6.93,5.0,0.0,2.0,1.0,0.0,0.6,0.2,5.2,56.1,7.01,4.25,5.89,7.44,5.0,1.0,1.0,1.0,0.0,0.33,0.2,5.36
Samaje Perine ,DEN,RB,15.74,81.11,5.13,345.26,21.85,4.3,35.26,8.07,2.0,0.13,1.84,0.11,32.26,2.05,41.63,2.64,239.79,15.2,7.31,2.79,0.18,113.37,7.17,122.74,7.76,0.0,0.0,0.0,1.0,86.29,5.46,2.57,6.43,5.51,11.84,0.74,0.63,1.79,0.74,0.26,0.22,4.2,102.43,6.48,3.8,6.86,6.51,11.21,1.37,0.89,1.53,0.74,0.26,0.22,5.08,118.56,7.5,4.83,7.34,7.51,11.21,1.37,0.89,1.53,0.74,0.26,0.22,5.9
Malik Davis ,DAL,RB,6.0,38.0,6.33,161.0,26.83,4.24,23.0,14.5,2.0,0.33,1.0,0.17,6.0,1.0,7.0,1.17,63.0,10.5,10.5,0.0,0.0,44.0,7.33,45.0,7.5,0.0,0.0,0.0,0.9,28.4,4.73,3.95,2.46,6.1,4.0,2.0,0.0,0.0,0.0,0.0,0.0,4.29,31.4,5.23,4.8,2.49,6.8,4.0,2.0,0.0,0.0,0.0,0.0,0.0,4.85,34.4,5.73,5.8,2.64,7.44,4.0,2.0,0.0,0.0,0.0,0.0,0.0,5.44
Zack Moss ,IND,RB,13.0,95.79,7.37,429.42,33.03,4.49,34.89,12.06,3.68,0.28,2.11,0.16,14.47,1.12,18.53,1.42,86.47,6.65,5.21,0.37,0.03,110.26,8.48,114.32,8.79,0.89,0.07,0.01,1.0,64.64,4.97,2.82,5.08,5.35,8.42,2.84,0.74,0.26,0.74,0.16,0.12,4.26,71.88,5.53,3.25,5.33,5.95,8.16,3.11,0.74,0.89,0.11,0.16,0.12,4.67,79.12,6.08,3.54,5.71,6.53,8.79,2.21,1.0,1.0,0.0,0.2,0.12,5.04
Eno Benjamin ,NO,RB,11.53,64.35,5.43,255.65,21.34,3.89,37.94,9.39,2.41,0.2,1.71,0.14,19.41,1.58,26.06,2.11,148.59,12.03,7.51,0.0,0.0,83.76,7.01,90.41,7.53,0.0,0.0,0.0,0.99,52.07,4.32,3.66,4.76,4.69,8.41,1.41,1.0,0.0,0.71,0.17,0.08,4.16,61.78,5.1,4.12,5.24,5.47,8.12,2.0,0.71,0.0,0.71,0.13,0.08,4.63,71.48,5.89,4.54,5.79,6.24,6.71,3.41,0.71,0.0,0.71,0.13,0.1,5.11
Jaylen Warren ,PIT,RB,16.0,77.0,4.81,379.0,23.69,4.92,31.0,11.12,4.0,0.25,1.0,0.06,28.0,1.75,33.0,2.06,214.0,13.38,7.64,0.0,0.0,105.0,6.56,110.0,6.88,0.0,0.0,0.0,1.0,65.3,4.08,2.85,3.34,4.88,11.0,3.0,2.0,0.0,0.0,0.14,0.0,3.85,79.3,4.96,3.6,3.71,5.83,11.0,3.0,2.0,0.0,0.0,0.14,0.0,4.53,93.3,5.83,4.35,4.14,6.76,11.0,4.0,1.0,0.0,0.0,0.07,0.0,5.16
Dontrell Hilliard ,FA,RB,10.6,28.75,3.02,181.75,19.05,6.24,37.45,9.39,3.3,0.34,0.6,0.07,18.05,1.7,22.95,2.18,132.75,11.93,6.79,2.4,0.2,46.8,4.73,51.7,5.21,0.25,0.03,0.0,0.98,48.95,4.65,2.57,5.2,4.89,7.35,1.5,0.65,0.5,0.6,0.21,0.17,3.57,57.98,5.5,3.94,5.52,5.76,7.1,2.1,0.3,0.5,0.6,0.21,0.2,4.46,67.0,6.35,5.18,5.94,6.61,7.1,1.5,0.9,1.1,0.0,0.27,0.2,5.31
Boston Scott ,PHI,RB,13.9,65.2,4.92,273.1,20.61,4.15,25.2,8.47,1.65,0.12,3.9,0.31,9.95,0.76,12.5,0.95,61.15,4.74,4.67,0.1,0.01,75.15,5.67,77.7,5.86,0.3,0.03,0.0,1.0,56.82,4.37,3.64,4.93,4.64,10.05,1.1,2.05,0.1,0.6,0.32,0.12,4.08,61.8,4.74,4.22,5.11,5.04,9.95,2.05,1.2,0.35,0.35,0.21,0.12,4.43,66.78,5.13,4.47,5.32,5.45,10.45,2.1,0.65,0.35,0.35,0.18,0.12,4.68
Sony Michel ,FA,RB,11.95,93.85,6.87,365.35,26.63,3.53,23.05,8.71,1.6,0.13,1.45,0.09,11.95,0.97,17.95,1.43,79.9,6.62,7.08,0.35,0.03,105.8,7.83,111.8,8.3,0.3,0.02,0.0,1.0,54.72,4.0,3.24,3.3,4.53,8.9,1.15,0.85,0.35,0.7,0.19,0.15,4.06,60.7,4.48,3.64,3.77,5.02,9.05,1.15,0.8,0.3,0.65,0.16,0.12,4.39,66.68,4.96,4.04,4.26,5.5,9.4,1.1,0.5,0.8,0.15,0.13,0.11,4.72
Rex Burkhead ,FA,RB,14.4,56.05,3.99,197.25,14.22,3.36,17.85,4.81,0.85,0.06,1.2,0.09,32.3,2.25,43.8,3.05,202.05,14.25,6.45,0.9,0.07,88.35,6.24,99.85,7.04,0.05,0.0,0.0,1.0,52.43,3.81,2.74,4.47,4.13,11.4,1.45,1.05,0.05,0.45,0.14,0.06,3.54,68.58,4.94,3.62,5.09,5.31,11.4,1.15,1.3,0.1,0.45,0.17,0.07,4.38,84.73,6.06,4.6,5.76,6.44,11.05,0.9,1.9,0.1,0.45,0.22,0.07,5.25
Darrel Williams ,FA,RB,9.45,54.55,5.05,224.65,22.09,4.49,26.6,10.78,1.6,0.27,2.35,0.23,16.7,1.34,22.65,2.04,138.35,9.15,4.96,0.55,0.03,71.25,6.4,77.2,7.1,0.05,0.0,0.0,0.93,53.8,4.69,2.92,5.22,4.93,6.2,0.9,1.55,0.05,0.75,0.31,0.1,3.82,62.15,5.36,3.7,5.68,5.57,6.2,1.0,1.45,0.05,0.75,0.3,0.1,4.36,70.5,6.04,4.19,6.19,6.22,5.95,1.25,1.2,0.3,0.75,0.3,0.15,4.81
Alexander Mattison ,MIN,RB,16.15,92.5,5.83,359.05,22.78,3.89,25.25,8.88,1.65,0.11,4.0,0.24,18.8,1.17,22.65,1.41,128.2,8.05,6.79,0.95,0.06,111.3,7.0,115.15,7.23,0.3,0.02,0.0,1.0,77.82,4.85,2.26,5.65,5.08,11.2,1.9,1.5,0.35,1.2,0.23,0.14,3.81,87.22,5.44,3.0,5.98,5.67,11.3,2.4,0.9,0.95,0.6,0.18,0.14,4.32,96.62,6.02,3.54,6.36,6.26,11.4,2.85,0.45,0.85,0.6,0.15,0.13,4.75
David Johnson ,FA,RB,7.5,43.35,4.67,157.75,15.07,2.7,12.45,5.42,0.7,0.06,0.7,0.06,15.5,1.63,19.85,1.97,134.35,15.42,10.27,0.65,0.05,58.85,6.3,63.2,6.65,1.0,0.18,0.04,0.91,35.31,3.34,3.45,2.62,3.96,5.9,0.4,0.7,0.2,0.3,0.34,0.18,3.68,43.06,4.16,4.25,3.1,4.85,5.4,1.0,0.45,0.45,0.2,0.24,0.24,4.28,50.81,4.97,4.95,3.62,5.68,5.4,1.0,0.45,0.35,0.3,0.24,0.24,4.86
Kenneth Gainwell ,PHI,RB,16.71,57.41,3.45,255.0,15.32,4.46,14.47,6.46,0.0,0.0,4.29,0.26,25.94,1.56,35.18,2.12,193.71,11.67,7.44,0.29,0.02,83.35,5.01,92.59,5.57,0.29,0.02,0.0,1.0,72.4,4.36,2.38,4.15,4.92,12.12,1.71,2.0,0.88,0.0,0.22,0.09,3.61,85.37,5.13,3.18,4.61,5.71,11.71,2.12,2.0,0.88,0.0,0.22,0.08,4.25,98.34,5.92,4.24,5.12,6.49,11.0,3.53,1.29,0.88,0.0,0.17,0.08,4.96
Craig Reynolds ,DET,RB,6.41,32.41,5.56,139.65,23.81,4.36,25.12,11.43,1.59,0.28,0.0,0.0,8.41,1.32,9.41,1.48,97.18,14.76,11.28,0.0,0.0,40.82,6.87,41.82,7.03,0.0,0.0,0.0,0.91,23.68,3.85,3.55,3.64,4.47,5.12,0.71,0.59,0.0,0.0,0.2,0.0,3.62,27.89,4.52,4.34,4.07,5.16,5.12,0.71,0.59,0.0,0.0,0.2,0.0,4.16,32.09,5.18,5.14,4.53,5.84,4.82,0.59,1.0,0.0,0.0,0.19,0.0,4.69
Nyheim Hines ,BUF,RB,16.25,39.9,2.44,136.75,8.29,2.68,17.9,4.73,1.15,0.07,1.5,0.09,36.5,2.25,46.95,2.88,286.3,17.61,7.88,1.25,0.08,76.4,4.69,86.85,5.32,0.55,0.03,0.01,1.0,65.7,4.04,2.27,4.34,4.48,12.35,1.65,1.45,0.5,0.3,0.16,0.08,3.33,83.96,5.16,3.08,4.71,5.68,11.4,2.35,1.7,0.6,0.2,0.18,0.09,4.15,102.2,6.29,3.92,5.24,6.83,10.25,3.3,1.8,0.7,0.2,0.21,0.1,4.96
Phillip Lindsay ,FA,RB,7.2,54.0,6.35,192.4,21.97,3.32,25.25,8.27,2.0,0.15,0.7,0.05,7.05,1.45,9.85,1.97,35.25,5.47,5.39,0.25,0.02,61.05,7.79,63.85,8.31,0.0,0.0,0.0,0.89,29.66,3.54,3.22,3.05,4.27,5.65,1.05,0.15,0.25,0.1,0.05,0.1,3.5,33.19,4.26,4.25,3.58,5.0,5.7,1.1,0.1,0.2,0.1,0.04,0.06,4.09,36.72,4.99,5.35,4.14,5.72,5.25,1.5,0.3,0.05,0.1,0.05,0.03,4.71
Jeremy McNichols ,PIT,RB,13.86,42.71,3.09,169.71,12.21,3.95,15.71,6.83,0.29,0.02,0.29,0.02,23.43,1.75,32.0,2.39,187.14,14.17,7.43,0.71,0.06,66.14,4.85,74.71,5.49,0.0,0.0,0.0,1.0,41.69,3.08,2.59,2.36,4.0,11.86,2.0,0.0,0.0,0.0,0.0,0.0,3.19,53.4,3.95,3.51,3.04,4.87,11.86,1.29,0.71,0.0,0.0,0.06,0.0,3.93,65.11,4.83,4.66,3.81,5.67,11.14,2.0,0.71,0.0,0.0,0.06,0.0,4.71
Ronald Jones II ,DAL,RB,8.95,63.25,5.63,283.0,24.78,4.25,27.55,9.4,2.05,0.14,2.6,0.26,7.45,0.58,10.05,0.76,61.15,5.85,15.89,0.1,0.01,70.7,6.22,73.3,6.39,0.8,0.05,0.01,0.93,49.02,4.53,2.77,4.64,4.91,5.55,1.15,1.3,0.75,0.2,0.36,0.22,3.79,52.74,4.82,3.02,4.69,5.26,5.5,2.2,0.45,0.6,0.2,0.15,0.18,3.92,56.46,5.11,3.16,4.78,5.62,5.55,2.15,0.75,0.25,0.25,0.15,0.15,4.11
Joshua Kelley ,LAC,RB,11.16,63.95,5.55,245.37,21.12,3.78,21.05,8.66,1.05,0.08,1.47,0.12,12.58,1.07,19.79,1.68,89.37,7.68,7.23,0.0,0.0,76.53,6.63,83.74,7.24,0.47,0.05,0.01,0.99,41.37,3.5,2.71,3.15,4.2,9.58,0.63,0.32,0.63,0.0,0.09,0.06,3.52,47.66,4.04,3.01,3.28,4.84,9.37,0.95,0.21,0.63,0.0,0.07,0.06,3.89,53.95,4.58,3.65,3.47,5.48,9.37,0.95,0.84,0.0,0.0,0.07,0.0,4.38
Trey Sermon ,PHI,RB,6.0,41.0,6.83,167.0,27.83,4.07,16.0,9.67,0.0,0.0,1.0,0.17,3.0,0.5,4.0,0.67,26.0,4.33,8.67,0.0,0.0,44.0,7.33,45.0,7.5,0.0,0.0,0.0,0.9,25.3,4.22,3.15,4.3,4.73,4.0,2.0,0.0,0.0,0.0,0.0,0.0,3.51,26.8,4.47,3.4,4.58,4.99,4.0,2.0,0.0,0.0,0.0,0.0,0.0,3.69,28.3,4.72,3.65,4.88,5.25,4.0,2.0,0.0,0.0,0.0,0.0,0.0,3.88
Austin Walter ,LV,RB,4.0,26.0,6.5,101.0,25.25,3.88,14.0,10.0,0.0,0.0,1.0,0.25,2.0,0.5,3.0,0.75,9.0,2.25,4.5,0.0,0.0,28.0,7.0,29.0,7.25,0.0,0.0,0.0,0.85,17.0,4.25,3.05,4.1,4.82,3.0,0.0,1.0,0.0,0.0,0.33,0.0,3.43,18.0,4.5,3.5,3.87,5.24,3.0,1.0,0.0,0.0,0.0,0.0,0.0,3.59,19.0,4.75,4.0,3.69,5.67,3.0,1.0,0.0,0.0,0.0,0.0,0.0,3.9
Royce Freeman ,FA,RB,8.4,48.7,6.72,154.25,20.17,3.14,13.45,6.08,0.25,0.02,0.15,0.01,9.45,1.14,12.6,1.53,59.95,6.87,6.2,0.05,0.0,58.15,7.86,61.3,8.25,0.6,0.12,0.01,0.93,21.42,2.54,3.24,2.34,3.29,7.7,0.5,0.2,0.0,0.0,0.02,0.0,3.16,26.15,3.11,3.77,2.73,3.91,7.7,0.55,0.15,0.0,0.0,0.01,0.0,3.58,30.87,3.68,4.19,3.2,4.52,7.7,0.3,0.35,0.05,0.0,0.03,0.01,3.97
Ty'Son Williams ,ARI,RB,8.0,35.0,4.38,185.0,23.12,5.29,35.0,10.38,3.0,0.38,1.0,0.12,9.0,1.12,12.0,1.5,84.0,10.5,9.33,0.0,0.0,44.0,5.5,47.0,5.88,0.0,0.0,0.0,0.95,32.9,4.11,2.15,5.47,4.34,6.0,1.0,0.0,1.0,0.0,0.14,0.17,3.13,37.4,4.68,2.65,5.99,4.88,6.0,1.0,0.0,1.0,0.0,0.14,0.17,3.53,41.9,5.24,3.15,6.52,5.42,6.0,1.0,0.0,1.0,0.0,0.14,0.17,3.92
Caleb Huntley ,ATL,RB,12.0,76.0,6.33,366.0,30.5,4.82,30.0,11.92,3.0,0.25,1.0,0.08,2.0,0.17,2.0,0.17,3.0,0.25,1.5,0.0,0.0,78.0,6.5,78.0,6.5,0.0,0.0,0.0,1.0,42.9,3.58,2.7,3.59,4.19,10.0,1.0,1.0,0.0,0.0,0.09,0.0,3.45,43.9,3.66,2.7,3.53,4.36,10.0,1.0,1.0,0.0,0.0,0.09,0.0,3.52,44.9,3.74,2.75,3.48,4.53,10.0,2.0,0.0,0.0,0.0,0.0,0.0,3.56
Mike Davis ,FA,RB,9.35,56.45,4.14,202.1,13.95,2.75,13.4,5.41,0.2,0.01,1.35,0.08,18.45,1.31,23.1,1.59,105.55,6.87,3.46,0.45,0.03,74.9,5.45,79.55,5.74,0.85,0.05,0.0,0.93,39.86,2.65,2.61,2.02,3.11,6.0,2.0,0.85,0.3,0.2,0.12,0.12,2.9,49.09,3.31,3.35,2.23,3.89,6.0,1.75,1.2,0.2,0.2,0.14,0.1,3.51,58.32,3.96,4.06,2.58,4.6,5.65,1.85,1.2,0.25,0.4,0.17,0.43,4.15
Chris Evans ,CIN,RB,9.0,17.0,1.89,77.0,8.56,4.53,13.0,3.56,0.0,0.0,0.0,0.0,15.0,1.67,17.0,1.89,151.0,16.78,10.07,2.0,0.22,32.0,3.56,34.0,3.78,0.0,0.0,0.0,0.98,34.8,3.87,1.5,4.86,4.21,7.0,0.0,2.0,0.0,0.0,0.29,0.0,2.73,42.3,4.7,2.5,5.41,5.03,7.0,0.0,2.0,0.0,0.0,0.29,0.0,3.45,49.8,5.53,3.5,5.97,5.85,7.0,0.0,2.0,0.0,0.0,0.29,0.0,4.16
Deon Jackson ,IND,RB,9.94,51.82,4.77,175.71,15.71,3.15,14.94,5.71,0.0,0.0,1.0,0.12,21.18,1.76,24.0,2.0,147.53,12.3,4.92,0.71,0.06,73.0,6.53,75.82,6.76,0.71,0.06,0.01,0.96,41.15,3.74,0.71,5.23,3.95,6.82,1.0,1.41,0.0,0.71,0.23,0.08,2.63,51.74,4.62,1.91,6.18,4.7,6.82,1.0,1.41,0.0,0.71,0.23,0.08,3.42,62.32,5.5,3.14,7.18,5.43,7.12,0.71,0.71,0.71,0.71,0.23,0.18,4.23
Justin Jackson ,FA,RB,13.75,49.55,3.76,230.0,17.73,4.57,40.55,9.08,2.6,0.22,1.1,0.08,15.05,1.15,20.6,1.56,123.5,9.29,8.11,0.6,0.04,64.6,4.91,70.15,5.31,0.25,0.02,0.0,0.99,45.25,3.39,1.99,4.17,3.82,10.55,2.5,0.35,0.1,0.25,0.07,0.04,2.88,52.78,3.96,2.72,4.6,4.41,10.55,2.65,0.2,0.1,0.25,0.07,0.05,3.4,60.3,4.54,3.3,5.09,4.98,10.8,2.4,0.2,0.1,0.25,0.07,0.04,3.85
Tevin Coleman ,FA,RB,6.05,37.85,5.15,137.1,15.9,2.75,17.0,7.99,0.6,0.05,0.9,0.22,6.0,0.98,7.8,1.13,51.05,10.98,11.19,0.65,0.2,43.85,6.12,45.65,6.28,0.0,0.0,0.0,0.89,28.12,5.24,1.32,7.64,5.12,4.35,0.9,0.1,0.05,0.65,0.32,0.31,3.1,31.12,5.72,1.64,8.3,5.55,4.6,0.65,0.1,0.05,0.65,0.32,0.31,3.38,34.11,6.21,1.94,8.97,5.98,4.6,0.65,0.15,0.6,0.05,0.32,0.31,3.65
Kyle Juszczyk ,SF,RB,13.75,8.05,0.57,27.85,2.0,3.41,8.2,1.76,0.0,0.0,1.05,0.08,21.8,1.58,27.4,1.98,226.15,16.42,10.45,1.3,0.09,29.85,2.15,35.45,2.55,0.0,0.0,0.0,1.0,39.5,2.84,2.4,2.63,3.61,11.45,1.85,0.45,0.0,0.0,0.03,0.0,2.67,50.4,3.63,3.18,2.94,4.54,12.05,1.35,0.35,0.0,0.0,0.02,0.0,3.36,61.3,4.42,3.85,3.34,5.41,11.85,1.5,0.4,0.0,0.0,0.03,0.0,3.97
Ty Johnson ,FA,RB,13.05,41.8,3.13,194.55,14.77,4.86,30.6,8.39,2.65,0.21,1.2,0.09,18.5,1.37,31.8,2.38,161.15,11.7,7.98,0.6,0.04,60.3,4.49,73.6,5.5,0.3,0.02,0.0,1.0,45.77,3.4,1.79,4.17,3.82,10.85,0.65,0.35,1.2,0.0,0.13,0.11,2.89,55.02,4.08,2.21,4.57,4.54,10.0,1.5,0.95,0.6,0.0,0.13,0.06,3.34,64.27,4.77,2.51,5.08,5.22,9.75,1.5,1.1,0.7,0.0,0.16,0.08,3.75
Kyren Williams ,LAR,RB,8.0,35.0,4.38,139.0,17.38,3.97,17.0,7.88,0.0,0.0,0.0,0.0,9.0,1.12,12.0,1.5,76.0,9.5,8.44,0.0,0.0,44.0,5.5,47.0,5.88,0.0,0.0,0.0,0.95,21.5,2.69,2.5,1.97,3.66,7.0,1.0,0.0,0.0,0.0,0.0,0.0,2.9,26.0,3.25,3.0,2.53,4.21,7.0,1.0,0.0,0.0,0.0,0.0,0.0,3.3,30.5,3.81,3.5,3.12,4.74,7.0,1.0,0.0,0.0,0.0,0.0,0.0,3.69
JaMycal Hasty ,JAC,RB,12.58,37.37,2.97,156.0,12.33,4.18,46.16,8.61,2.89,0.22,1.63,0.12,20.05,1.59,25.53,2.02,121.21,9.65,5.93,0.63,0.04,57.42,4.56,62.89,4.99,0.26,0.02,0.01,0.99,40.77,3.19,1.34,4.26,3.58,10.21,0.47,1.26,0.63,0.0,0.17,0.06,2.56,50.8,3.98,2.19,4.8,4.42,9.95,0.74,1.26,0.63,0.0,0.17,0.06,3.23,60.83,4.78,2.96,5.41,5.24,9.95,0.74,0.63,1.26,0.0,0.17,0.11,3.87
Matt Breida ,NYG,RB,13.8,50.95,3.8,219.8,16.74,4.33,24.35,8.41,0.8,0.08,0.9,0.08,15.6,1.11,19.35,1.37,104.4,8.0,7.5,0.55,0.08,66.55,4.9,70.3,5.17,0.4,0.05,0.01,0.98,40.32,3.28,1.67,3.54,3.81,11.5,1.7,0.3,0.25,0.05,0.11,0.07,2.72,48.12,3.83,2.07,3.91,4.42,10.9,2.3,0.3,0.25,0.05,0.11,0.07,3.12,55.92,4.38,2.57,4.4,4.98,11.75,1.45,0.3,0.25,0.05,0.11,0.06,3.53
Marlon Mack ,FA,RB,7.78,32.17,3.61,144.67,16.0,4.75,20.94,6.98,1.06,0.1,1.11,0.11,6.67,0.81,9.0,1.13,72.78,8.95,9.69,0.67,0.08,38.83,4.42,41.17,4.74,0.0,0.0,0.0,0.94,32.52,3.7,1.77,4.74,3.99,5.83,0.17,0.72,0.94,0.11,0.29,0.24,2.85,35.86,4.1,2.13,5.2,4.39,5.78,0.28,1.33,0.33,0.06,0.28,0.19,3.11,39.19,4.51,2.47,5.69,4.78,5.78,0.28,1.39,0.28,0.06,0.28,0.17,3.39
Malcolm Brown ,FA,RB,8.0,32.6,3.79,134.5,15.68,4.25,22.55,9.59,0.85,0.13,1.6,0.18,6.15,0.7,8.45,0.95,41.7,4.66,6.38,0.0,0.0,38.75,4.5,41.05,4.75,0.1,0.01,0.0,0.93,27.02,3.08,2.12,3.25,3.69,6.65,1.0,0.1,0.15,0.1,0.03,0.02,2.63,30.1,3.43,2.68,3.23,4.17,6.55,1.1,0.1,0.15,0.1,0.03,0.02,3.02,33.17,3.79,3.11,3.24,4.65,6.6,1.15,0.0,0.15,0.1,0.02,0.02,3.36
Jordan Wilkins ,FA,RB,6.13,25.0,3.59,107.93,15.8,4.46,13.8,6.74,0.53,0.04,0.27,0.02,6.87,1.34,9.27,1.8,40.07,6.94,5.44,0.0,0.0,31.87,4.93,34.27,5.38,0.0,0.0,0.0,0.88,16.67,2.4,2.33,2.07,3.3,5.8,0.13,0.0,0.07,0.13,0.01,0.02,2.47,20.1,3.07,3.11,2.7,3.95,5.67,0.27,0.07,0.13,0.0,0.01,0.01,2.97,23.53,3.75,3.66,3.44,4.56,5.67,0.27,0.07,0.13,0.0,0.01,0.01,3.37
Jermar Jefferson ,DET,RB,5.0,15.0,3.0,74.0,14.8,4.93,28.0,10.0,1.0,0.2,2.0,0.4,4.0,0.8,5.0,1.0,23.0,4.6,5.75,0.0,0.0,19.0,3.8,20.0,4.0,0.0,0.0,0.0,0.88,21.7,4.34,1.8,4.77,4.74,3.0,1.0,1.0,0.0,0.0,0.25,0.0,2.75,23.7,4.74,1.8,5.3,5.1,3.0,1.0,1.0,0.0,0.0,0.25,0.0,2.87,25.7,5.14,1.8,5.92,5.45,3.0,1.0,1.0,0.0,0.0,0.25,0.0,3.0
Salvon Ahmed ,MIA,RB,7.95,29.68,3.69,113.21,14.94,4.54,14.42,6.27,0.21,0.03,0.95,0.14,4.95,0.57,7.11,0.79,42.26,4.59,8.2,0.0,0.0,34.63,4.26,36.79,4.48,0.0,0.0,0.0,0.94,21.44,2.85,2.01,3.47,3.35,6.89,0.11,0.74,0.11,0.11,0.21,0.11,2.55,23.92,3.13,2.43,3.52,3.71,6.89,0.74,0.11,0.11,0.11,0.11,0.11,2.8,26.39,3.42,2.77,3.61,4.05,6.89,0.63,0.32,0.11,0.0,0.21,0.05,3.1
Brandon Bolden ,LV,RB,13.28,24.39,1.77,110.56,7.84,4.27,15.83,4.49,0.61,0.04,0.44,0.03,18.56,1.3,20.89,1.44,160.0,10.89,7.56,1.28,0.09,42.94,3.06,45.28,3.21,0.0,0.0,0.0,1.0,37.94,2.64,1.21,3.33,3.07,11.28,1.33,0.11,0.28,0.28,0.05,0.05,2.07,47.22,3.29,2.0,3.67,3.78,10.78,1.89,0.06,0.56,0.0,0.04,0.06,2.67,56.5,3.94,2.69,4.08,4.47,10.78,1.89,0.06,0.56,0.0,0.04,0.06,3.22
Jonathan Williams ,WAS,RB,7.89,32.11,3.99,136.33,17.1,4.3,24.39,7.91,1.11,0.15,0.33,0.06,6.06,0.77,8.61,1.1,37.72,4.88,6.41,0.0,0.0,38.17,4.76,40.72,5.09,0.0,0.0,0.0,0.95,19.41,2.57,1.77,2.78,3.22,7.5,0.0,0.28,0.06,0.06,0.09,0.02,2.42,22.43,2.95,2.05,3.08,3.65,7.5,0.28,0.0,0.11,0.0,0.02,0.02,2.65,25.46,3.34,2.33,3.43,4.07,7.5,0.28,0.06,0.06,0.0,0.02,0.01,2.9
Tyrion Davis-Price ,SF,RB,5.0,34.0,6.8,99.0,19.8,2.91,20.0,9.4,1.0,0.2,0.0,0.0,0.0,0.0,2.0,0.4,0.0,0.0,0.0,0.0,0.0,34.0,6.8,36.0,7.2,0.0,0.0,0.0,0.88,9.9,1.98,2.7,1.41,2.93,5.0,0.0,0.0,0.0,0.0,0.0,0.0,2.6,9.9,1.98,2.7,1.41,2.97,5.0,0.0,0.0,0.0,0.0,0.0,0.0,2.61,9.9,1.98,2.7,1.41,3.0,5.0,0.0,0.0,0.0,0.0,0.0,0.0,2.63
Tony Jones Jr. ,SEA,RB,5.06,22.94,3.94,58.71,9.82,2.47,8.18,5.09,0.0,0.0,0.0,0.0,5.0,1.33,8.0,2.12,29.71,7.91,5.94,0.0,0.0,27.94,5.26,30.94,6.06,0.0,0.0,0.0,0.87,8.84,1.77,1.84,1.56,2.56,5.06,0.0,0.0,0.0,0.0,0.0,0.0,2.06,11.34,2.43,2.59,1.8,3.43,5.06,0.0,0.0,0.0,0.0,0.0,0.0,2.61,13.84,3.1,3.37,2.06,4.28,5.06,0.0,0.0,0.0,0.0,0.0,0.0,3.15
Qadree Ollison ,JAC,RB,6.33,21.17,3.38,95.83,15.62,4.54,16.83,8.77,0.0,0.0,1.5,0.23,3.5,0.58,5.33,0.88,11.17,1.81,3.67,0.0,0.0,24.67,3.95,26.5,4.25,0.83,0.14,0.03,0.91,18.03,2.8,2.0,2.94,3.45,4.83,1.5,0.0,0.0,0.0,0.0,0.0,2.37,19.78,3.09,2.21,2.94,3.85,5.17,1.17,0.0,0.0,0.0,0.0,0.0,2.59,21.53,3.37,2.42,3.0,4.24,6.17,0.17,0.0,0.0,0.0,0.0,0.0,2.8
Travis Homer ,CHI,RB,12.4,20.05,1.66,103.15,8.2,5.11,30.5,6.23,1.3,0.09,0.25,0.02,15.05,1.22,17.45,1.41,146.25,11.9,9.66,0.7,0.06,35.1,2.88,37.5,3.07,0.6,0.05,0.02,1.0,30.94,2.49,1.24,3.36,2.96,11.05,0.5,0.6,0.25,0.0,0.07,0.02,2.02,38.47,3.1,1.94,3.83,3.61,11.0,0.5,0.65,0.25,0.0,0.08,0.02,2.56,45.99,3.71,2.42,4.38,4.23,10.5,1.0,0.65,0.25,0.0,0.08,0.02,3.01
Jordan Mason ,SF,RB,12.0,43.0,3.58,258.0,21.5,6.0,55.0,11.5,4.0,0.33,1.0,0.08,0.0,0.0,0.0,0.0,0.0,0.0,0.0,0.0,0.0,43.0,3.58,43.0,3.58,0.0,0.0,0.0,1.0,31.8,2.65,1.95,2.76,3.32,10.0,2.0,0.0,0.0,0.0,0.0,0.0,2.47,31.8,2.65,1.95,2.76,3.36,11.0,1.0,0.0,0.0,0.0,0.0,0.0,2.48,31.8,2.65,1.95,2.76,3.4,12.0,0.0,0.0,0.0,0.0,0.0,0.0,2.5
Ameer Abdullah ,LV,RB,16.25,17.1,1.02,63.45,3.81,4.59,10.0,2.1,0.0,0.0,0.0,0.0,26.05,1.59,34.4,2.1,209.05,12.8,7.98,1.1,0.07,43.15,2.62,51.5,3.12,0.05,0.0,0.0,1.0,33.75,2.06,1.15,2.89,2.54,14.65,0.75,0.85,0.0,0.0,0.06,0.0,1.82,46.78,2.86,1.87,3.45,3.4,14.1,1.05,1.1,0.0,0.0,0.07,0.0,2.45,59.8,3.65,2.82,4.1,4.21,14.1,1.05,0.85,0.25,0.0,0.07,0.02,3.17
Demetric Felton Jr. ,CLE,RB,15.0,7.0,0.47,24.0,1.6,3.43,12.0,1.47,0.0,0.0,0.0,0.0,18.0,1.2,21.0,1.4,181.0,12.07,10.06,2.0,0.13,25.0,1.67,28.0,1.87,0.0,0.0,0.0,1.0,32.5,2.17,1.3,3.28,2.6,13.0,1.0,1.0,0.0,0.0,0.07,0.0,1.78,41.5,2.77,2.2,3.6,3.28,13.0,1.0,1.0,0.0,0.0,0.07,0.0,2.41,50.5,3.37,3.2,3.98,3.94,13.0,1.0,1.0,0.0,0.0,0.07,0.0,3.08
Mike Boone ,HOU,RB,7.06,19.83,2.54,92.89,12.69,5.57,19.72,6.68,0.44,0.03,0.17,0.01,6.72,0.94,10.78,1.45,71.06,10.1,10.48,0.0,0.0,26.56,3.48,30.61,3.99,0.0,0.0,0.0,0.92,17.39,2.34,1.72,3.03,2.88,6.28,0.67,0.0,0.06,0.06,0.01,0.01,2.1,20.76,2.81,2.02,3.37,3.41,6.28,0.67,0.0,0.06,0.06,0.01,0.01,2.4,24.12,3.29,2.33,3.71,3.93,6.28,0.67,0.0,0.06,0.06,0.01,0.01,2.7
Darrynton Evans ,CHI,RB,3.29,14.0,4.4,62.57,19.83,4.47,19.29,10.72,0.86,0.28,0.0,0.0,1.14,0.34,1.43,0.4,32.14,10.2,30.21,0.14,0.03,15.14,4.74,15.43,4.8,0.0,0.0,0.0,0.83,10.33,3.17,1.93,3.34,3.82,2.29,0.86,0.14,0.0,0.0,0.04,0.0,2.32,10.9,3.35,1.93,3.65,3.98,2.29,0.86,0.14,0.0,0.0,0.04,0.0,2.38,11.47,3.52,1.93,3.95,4.15,3.14,0.0,0.14,0.0,0.0,0.04,0.0,2.44
Corey Clement ,ARI,RB,7.63,20.37,2.83,79.47,10.82,3.81,18.32,4.03,0.53,0.05,0.74,0.13,5.26,0.81,6.89,1.09,44.37,7.69,8.62,0.26,0.02,25.63,3.64,27.26,3.93,0.0,0.0,0.0,0.92,18.38,2.79,1.36,4.03,3.17,6.63,0.11,0.63,0.26,0.0,0.18,0.03,2.07,21.02,3.2,1.67,4.54,3.56,6.74,0.0,0.63,0.26,0.0,0.18,0.03,2.33,23.65,3.61,1.99,5.07,3.95,6.74,0.0,0.63,0.26,0.0,0.18,0.03,2.57
Justice Hill ,BAL,RB,14.67,44.67,2.99,232.6,15.58,5.21,30.93,7.61,1.6,0.1,0.13,0.01,10.8,0.73,11.27,0.76,53.73,3.61,4.98,0.0,0.0,55.47,3.72,55.93,3.75,0.8,0.06,0.02,1.0,27.83,1.86,1.4,1.96,2.53,13.73,0.8,0.13,0.0,0.0,0.01,0.0,1.95,33.23,2.23,1.82,2.16,2.99,14.53,0.0,0.13,0.0,0.0,0.01,0.0,2.3,38.63,2.59,2.4,2.42,3.42,14.53,0.07,0.07,0.0,0.0,0.0,0.0,2.7
Dare Ogunbowale ,HOU,RB,14.45,39.7,2.77,123.4,8.64,3.09,12.7,3.31,0.1,0.01,0.95,0.07,18.0,1.23,25.15,1.73,110.6,7.63,6.26,0.25,0.02,57.7,4.0,64.85,4.5,0.05,0.0,0.0,1.0,30.5,2.13,1.0,3.04,2.61,12.45,1.5,0.5,0.0,0.0,0.04,0.0,1.92,39.5,2.74,1.27,3.52,3.28,12.2,1.75,0.5,0.0,0.0,0.04,0.0,2.29,48.5,3.36,1.88,4.09,3.92,11.6,2.35,0.5,0.0,0.0,0.04,0.0,2.8
DeeJay Dallas ,SEA,RB,15.21,34.37,2.28,165.16,10.92,4.79,22.37,5.67,0.63,0.04,0.74,0.05,18.05,1.19,20.16,1.33,126.26,8.34,7.03,0.11,0.01,52.42,3.48,54.53,3.61,0.0,0.0,0.0,1.0,33.56,2.23,0.94,3.2,2.69,13.84,0.26,1.0,0.11,0.0,0.08,0.01,1.85,42.59,2.82,1.36,3.82,3.29,12.95,1.16,1.0,0.0,0.11,0.08,0.01,2.27,51.62,3.42,1.78,4.52,3.87,12.68,1.53,0.89,0.0,0.11,0.07,0.01,2.66
Alec Ingold ,MIA,RB,11.11,4.63,0.41,5.74,0.49,1.11,1.84,0.49,0.0,0.0,0.63,0.05,13.37,1.24,19.47,1.77,100.26,9.45,7.62,1.0,0.09,18.0,1.65,24.11,2.19,0.0,0.0,0.0,0.98,20.39,1.89,1.21,2.82,2.36,9.47,1.0,0.63,0.0,0.0,0.06,0.0,1.63,27.07,2.51,1.9,3.23,3.07,9.74,0.74,0.63,0.0,0.0,0.06,0.0,2.17,33.76,3.13,2.4,3.72,3.74,10.37,0.11,0.63,0.0,0.0,0.06,0.0,2.63
Giovani Bernard ,FA,RB,7.3,21.85,2.34,81.4,8.78,4.41,13.55,3.57,0.3,0.03,0.3,0.02,13.15,1.26,16.5,1.53,77.35,5.88,2.18,1.05,0.09,35.0,3.6,38.35,3.87,0.15,0.01,0.0,0.91,23.68,2.12,0.86,2.73,2.46,6.0,0.15,0.85,0.1,0.2,0.14,0.03,1.74,30.25,2.75,1.27,3.26,3.13,5.8,0.85,0.0,0.45,0.2,0.06,0.08,2.12,36.83,3.39,1.76,3.84,3.76,5.7,0.95,0.0,0.45,0.2,0.06,0.08,2.57
J.J. Taylor ,NE,RB,5.29,20.14,3.81,57.86,10.52,2.76,18.71,5.52,0.29,0.05,1.43,0.29,3.14,0.62,3.43,0.67,6.86,1.33,2.57,0.0,0.0,23.29,4.43,23.57,4.48,0.71,0.14,0.03,0.89,13.61,2.61,0.84,5.34,2.82,4.57,0.0,0.0,0.71,0.0,0.18,0.18,1.8,15.19,2.92,1.34,5.4,3.16,4.57,0.0,0.0,0.71,0.0,0.18,0.18,2.1,16.76,3.23,1.36,5.48,3.5,4.57,0.0,0.71,0.0,0.0,0.18,0.0,2.19
Ke'Shawn Vaughn ,TB,RB,8.32,22.95,3.05,92.32,12.76,3.73,24.05,7.41,1.05,0.18,0.53,0.09,3.47,0.44,5.68,0.73,22.42,2.83,6.42,0.11,0.01,26.42,3.48,28.63,3.78,0.11,0.01,0.0,0.96,15.05,2.13,1.2,2.39,2.56,7.58,0.21,0.53,0.0,0.0,0.13,0.0,1.81,16.79,2.35,1.33,2.67,2.81,7.58,0.21,0.53,0.0,0.0,0.13,0.0,1.95,18.53,2.56,1.48,2.96,3.05,7.68,0.11,0.53,0.0,0.0,0.13,0.0,2.1
Kene Nwangwu ,MIN,RB,9.0,13.0,1.44,61.0,6.78,4.69,19.0,5.0,0.0,0.0,0.0,0.0,4.0,0.44,5.0,0.56,9.0,1.0,2.25,0.0,0.0,17.0,1.89,18.0,2.0,0.0,0.0,0.0,0.98,19.0,2.11,0.4,2.86,2.62,7.0,2.0,0.0,0.0,0.0,0.0,0.0,1.37,21.0,2.33,1.4,2.78,2.95,9.0,0.0,0.0,0.0,0.0,0.0,0.0,1.89,23.0,2.56,2.4,2.77,3.27,9.0,0.0,0.0,0.0,0.0,0.0,0.0,2.41
Reggie Gilliam ,BUF,RB,8.0,0.0,0.0,0.0,0.0,0.0,0.0,0.0,0.0,0.0,0.0,0.0,9.0,1.12,11.0,1.38,76.0,9.5,8.44,1.0,0.12,9.0,1.12,11.0,1.38,0.0,0.0,0.0,0.95,13.6,1.7,0.95,2.57,2.17,7.0,1.0,0.0,0.0,0.0,0.0,0.0,1.32,18.1,2.26,1.45,2.93,2.82,7.0,1.0,0.0,0.0,0.0,0.0,0.0,1.75,22.6,2.82,1.95,3.35,3.45,7.0,1.0,0.0,0.0,0.0,0.0,0.0,2.18
C.J. Ham ,MIN,RB,12.65,5.0,0.39,15.35,1.12,2.75,10.75,1.12,0.5,0.03,1.2,0.11,11.9,0.93,14.4,1.13,100.0,7.89,8.65,0.15,0.01,16.9,1.32,19.4,1.52,0.05,0.0,0.0,1.0,19.54,1.61,0.63,2.09,2.16,11.3,1.35,0.0,0.0,0.0,0.0,0.0,1.27,25.48,2.08,1.2,2.33,2.77,11.9,0.75,0.0,0.0,0.0,0.0,0.0,1.74,31.44,2.54,1.69,2.67,3.32,11.9,0.75,0.0,0.0,0.0,0.0,0.0,2.16
Raheem Blackshear ,CAR,RB,13.0,23.0,1.77,77.0,5.92,3.35,16.0,3.38,0.0,0.0,3.0,0.23,10.0,0.77,12.0,0.92,93.0,7.15,9.3,0.0,0.0,33.0,2.54,35.0,2.69,1.0,0.08,0.03,1.0,33.0,2.54,0.1,4.4,2.83,10.0,1.0,2.0,0.0,0.0,0.18,0.0,1.53,38.0,2.92,0.1,4.8,3.23,10.0,1.0,2.0,0.0,0.0,0.18,0.0,1.69,43.0,3.31,0.1,5.23,3.62,10.0,2.0,1.0,0.0,0.0,0.08,0.0,1.8
Patrick Laird ,TB,RB,7.75,11.62,0.92,41.5,3.36,4.22,9.0,2.23,0.0,0.0,0.12,0.01,7.25,0.97,8.62,1.06,53.12,6.31,6.35,0.0,0.0,18.88,1.9,20.25,1.99,0.25,0.02,0.01,0.89,9.96,1.0,0.81,1.06,1.59,7.38,0.25,0.12,0.0,0.0,0.01,0.0,1.05,13.59,1.49,1.21,1.25,2.42,7.25,0.38,0.12,0.0,0.0,0.01,0.0,1.48,17.21,1.98,1.59,1.46,3.26,7.25,0.25,0.12,0.12,0.0,0.02,0.01,1.9
Avery Williams ,ATL,RB,17.0,22.0,1.29,109.0,6.41,4.95,21.0,5.24,1.0,0.06,1.0,0.06,13.0,0.76,14.0,0.82,61.0,3.59,4.69,0.0,0.0,35.0,2.06,36.0,2.12,1.0,0.06,0.03,1.0,19.5,1.15,0.7,2.12,1.54,16.0,1.0,0.0,0.0,0.0,0.0,0.0,1.11,26.0,1.53,1.1,2.33,2.02,16.0,1.0,0.0,0.0,0.0,0.0,0.0,1.46,32.5,1.91,1.2,2.59,2.49,16.0,1.0,0.0,0.0,0.0,0.0,0.0,1.69
Benny Snell Jr. ,FA,RB,11.65,37.5,3.0,136.6,11.47,3.91,16.0,3.79,0.55,0.04,1.1,0.1,2.85,0.24,3.8,0.3,20.7,1.81,7.72,0.0,0.0,40.35,3.24,41.3,3.3,0.15,0.01,0.0,0.99,22.03,1.91,0.31,3.56,2.2,10.25,0.45,0.8,0.15,0.0,0.1,0.02,1.37,23.46,2.03,0.35,3.74,2.34,10.35,0.25,0.9,0.15,0.0,0.11,0.01,1.44,24.88,2.14,0.35,3.92,2.47,10.45,0.3,0.8,0.1,0.0,0.1,0.01,1.49
Isaiah Spiller ,LAC,RB,5.0,18.0,3.6,41.0,8.2,2.28,11.0,5.0,0.0,0.0,0.0,0.0,3.0,0.6,3.0,0.6,13.0,2.6,4.33,0.0,0.0,21.0,4.2,21.0,4.2,0.0,0.0,0.0,0.88,5.4,1.08,0.5,1.41,1.6,5.0,0.0,0.0,0.0,0.0,0.0,0.0,1.1,6.9,1.38,1.0,1.62,2.0,5.0,0.0,0.0,0.0,0.0,0.0,0.0,1.42,8.4,1.68,1.5,1.91,2.36,5.0,0.0,0.0,0.0,0.0,0.0,0.0,1.72
Kevin Harris ,NE,RB,5.0,18.0,3.6,52.0,10.4,2.89,14.0,6.2,0.0,0.0,1.0,0.2,0.0,0.0,0.0,0.0,0.0,0.0,0.0,0.0,0.0,18.0,3.6,18.0,3.6,0.0,0.0,0.0,0.88,11.2,2.24,0.5,3.63,2.62,4.0,1.0,0.0,0.0,0.0,0.0,0.0,1.41,11.2,2.24,0.5,3.63,2.65,4.0,1.0,0.0,0.0,0.0,0.0,0.0,1.42,11.2,2.24,0.5,3.63,2.68,4.0,1.0,0.0,0.0,0.0,0.0,0.0,1.43
Larry Rountree III ,LAC,RB,5.06,19.76,4.12,39.0,7.03,1.74,7.35,2.85,0.0,0.0,0.29,0.03,1.71,0.5,2.0,0.53,9.59,3.27,4.65,0.0,0.0,21.47,4.62,21.76,4.65,0.0,0.0,0.0,0.87,6.62,1.21,0.47,1.72,1.7,4.76,0.29,0.0,0.0,0.0,0.0,0.0,1.17,7.48,1.45,0.82,1.85,2.04,4.76,0.29,0.0,0.0,0.0,0.0,0.0,1.4,8.33,1.71,1.25,2.0,2.37,5.06,0.0,0.0,0.0,0.0,0.0,0.0,1.66
Ty Montgomery ,NE,RB,12.25,18.12,1.71,65.62,6.98,3.56,16.5,3.3,0.5,0.08,0.0,0.0,12.38,0.94,19.88,1.55,77.38,6.07,6.83,0.0,0.0,30.5,2.65,38.0,3.26,0.0,0.0,0.0,0.98,14.3,1.3,0.26,2.39,1.68,11.88,0.12,0.25,0.0,0.0,0.05,0.0,1.09,20.49,1.77,0.44,3.0,2.2,11.25,0.75,0.25,0.0,0.0,0.05,0.0,1.36,26.67,2.25,0.59,3.63,2.69,11.25,1.0,0.0,0.0,0.0,0.0,0.0,1.6
Trayveon Williams ,CIN,RB,5.71,18.14,3.42,81.29,13.59,4.15,22.86,5.23,1.14,0.11,0.0,0.0,2.14,0.32,2.86,0.5,11.43,1.57,4.57,0.0,0.0,20.29,3.74,21.0,3.92,0.29,0.03,0.01,0.89,8.7,1.46,0.66,2.13,1.95,5.43,0.29,0.0,0.0,0.0,0.0,0.0,1.29,9.77,1.62,0.66,2.4,2.13,5.43,0.29,0.0,0.0,0.0,0.0,0.0,1.35,10.84,1.78,0.66,2.67,2.29,5.43,0.29,0.0,0.0,0.0,0.0,0.0,1.41
Pierre Strong Jr. ,NE,RB,10.0,10.0,1.0,100.0,10.0,10.0,44.0,6.3,3.0,0.3,1.0,0.1,7.0,0.7,7.0,0.7,42.0,4.2,6.0,0.0,0.0,17.0,1.7,17.0,1.7,0.0,0.0,0.0,1.0,20.2,2.02,0.0,4.7,2.22,9.0,0.0,0.0,1.0,0.0,0.11,0.11,1.14,23.7,2.37,0.0,5.07,2.58,9.0,0.0,0.0,1.0,0.0,0.11,0.11,1.29,27.2,2.72,0.0,5.47,2.94,9.0,0.0,0.0,1.0,0.0,0.11,0.11,1.43
Snoop Conner ,JAC,RB,5.0,12.0,2.4,42.0,8.4,3.5,8.0,5.0,0.0,0.0,1.0,0.2,0.0,0.0,0.0,0.0,0.0,0.0,0.0,0.0,0.0,12.0,2.4,12.0,2.4,0.0,0.0,0.0,0.88,10.2,2.04,0.6,3.18,2.47,4.0,1.0,0.0,0.0,0.0,0.0,0.0,1.28,10.2,2.04,0.6,3.18,2.5,4.0,1.0,0.0,0.0,0.0,0.0,0.0,1.29,10.2,2.04,0.6,3.18,2.53,5.0,0.0,0.0,0.0,0.0,0.0,0.0,1.3
Hassan Haskins ,TEN,RB,14.0,25.0,1.79,93.0,6.64,3.72,12.0,2.64,0.0,0.0,0.0,0.0,11.0,0.79,12.0,0.86,57.0,4.07,5.18,0.0,0.0,36.0,2.57,37.0,2.64,0.0,0.0,0.0,1.0,15.0,1.07,0.25,1.62,1.53,14.0,0.0,0.0,0.0,0.0,0.0,0.0,0.98,20.5,1.46,0.5,1.96,2.02,14.0,0.0,0.0,0.0,0.0,0.0,0.0,1.27,26.0,1.86,0.75,2.34,2.48,14.0,0.0,0.0,0.0,0.0,0.0,0.0,1.56
Zander Horvath ,LAC,RB,8.0,4.0,0.5,8.0,1.0,2.0,3.0,1.0,0.0,0.0,0.0,0.0,5.0,0.62,8.0,1.0,8.0,1.0,1.6,2.0,0.25,9.0,1.12,12.0,1.5,0.0,0.0,0.0,0.95,13.6,1.7,0.2,2.94,2.1,6.0,2.0,0.0,0.0,0.0,0.0,0.0,1.02,16.1,2.01,0.4,3.22,2.45,7.0,1.0,0.0,0.0,0.0,0.0,0.0,1.23,18.6,2.33,0.65,3.53,2.8,7.0,1.0,0.0,0.0,0.0,0.0,0.0,1.46
Patrick Taylor Jr. ,GB,RB,6.41,13.82,2.36,48.06,8.36,3.33,7.76,3.45,0.0,0.0,0.29,0.06,1.29,0.22,1.29,0.22,12.88,1.89,12.44,0.0,0.0,15.12,2.58,15.12,2.58,0.0,0.0,0.0,0.91,7.86,1.38,0.75,1.94,1.82,6.12,0.0,0.29,0.0,0.0,0.07,0.0,1.19,8.51,1.49,0.75,2.16,1.93,6.12,0.0,0.29,0.0,0.0,0.07,0.0,1.23,9.15,1.6,0.75,2.4,2.05,6.12,0.0,0.29,0.0,0.0,0.07,0.0,1.27
Keaontay Ingram ,ARI,RB,11.0,27.0,2.45,60.0,5.45,2.22,13.0,4.45,0.0,0.0,1.0,0.09,4.0,0.36,5.0,0.45,21.0,1.91,5.25,0.0,0.0,31.0,2.82,32.0,2.91,0.0,0.0,0.0,1.0,14.1,1.28,0.3,2.84,1.59,10.0,0.0,1.0,0.0,0.0,0.1,0.0,1.1,16.1,1.46,0.5,3.12,1.8,10.0,1.0,0.0,0.0,0.0,0.0,0.0,1.21,18.1,1.65,0.5,3.42,2.0,10.0,1.0,0.0,0.0,0.0,0.0,0.0,1.29
Patrick Ricard ,BAL,RB,11.53,5.53,0.45,12.47,1.02,2.2,4.12,1.02,0.0,0.0,0.0,0.0,10.12,0.89,13.0,1.18,70.76,6.33,7.07,0.29,0.04,15.65,1.34,18.53,1.64,0.0,0.0,0.0,0.99,10.09,0.95,0.44,1.47,1.42,11.24,0.0,0.29,0.0,0.0,0.04,0.0,0.91,15.15,1.41,0.56,1.93,1.95,11.24,0.0,0.29,0.0,0.0,0.04,0.0,1.17,20.21,1.85,1.06,2.41,2.46,11.24,0.0,0.29,0.0,0.0,0.04,0.0,1.56
Gary Brightwell ,NYG,RB,15.0,31.0,2.07,141.0,9.4,4.55,25.0,5.07,1.0,0.07,1.0,0.07,5.0,0.33,8.0,0.53,39.0,2.6,7.8,0.0,0.0,36.0,2.4,39.0,2.6,0.0,0.0,0.0,1.0,24.0,1.6,0.0,2.49,2.06,13.0,2.0,0.0,0.0,0.0,0.0,0.0,1.08,26.5,1.77,0.0,2.74,2.24,15.0,0.0,0.0,0.0,0.0,0.0,0.0,1.16,29.0,1.93,0.0,3.01,2.43,15.0,0.0,0.0,0.0,0.0,0.0,0.0,1.23
Derek Watt ,FA,RB,12.0,9.0,0.75,21.0,1.75,2.33,4.0,1.58,0.0,0.0,1.0,0.08,5.0,0.42,5.0,0.42,11.0,0.92,2.2,1.0,0.08,14.0,1.17,14.0,1.17,0.0,0.0,0.0,1.0,15.2,1.27,0.25,2.39,1.65,10.0,2.0,0.0,0.0,0.0,0.0,0.0,0.87,17.7,1.48,0.4,2.56,1.9,11.0,1.0,0.0,0.0,0.0,0.0,0.0,1.04,20.2,1.68,0.4,2.76,2.16,11.0,1.0,0.0,0.0,0.0,0.0,0.0,1.14
Julius Chestnut ,TEN,RB,6.0,9.0,1.5,12.0,2.0,1.33,5.0,1.0,0.0,0.0,0.0,0.0,3.0,0.5,3.0,0.5,41.0,6.83,13.67,0.0,0.0,12.0,2.0,12.0,2.0,0.0,0.0,0.0,0.9,5.3,0.88,0.4,1.26,1.35,6.0,0.0,0.0,0.0,0.0,0.0,0.0,0.81,6.8,1.13,0.65,1.48,1.68,6.0,0.0,0.0,0.0,0.0,0.0,0.0,1.02,8.3,1.38,0.65,1.77,1.98,6.0,0.0,0.0,0.0,0.0,0.0,0.0,1.13
Anthony McFarland Jr. ,PIT,RB,5.29,11.57,1.57,34.43,3.65,1.69,7.86,2.61,0.29,0.03,0.0,0.0,2.43,0.39,3.57,0.5,23.29,4.02,10.43,0.0,0.0,14.0,1.96,15.14,2.07,0.0,0.0,0.0,0.87,5.77,0.77,0.47,0.91,1.23,5.29,0.0,0.0,0.0,0.0,0.0,0.0,0.82,6.99,0.96,0.5,1.17,1.48,5.29,0.0,0.0,0.0,0.0,0.0,0.0,0.92,8.2,1.16,0.56,1.45,1.72,5.29,0.0,0.0,0.0,0.0,0.0,0.0,1.03
Keith Smith ,ATL,RB,13.86,7.57,0.56,24.14,1.83,2.96,6.57,1.39,0.0,0.0,0.0,0.0,9.57,0.69,11.43,0.82,56.86,4.13,5.97,0.0,0.0,17.14,1.25,19.0,1.38,0.0,0.0,0.0,1.0,8.1,0.6,0.24,0.91,0.98,13.86,0.0,0.0,0.0,0.0,0.0,0.0,0.63,12.89,0.95,0.46,1.34,1.43,13.86,0.0,0.0,0.0,0.0,0.0,0.0,0.89,17.67,1.29,0.53,1.79,1.84,13.86,0.0,0.0,0.0,0.0,0.0,0.0,1.09
Michael Burton ,DEN,RB,10.0,8.0,0.8,26.0,2.6,3.25,7.0,2.6,0.0,0.0,1.0,0.1,3.0,0.3,3.0,0.3,31.0,3.1,10.33,0.0,0.0,11.0,1.1,11.0,1.1,0.0,0.0,0.0,1.0,11.7,1.17,0.25,2.66,1.48,9.0,1.0,0.0,0.0,0.0,0.0,0.0,0.8,13.2,1.32,0.25,2.98,1.64,9.0,1.0,0.0,0.0,0.0,0.0,0.0,0.87,14.7,1.47,0.25,3.3,1.8,9.0,1.0,0.0,0.0,0.0,0.0,0.0,0.93
Jonathan Ward ,TEN,RB,5.47,6.18,1.18,27.35,5.49,4.61,10.53,2.94,0.0,0.0,0.0,0.0,2.29,0.45,3.29,0.66,14.94,2.35,5.8,0.0,0.0,8.47,1.63,9.47,1.84,0.0,0.0,0.0,0.89,4.23,0.78,0.16,1.31,1.19,5.47,0.0,0.0,0.0,0.0,0.0,0.0,0.64,5.38,1.01,0.45,1.49,1.5,5.47,0.0,0.0,0.0,0.0,0.0,0.0,0.85,6.52,1.24,0.63,1.7,1.79,5.47,0.0,0.0,0.0,0.0,0.0,0.0,1.02
Godwin Igwebuike ,SEA,RB,15.0,18.0,1.2,118.0,7.87,6.56,42.0,4.93,3.0,0.2,1.0,0.07,7.0,0.47,10.0,0.67,60.0,4.0,8.57,0.0,0.0,25.0,1.67,28.0,1.87,2.0,0.13,0.08,1.0,14.0,0.93,0.0,3.03,1.14,14.0,0.0,1.0,0.0,0.0,0.07,0.0,0.68,17.5,1.17,0.0,2.98,1.45,14.0,0.0,1.0,0.0,0.0,0.07,0.0,0.8,21.0,1.4,0.0,3.01,1.76,14.0,1.0,0.0,0.0,0.0,0.0,0.0,0.89
Adam Prentice ,NO,RB,5.71,3.71,0.65,7.82,1.35,2.08,2.71,1.12,0.0,0.0,0.0,0.0,3.0,0.53,3.0,0.53,11.06,2.0,3.69,0.0,0.0,6.71,1.18,6.71,1.18,0.0,0.0,0.0,0.89,1.89,0.34,0.26,0.27,0.75,5.71,0.0,0.0,0.0,0.0,0.0,0.0,0.47,3.39,0.6,0.66,0.46,1.19,5.71,0.0,0.0,0.0,0.0,0.0,0.0,0.77,4.89,0.86,0.98,0.72,1.55,5.71,0.0,0.0,0.0,0.0,0.0,0.0,1.01
Zamir White ,LV,RB,11.0,17.0,1.55,70.0,6.36,4.12,22.0,5.73,1.0,0.09,0.0,0.0,0.0,0.0,0.0,0.0,0.0,0.0,0.0,0.0,0.0,17.0,1.55,17.0,1.55,0.0,0.0,0.0,1.0,7.0,0.64,0.4,1.06,1.01,11.0,0.0,0.0,0.0,0.0,0.0,0.0,0.72,7.0,0.64,0.4,1.06,1.02,11.0,0.0,0.0,0.0,0.0,0.0,0.0,0.72,7.0,0.64,0.4,1.06,1.04,11.0,0.0,0.0,0.0,0.0,0.0,0.0,0.73
Trestan Ebner ,CHI,RB,11.0,24.0,2.18,54.0,4.91,2.25,11.0,2.91,0.0,0.0,0.0,0.0,2.0,0.18,8.0,0.73,8.0,0.73,4.0,0.0,0.0,26.0,2.36,32.0,2.91,1.0,0.09,0.04,1.0,4.2,0.38,0.0,0.77,0.66,11.0,0.0,0.0,0.0,0.0,0.0,0.0,0.55,5.2,0.47,0.0,0.87,0.8,11.0,0.0,0.0,0.0,0.0,0.0,0.0,0.61,6.2,0.56,0.0,1.06,0.92,11.0,0.0,0.0,0.0,0.0,0.0,0.0,0.66
Dwayne Washington ,NO,RB,7.0,11.0,1.57,38.0,5.43,3.45,8.0,2.43,0.0,0.0,0.0,0.0,1.0,0.14,1.0,0.14,7.0,1.0,7.0,0.0,0.0,12.0,1.71,12.0,1.71,0.0,0.0,0.0,0.92,4.5,0.64,0.0,0.82,1.09,7.0,0.0,0.0,0.0,0.0,0.0,0.0,0.56,5.0,0.71,0.0,0.91,1.19,7.0,0.0,0.0,0.0,0.0,0.0,0.0,0.6,5.5,0.79,0.0,1.03,1.29,7.0,0.0,0.0,0.0,0.0,0.0,0.0,0.64
Devine Ozigbo ,FA,RB,4.13,3.13,0.88,5.13,1.26,1.4,3.93,1.68,0.0,0.0,0.0,0.0,2.2,0.43,2.33,0.45,9.53,1.65,3.53,0.0,0.0,5.33,1.31,5.47,1.32,0.0,0.0,0.0,0.85,1.47,0.29,0.19,0.29,0.78,4.13,0.0,0.0,0.0,0.0,0.0,0.0,0.44,2.57,0.51,0.22,0.65,0.95,4.13,0.0,0.0,0.0,0.0,0.0,0.0,0.52,3.67,0.73,0.25,1.01,1.2,4.07,0.07,0.0,0.0,0.0,0.0,0.0,0.62
Connor Heyward ,PIT,RB,15.0,2.0,0.13,27.0,1.8,13.5,21.0,1.8,1.0,0.07,0.0,0.0,12.0,0.8,17.0,1.13,151.0,10.07,12.58,1.0,0.07,14.0,0.93,19.0,1.27,0.0,0.0,0.0,1.0,0.0,0.0,0.0,0.0,0.0,15.0,0.0,0.0,0.0,0.0,0.0,0.0,0.13,6.0,0.4,0.0,0.51,0.77,15.0,0.0,0.0,0.0,0.0,0.0,0.0,0.44,12.0,0.8,0.0,1.01,1.32,15.0,0.0,0.0,0.0,0.0,0.0,0.0,0.65
Mekhi Sargent ,JAC,RB,5.0,5.0,1.0,11.0,2.2,2.2,3.0,1.8,0.0,0.0,0.0,0.0,0.0,0.0,1.0,0.2,0.0,0.0,0.0,0.0,0.0,5.0,1.0,6.0,1.2,0.0,0.0,0.0,0.88,1.1,0.22,0.2,0.18,0.55,5.0,0.0,0.0,0.0,0.0,0.0,0.0,0.37,1.1,0.22,0.2,0.18,0.55,5.0,0.0,0.0,0.0,0.0,0.0,0.0,0.37,1.1,0.22,0.2,0.18,0.56,5.0,0.0,0.0,0.0,0.0,0.0,0.0,0.37
Andrew Beck ,HOU,RB,9.0,2.0,0.22,0.0,0.0,0.0,1.0,0.11,0.0,0.0,0.0,0.0,5.0,0.56,11.0,1.22,69.0,7.67,13.8,0.0,0.0,7.0,0.78,13.0,1.44,0.0,0.0,0.0,0.98,0.0,0.0,0.0,0.0,0.0,9.0,0.0,0.0,0.0,0.0,0.0,0.0,0.14,2.5,0.28,0.0,0.44,0.56,9.0,0.0,0.0,0.0,0.0,0.0,0.0,0.36,5.0,0.56,0.0,0.88,0.95,9.0,0.0,0.0,0.0,0.0,0.0,0.0,0.51
