Player,TEAM,POS,DPCHT,G,rec_REC,rec_REC_mean,rec_TGT,rec_TGT_mean,rec_YDS,rec_YDS_mean,rec_Y/R,rec_LG,rec_LG_mean,rec_20,rec_20_mean,rec_TD,rec_TD_mean,rush_ATT,rush_ATT_mean,rush_YDS,rush_YDS_mean,rush_Y/A,rush_TD,rush_TD_mean,TOU,TOU_mean,OPP,OPP_mean,FL,FL_mean,FL/T,INJCOR,FPTS,FPTS_mean,FPTS_median,FPTS_std,FPTS_adj,FPTS_bad,FPTS_poor,FPTS_okay,FPTS_good,FPTS_great,FPTS_QSRat,FPTS_GSRat,FPTS_Score,HALF,HALF_mean,HALF_median,HALF_std,HALF_adj,HALF_bad,HALF_poor,HALF_okay,HALF_good,HALF_great,HALF_QSRat,HALF_GSRat,HALF_Score,PPR,PPR_mean,PPR_median,PPR_std,PPR_adj,PPR_bad,PPR_poor,PPR_okay,PPR_good,PPR_great,PPR_QSRat,PPR_GSRat,PPR_Score
Davante Adams ,LV,WR,1.0,14,115,8.21,149,10.64,1374,98.14,11.95,56,29.07,34,2.43,18,1.29,0,0.0,0,0.0,0.0,0,0.0,115,8.21,149,10.64,1,0.07,0.01,1.0,243.4,17.39,17.05,9.82,15.62,2,1,3,2,6,3.67,4.0,18.6,300.9,21.49,20.55,11.12,19.27,1,2,2,1,8,3.67,9.0,23.06,358.4,25.6,24.05,12.47,22.95,1,1,2,2,8,6.0,10.0,27.72
Tyreek Hill ,MIA,WR,1.0,15,87,5.8,135,9.0,1276,85.07,14.67,75,31.13,38,2.53,15,1.0,13,0.87,123,8.2,9.46,2,0.13,100,6.67,148,9.87,0,0.0,0.0,1.0,241.9,16.13,15.3,9.98,14.43,1,2,4,4,4,4.0,8.0,18.36,285.4,19.03,16.8,10.99,17.11,1,1,5,3,5,6.5,8.0,21.49,328.9,21.93,18.3,12.11,19.81,1,1,3,5,5,6.5,10.0,23.88
Stefon Diggs ,BUF,WR,1.0,16,127,7.94,166,10.38,1535,95.94,12.09,55,27.94,32,2.0,8,0.5,1,0.06,1,0.06,1.0,0,0.0,128,8.0,167,10.44,0,0.0,0.0,1.0,201.6,12.6,10.75,7.02,12.31,2,4,5,2,3,1.67,2.5,12.88,265.1,16.57,14.35,7.47,16.41,0,2,7,2,5,7.0,7.0,20.13,328.6,20.54,18.35,8.02,20.57,0,2,5,4,5,7.0,9.0,24.31
Calvin Ridley ,JAC,WR,1.0,15,90,6.0,143,9.53,1374,91.6,15.27,63,29.13,36,2.4,9,0.6,5,0.33,1,0.07,0.2,0,0.0,95,6.33,148,9.87,1,0.07,0.01,1.0,191.5,12.77,12.3,7.27,12.36,3,1,5,2,4,2.75,2.0,13.96,236.5,15.77,14.8,8.22,15.24,3,0,5,3,4,4.0,2.33,17.09,281.5,18.77,17.3,9.25,18.13,2,1,2,6,4,4.0,5.0,20.18
DeAndre Hopkins ,ARI,WR,1.0,16,115,7.19,160,10.0,1407,87.94,12.23,60,28.81,35,2.19,6,0.38,1,0.06,1,0.06,1.0,0,0.0,116,7.25,161,10.06,2,0.12,0.02,1.0,172.8,10.8,12.0,6.08,10.94,6,1,2,4,3,1.29,1.17,12.26,230.3,14.39,16.0,7.04,14.46,2,5,0,5,4,1.29,4.5,16.48,287.8,17.99,20.0,8.18,17.92,2,4,1,2,7,1.67,4.5,20.03
A.J. Brown ,PHI,WR,1.0,14,70,5.0,106,7.57,1075,76.79,15.36,73,31.29,28,2.0,11,0.79,0,0.0,0,0.0,0.0,0,0.0,70,5.0,106,7.57,1,0.07,0.01,1.0,177.5,12.68,13.2,6.84,12.47,3,2,2,4,3,1.8,2.33,13.79,212.5,15.18,15.95,7.51,15.01,3,2,2,2,5,1.8,2.33,16.17,247.5,17.68,18.15,8.26,17.57,1,3,3,2,5,2.5,7.0,19.83
William Fuller V ,FA,WR,6.0,11,53,4.82,75,6.82,879,79.91,16.58,77,30.73,28,2.55,8,0.73,1,0.09,0,0.0,0.0,0,0.0,54,4.91,76,6.91,0,0.0,0.0,1.0,135.9,12.35,11.4,7.77,11.76,2,1,4,2,2,2.67,2.0,12.95,162.4,14.76,13.8,8.39,14.2,2,0,4,3,2,4.5,2.5,16.17,188.9,17.17,15.8,9.08,16.67,1,1,4,2,3,4.5,5.0,18.8
Brandon Aiyuk ,SF,WR,1.0,12,60,5.0,96,8.0,748,62.33,12.47,49,23.0,14,1.17,5,0.42,6,0.5,77,6.42,12.83,2,0.17,66,5.5,102,8.5,0,0.0,0.0,1.0,124.5,10.38,11.75,4.93,11.07,3,1,5,3,0,2.0,1.0,12.37,154.5,12.88,15.35,6.06,13.43,3,1,2,6,0,2.0,2.0,15.3,184.5,15.38,18.6,7.33,15.74,3,1,1,5,2,2.0,2.33,17.89
Keenan Allen ,LAC,WR,1.0,14,100,7.14,147,10.5,992,70.86,9.92,28,19.64,10,0.71,8,0.57,1,0.07,-1,-0.07,-1.0,0,0.0,101,7.21,148,10.57,2,0.14,0.02,1.0,145.1,10.36,10.55,5.07,10.98,3,2,6,2,1,1.8,1.0,11.9,195.1,13.94,13.55,6.88,14.08,2,3,3,3,3,1.8,3.0,15.14,245.1,17.51,16.3,8.85,17.11,2,2,4,2,4,2.5,3.0,18.09
DK Metcalf ,SEA,WR,2.0,16,83,5.19,129,8.06,1303,81.44,15.7,62,32.12,37,2.31,10,0.62,0,0.0,0,0.0,0.0,0,0.0,83,5.19,129,8.06,1,0.06,0.01,1.0,188.3,11.77,11.35,7.42,11.34,5,1,3,5,2,1.67,1.4,12.2,229.8,14.36,13.85,8.48,13.78,4,2,2,4,4,1.67,2.0,14.57,271.3,16.96,16.35,9.62,16.22,3,2,3,4,4,2.2,2.67,17.23
Chris Godwin ,TB,WR,1.0,12,65,5.42,84,7.0,840,70.0,12.92,47,28.17,23,1.92,7,0.58,0,0.0,0,0.0,0.0,0,0.0,65,5.42,84,7.0,0,0.0,0.0,1.0,126.0,10.5,9.65,6.06,10.64,3,2,4,2,1,1.4,1.0,10.78,158.5,13.21,12.95,6.5,13.54,2,1,6,2,1,3.0,1.5,14.5,191.0,15.92,16.3,7.06,16.46,2,1,3,4,2,3.0,3.0,17.69
Justin Jefferson ,MIN,WR,1.0,16,88,5.5,125,7.81,1400,87.5,15.91,71,31.44,39,2.44,7,0.44,1,0.06,2,0.12,2.0,0,0.0,89,5.56,126,7.88,0,0.0,0.0,1.0,186.2,11.64,10.35,8.13,10.96,5,2,3,2,4,1.29,1.2,11.32,230.2,14.39,13.35,9.14,13.55,4,2,3,3,4,1.67,1.75,14.16,274.2,17.14,16.05,10.21,16.15,4,2,2,3,5,1.67,2.0,16.61
Adam Thielen ,CAR,WR,1.0,15,74,4.93,108,7.2,925,61.67,12.5,51,23.33,18,1.2,14,0.93,3,0.2,15,1.0,5.0,0,0.0,77,5.13,111,7.4,0,0.0,0.0,1.0,180.0,12.0,11.1,7.71,11.45,5,2,1,3,4,1.14,1.4,11.81,217.0,14.47,12.6,8.76,13.77,4,2,2,3,4,1.5,1.75,13.79,254.0,16.93,14.1,9.86,16.1,4,2,2,2,5,1.5,1.75,15.52
Mike Evans ,TB,WR,3.0,16,70,4.38,109,6.81,1006,62.88,14.37,50,23.38,29,1.81,13,0.81,0,0.0,0,0.0,0.0,0,0.0,70,4.38,109,6.81,0,0.0,0.0,1.0,178.6,11.16,10.95,7.11,10.87,4,2,5,3,2,1.67,1.25,11.65,213.6,13.35,13.3,8.17,12.93,4,2,5,3,2,1.67,1.25,13.63,248.6,15.54,15.5,9.27,15.01,4,2,4,3,3,1.67,1.5,15.62
Amari Cooper ,CLE,WR,1.0,16,92,5.75,130,8.12,1114,69.62,12.11,69,27.25,26,1.62,5,0.31,6,0.38,14,0.88,2.33,0,0.0,98,6.12,136,8.5,0,0.0,0.0,1.0,144.8,9.05,8.55,5.71,9.31,4,5,4,2,1,0.78,0.75,9.46,190.8,11.92,13.05,6.78,12.1,3,2,8,1,2,2.2,1.0,13.52,236.8,14.8,15.75,7.97,14.84,3,1,7,3,2,3.0,1.67,16.53
Allen Robinson II ,LAR,WR,1.0,16,102,6.38,151,9.44,1250,78.12,12.25,42,26.62,27,1.69,6,0.38,1,0.06,-1,-0.06,-1.0,0,0.0,103,6.44,152,9.5,0,0.0,0.0,1.0,160.9,10.06,8.2,5.51,10.44,4,6,1,2,3,0.6,1.25,9.95,211.9,13.24,11.05,6.42,13.62,2,6,2,3,3,1.0,3.0,13.3,262.9,16.43,14.3,7.44,16.76,2,3,4,3,4,2.2,3.5,16.9
JuJu Smith-Schuster ,NE,WR,1.0,16,97,6.06,128,8.0,831,51.94,8.57,31,19.25,14,0.88,9,0.56,0,0.0,0,0.0,0.0,0,0.0,97,6.06,128,8.0,1,0.06,0.01,1.0,137.1,8.57,9.1,6.01,8.7,6,2,4,3,1,1.0,0.67,9.48,185.6,11.6,13.35,6.65,11.83,5,2,4,3,2,1.29,1.0,13.02,234.1,14.63,16.9,7.39,14.95,4,2,2,5,3,1.67,2.0,16.47
Robert Woods ,HOU,WR,1.0,16,90,5.62,129,8.06,936,58.5,10.4,56,22.75,19,1.19,6,0.38,24,1.5,155,9.69,6.46,2,0.12,114,7.12,153,9.56,1,0.06,0.01,1.0,155.1,9.69,9.05,6.01,9.84,6,3,3,2,2,0.78,0.67,10.01,200.1,12.51,12.15,6.68,12.73,6,1,4,3,2,1.29,0.83,13.01,245.1,15.32,14.9,7.5,15.6,2,5,2,5,2,1.29,3.5,16.2
Terry McLaurin ,WAS,WR,2.0,15,87,5.8,134,8.93,1118,74.53,12.85,68,28.87,28,1.87,4,0.27,2,0.13,30,2.0,15.0,0,0.0,89,5.93,136,9.07,1,0.07,0.01,1.0,136.8,9.12,8.6,5.1,9.65,3,6,3,2,1,0.67,1.0,9.7,180.3,12.02,11.2,5.96,12.59,3,2,6,2,2,2.0,1.33,12.95,223.8,14.92,14.7,6.89,15.52,3,1,5,3,3,2.75,2.0,16.38
Julio Jones ,FA,WR,3.0,9,51,5.67,68,7.56,771,85.67,15.12,44,28.44,22,2.44,3,0.33,0,0.0,0,0.0,0.0,0,0.0,51,5.67,68,7.56,0,0.0,0.0,0.93,95.1,10.57,9.7,7.36,10.2,3,1,2,2,1,1.25,1.0,9.81,120.6,13.4,13.7,8.42,12.88,3,0,3,1,2,2.0,1.0,12.94,146.1,16.23,16.4,9.54,15.56,3,0,2,2,2,2.0,1.33,15.26
DJ Moore ,CHI,WR,1.0,15,66,4.4,118,7.87,1193,79.53,18.08,74,36.27,39,2.6,4,0.27,2,0.13,22,1.47,11.0,0,0.0,68,4.53,120,8.0,0,0.0,0.0,1.0,145.5,9.7,9.3,5.51,10.07,5,3,3,3,1,0.88,0.8,10.15,178.5,11.9,11.8,5.93,12.48,4,3,2,5,1,1.14,1.5,12.67,211.5,14.1,14.3,6.43,14.92,2,5,2,5,1,1.14,3.0,15.27
Diontae Johnson ,PIT,WR,1.0,15,88,5.87,144,9.6,923,61.53,10.49,47,22.07,19,1.27,7,0.47,3,0.2,15,1.0,5.0,0,0.0,91,6.07,147,9.8,1,0.07,0.01,1.0,133.8,8.92,9.6,6.43,8.91,6,1,4,3,1,1.14,0.67,10.05,177.8,11.85,11.1,7.73,11.64,5,1,2,5,2,1.5,1.4,12.31,221.8,14.79,14.1,9.17,14.32,3,2,3,3,4,2.0,2.33,15.35
Chosen Anderson ,FA,WR,1.0,16,95,5.94,136,8.5,1096,68.5,11.54,75,28.12,25,1.56,3,0.19,4,0.25,15,0.94,3.75,0,0.0,99,6.19,140,8.75,1,0.06,0.01,1.0,129.1,8.07,7.55,4.66,8.73,6,4,4,1,1,0.6,0.33,8.58,176.6,11.04,10.6,5.12,12.01,3,5,5,2,1,1.0,1.0,11.8,224.1,14.01,14.35,5.75,15.24,3,4,2,6,1,1.29,2.33,15.42
Brandin Cooks ,DAL,WR,1.0,15,81,5.4,119,7.93,1150,76.67,14.2,57,26.73,32,2.13,6,0.4,0,0.0,0,0.0,0.0,0,0.0,81,5.4,119,7.93,0,0.0,0.0,1.0,151.0,10.07,8.5,8.15,9.47,5,4,2,1,3,0.67,0.8,9.41,191.5,12.77,10.5,9.27,11.98,4,4,2,2,3,0.88,1.25,11.66,232.0,15.47,13.0,10.45,14.5,3,3,4,2,3,1.5,1.67,14.33
Curtis Samuel ,WAS,WR,1.0,15,77,5.13,97,6.47,851,56.73,11.05,44,22.87,16,1.07,3,0.2,41,2.73,200,13.33,4.88,2,0.13,118,7.87,138,9.2,0,0.0,0.0,1.0,135.1,9.01,7.7,5.32,9.43,6,3,3,3,0,0.67,0.5,9.09,173.6,11.57,10.2,6.0,12.1,5,3,2,4,1,0.88,1.0,11.64,212.1,14.14,12.7,6.77,14.77,3,4,2,5,1,1.14,2.0,14.35
Cooper Kupp ,LAR,WR,2.0,15,92,6.13,124,8.27,974,64.93,10.59,55,24.6,20,1.33,3,0.2,4,0.27,33,2.2,8.25,0,0.0,96,6.4,128,8.53,1,0.07,0.01,1.0,116.7,7.78,6.6,4.34,8.57,6,5,2,2,0,0.36,0.33,7.95,162.7,10.85,10.5,5.38,11.66,4,5,2,2,2,0.67,1.0,11.41,208.7,13.91,13.0,6.54,14.66,2,5,4,1,3,1.14,2.0,14.37
CeeDee Lamb ,DAL,WR,2.0,16,74,4.62,111,6.94,935,58.44,12.64,52,27.0,29,1.81,5,0.31,10,0.62,82,5.12,8.2,1,0.06,84,5.25,121,7.56,1,0.06,0.01,1.0,143.7,8.98,6.5,5.98,9.13,6,3,4,1,2,0.78,0.5,8.3,180.7,11.29,9.5,6.23,11.7,3,6,3,2,2,0.78,1.33,11.02,217.7,13.61,12.5,6.6,14.3,2,6,3,3,2,1.0,2.5,13.94
Corey Davis ,NYJ,WR,1.0,14,65,4.64,92,6.57,984,70.29,15.14,75,26.79,24,1.71,5,0.36,0,0.0,0,0.0,0.0,0,0.0,65,4.64,92,6.57,1,0.07,0.02,1.0,126.4,9.03,8.25,7.11,8.79,4,3,4,1,2,1.0,0.75,9.01,158.9,11.35,10.25,8.36,10.93,4,3,4,1,2,1.0,0.75,10.87,191.4,13.67,12.25,9.67,13.06,3,4,3,2,2,1.0,1.33,12.88
Jamison Crowder ,NYG,WR,2.0,12,59,4.92,89,7.42,699,58.25,11.85,69,25.58,17,1.42,6,0.5,1,0.08,14,1.17,14.0,0,0.0,60,5.0,90,7.5,0,0.0,0.0,1.0,113.0,9.42,7.6,7.38,9.08,5,2,1,3,1,0.71,0.8,8.81,142.5,11.88,9.6,8.26,11.47,4,3,1,1,3,0.71,1.0,10.84,172.0,14.33,12.2,9.22,13.86,4,2,1,2,3,1.0,1.25,13.29
Tyler Boyd ,CIN,WR,1.0,15,79,5.27,110,7.33,841,56.07,10.65,72,18.73,10,0.67,4,0.27,5,0.33,49,3.27,9.8,0,0.0,84,5.6,115,7.67,0,0.0,0.0,1.0,113.6,7.57,7.9,5.34,7.92,7,3,3,2,0,0.5,0.29,8.21,153.1,10.21,10.4,6.53,10.45,6,2,3,3,1,0.88,0.67,10.75,192.6,12.84,12.9,7.88,12.91,4,3,3,3,2,1.14,1.25,13.27
Cole Beasley ,BUF,WR,2.0,15,82,5.47,107,7.13,967,64.47,11.79,35,20.67,17,1.13,4,0.27,0,0.0,0,0.0,0.0,0,0.0,82,5.47,107,7.13,0,0.0,0.0,1.0,125.5,8.37,7.3,4.98,8.91,6,3,4,1,1,0.67,0.33,8.42,166.5,11.1,9.5,6.2,11.51,4,5,2,2,2,0.67,1.0,10.75,207.5,13.83,12.0,7.53,14.07,3,4,4,1,3,1.14,1.33,13.35
Emmanuel Sanders ,FA,WR,12.0,14,61,4.36,82,5.86,726,51.86,11.9,51,21.21,14,1.0,5,0.36,1,0.07,12,0.86,12.0,0,0.0,62,4.43,83,5.93,0,0.0,0.0,1.0,103.8,7.41,8.45,4.21,8.23,4,4,6,0,0,0.75,0.0,8.47,134.3,9.59,10.55,5.4,10.3,4,3,5,2,0,1.0,0.5,10.6,164.8,11.77,12.55,6.73,12.32,3,4,5,1,1,1.0,0.67,12.45
Marquise Brown ,ARI,WR,2.0,16,58,3.62,100,6.25,769,48.06,13.26,70,24.88,25,1.56,8,0.5,1,0.06,1,0.06,1.0,0,0.0,59,3.69,101,6.31,0,0.0,0.0,1.0,125.0,7.81,8.55,4.86,8.37,6,3,4,3,0,0.78,0.5,8.76,154.0,9.62,10.55,5.48,10.3,6,3,4,3,0,0.78,0.5,10.53,183.0,11.44,12.55,6.17,12.23,5,2,6,3,0,1.29,0.6,12.57
Tee Higgins ,CIN,WR,2.0,16,67,4.19,108,6.75,908,56.75,13.55,67,24.31,22,1.38,6,0.38,5,0.31,28,1.75,5.6,0,0.0,72,4.5,113,7.06,1,0.06,0.01,1.0,127.6,7.98,7.3,5.57,8.25,7,3,2,4,0,0.6,0.57,8.15,161.1,10.07,9.6,6.42,10.35,5,3,3,5,0,1.0,1.0,10.44,194.6,12.16,11.8,7.31,12.46,5,3,3,4,1,1.0,1.0,12.37
Chase Claypool ,CHI,WR,2.0,16,62,3.88,109,6.81,873,54.56,14.08,84,27.94,26,1.62,9,0.56,10,0.62,16,1.0,1.6,2,0.12,72,4.5,119,7.44,1,0.06,0.01,1.0,152.9,9.56,6.35,8.83,8.82,8,2,1,4,1,0.6,0.62,8.02,183.9,11.49,9.45,9.41,10.74,6,3,2,4,1,0.78,0.83,10.43,214.9,13.43,12.2,10.06,12.71,6,2,3,4,1,1.0,0.83,12.66
Tyler Lockett ,SEA,WR,1.0,16,100,6.25,132,8.25,1054,65.88,10.54,47,23.19,17,1.06,10,0.62,0,0.0,0,0.0,0.0,0,0.0,100,6.25,132,8.25,0,0.0,0.0,1.0,165.4,10.34,5.75,10.24,9.19,8,3,2,0,3,0.45,0.38,7.87,215.4,13.46,8.4,11.9,11.87,7,3,1,2,3,0.6,0.71,10.42,265.4,16.59,10.9,13.59,14.56,5,4,1,3,3,0.78,1.2,12.97
Marvin Jones Jr. ,FA,WR,4.0,16,76,4.75,115,7.19,978,61.12,12.87,43,20.81,23,1.44,9,0.56,0,0.0,0,0.0,0.0,0,0.0,76,4.75,115,7.19,0,0.0,0.0,1.0,151.8,9.49,6.75,7.89,9.0,8,2,1,4,1,0.6,0.62,8.26,189.8,11.86,9.05,8.87,11.25,5,5,1,2,3,0.6,1.0,10.4,227.8,14.24,11.55,9.92,13.52,3,5,3,1,4,1.0,1.67,12.92
Kenny Golladay ,FA,WR,10.0,5,20,4.0,32,6.4,338,67.6,16.9,48,22.6,7,1.4,2,0.4,0,0.0,0,0.0,0.0,0,0.0,20,4.0,32,6.4,0,0.0,0.0,0.72,45.8,9.16,11.4,5.16,9.66,1,0,4,0,0,4.0,0.0,8.74,55.8,11.16,14.2,6.3,11.53,1,0,4,0,0,4.0,0.0,10.25,65.8,13.16,16.2,7.46,13.42,1,0,2,2,0,4.0,2.0,11.87
DeVante Parker ,NE,WR,2.0,14,63,4.5,103,7.36,793,56.64,12.59,31,18.5,11,0.79,4,0.29,0,0.0,0,0.0,0.0,0,0.0,63,4.5,103,7.36,0,0.0,0.0,1.0,103.3,7.38,6.65,4.06,8.26,5,3,6,0,0,0.75,0.0,7.82,134.8,9.63,9.4,5.12,10.48,6,2,2,4,0,0.75,0.67,10.22,166.3,11.88,12.15,6.32,12.63,5,2,3,4,0,1.0,0.8,12.58
Jarvis Landry ,FA,WR,5.0,15,72,4.8,101,6.73,840,56.0,11.67,32,19.47,13,0.87,3,0.2,4,0.27,10,0.67,2.5,1,0.07,76,5.07,105,7.0,0,0.0,0.0,1.0,116.0,7.73,6.0,4.83,8.29,7,3,4,0,1,0.5,0.14,7.42,152.0,10.13,8.6,5.61,10.78,5,4,3,2,1,0.67,0.6,9.9,188.0,12.53,11.1,6.43,13.26,5,4,3,2,1,0.67,0.6,12.15
Sterling Shepard ,NYG,WR,1.0,12,66,5.5,90,7.5,656,54.67,9.94,29,21.33,10,0.83,3,0.25,6,0.5,49,4.08,8.17,1,0.08,72,6.0,96,8.0,0,0.0,0.0,1.0,96.5,8.04,5.25,6.41,8.04,7,2,1,1,1,0.33,0.29,7.02,129.5,10.79,8.2,7.23,10.77,4,4,2,1,1,0.5,0.5,9.71,162.5,13.54,11.2,8.17,13.5,3,4,2,1,2,0.71,1.0,12.52
Antonio Brown ,FA,WR,2.0,8,45,5.62,62,7.75,483,60.38,10.73,46,21.0,9,1.12,4,0.5,2,0.25,-2,-0.25,-1.0,0,0.0,47,5.88,64,8.0,0,0.0,0.0,0.88,72.1,9.01,6.2,8.04,8.51,4,1,1,1,1,0.6,0.5,6.94,94.6,11.82,9.95,9.17,11.12,2,3,1,1,1,0.6,1.0,9.58,117.1,14.64,13.55,10.38,13.74,2,1,3,1,1,1.67,1.0,12.52
Nelson Agholor ,BAL,WR,1.0,16,48,3.0,82,5.12,896,56.0,18.67,85,31.0,30,1.88,8,0.5,0,0.0,0,0.0,0.0,0,0.0,48,3.0,82,5.12,0,0.0,0.0,1.0,137.6,8.6,7.0,6.42,8.59,8,1,3,3,1,0.78,0.5,8.04,161.6,10.1,8.35,7.09,10.13,7,2,3,3,1,0.78,0.57,9.36,185.6,11.6,9.85,7.82,11.69,6,3,3,3,1,0.78,0.67,10.76
Laviska Shenault Jr. ,CAR,WR,3.0,14,58,4.14,79,5.64,600,42.86,10.34,36,20.0,12,0.86,5,0.36,18,1.29,91,6.5,5.06,0,0.0,76,5.43,97,6.93,0,0.0,0.0,1.0,99.1,7.08,6.15,5.02,7.52,7,3,3,0,1,0.4,0.14,7.08,128.1,9.15,8.4,5.42,9.82,6,2,5,0,1,0.75,0.17,9.31,157.1,11.22,10.65,5.91,12.13,4,4,5,0,1,0.75,0.25,11.38
Russell Gage ,TB,WR,2.0,16,72,4.5,109,6.81,786,49.12,10.92,35,18.19,7,0.44,4,0.25,2,0.12,9,0.56,4.5,0,0.0,74,4.62,111,6.94,0,0.0,0.0,1.0,109.1,6.82,5.6,5.04,7.24,9,1,4,2,0,0.6,0.22,6.83,145.1,9.07,8.45,5.99,9.49,7,3,2,3,1,0.6,0.57,9.21,181.1,11.32,10.95,7.02,11.72,7,2,3,3,1,0.78,0.57,11.42
John Brown ,FA,WR,13.0,9,33,3.67,52,5.78,458,50.89,13.88,46,21.89,12,1.33,3,0.33,0,0.0,0,0.0,0.0,0,0.0,33,3.67,52,5.78,0,0.0,0.0,0.93,63.8,7.09,7.2,5.75,7.28,4,1,3,1,0,0.8,0.25,7.0,80.3,8.92,10.2,6.85,9.03,4,1,1,3,0,0.8,0.75,9.1,96.8,10.76,13.2,8.05,10.76,3,1,1,4,0,1.25,1.33,11.41
Tim Patrick ,DEN,WR,3.0,15,51,3.4,79,5.27,742,49.47,14.55,61,25.53,26,1.73,6,0.4,0,0.0,0,0.0,0.0,0,0.0,51,3.4,79,5.27,0,0.0,0.0,1.0,110.2,7.35,6.1,5.27,7.71,7,2,4,2,0,0.67,0.29,7.15,135.7,9.05,8.1,5.82,9.53,7,1,5,1,1,0.88,0.29,8.97,161.2,10.75,10.1,6.41,11.38,7,1,4,2,1,0.88,0.43,10.74
DJ Chark Jr. ,CAR,WR,2.0,13,53,4.08,93,7.15,706,54.31,13.32,73,24.46,15,1.15,5,0.38,0,0.0,0,0.0,0.0,0,0.0,53,4.08,93,7.15,0,0.0,0.0,1.0,100.6,7.74,5.3,6.61,7.67,8,2,1,0,2,0.3,0.25,6.77,127.1,9.78,7.6,7.43,9.69,5,5,1,0,2,0.3,0.4,8.75,153.6,11.82,9.6,8.3,11.73,4,5,2,0,2,0.44,0.5,10.66
T.Y. Hilton ,FA,WR,11.0,15,56,3.73,93,6.2,762,50.8,13.61,50,23.2,18,1.2,5,0.33,0,0.0,0,0.0,0.0,0,0.0,56,3.73,93,6.2,0,0.0,0.0,1.0,108.2,7.21,5.3,5.87,7.37,8,3,1,2,1,0.36,0.38,6.6,136.2,9.08,7.3,6.48,9.32,7,4,1,1,2,0.36,0.43,8.39,164.2,10.95,9.0,7.13,11.29,5,5,2,1,2,0.5,0.6,10.15
Jerry Jeudy ,DEN,WR,1.0,16,52,3.25,113,7.06,856,53.5,16.46,92,27.5,24,1.5,3,0.19,0,0.0,0,0.0,0.0,0,0.0,52,3.25,113,7.06,0,0.0,0.0,1.0,105.6,6.6,5.55,6.12,6.67,9,4,1,0,2,0.23,0.22,6.38,131.6,8.22,7.8,6.82,8.33,7,6,1,0,2,0.23,0.29,8.15,157.6,9.85,9.9,7.57,10.01,7,5,2,0,2,0.33,0.29,9.9
Deebo Samuel ,SF,WR,2.0,7,33,4.71,44,6.29,391,55.86,11.85,35,20.86,10,1.43,1,0.14,8,1.14,26,3.71,3.25,0,0.0,41,5.86,52,7.43,0,0.0,0.0,0.84,47.7,6.81,7.2,4.68,7.37,3,2,2,0,0,0.4,0.0,6.27,64.2,9.17,9.7,6.37,9.45,3,2,1,1,0,0.4,0.33,8.07,80.7,11.53,12.2,8.09,11.52,3,0,2,1,1,1.33,0.67,10.25
Christian Kirk ,JAC,WR,2.0,14,48,3.43,79,5.64,621,44.36,12.94,80,23.36,17,1.21,6,0.43,2,0.14,3,0.21,1.5,0,0.0,50,3.57,81,5.79,0,0.0,0.0,1.0,98.4,7.03,5.5,6.68,6.95,7,4,0,1,2,0.27,0.43,6.43,122.4,8.74,7.0,7.03,8.79,6,4,1,1,2,0.4,0.5,8.01,146.4,10.46,8.5,7.45,10.66,6,3,2,1,2,0.56,0.5,9.61
Randall Cobb ,FA,WR,24.5,10,38,3.8,48,4.8,441,44.1,11.61,34,19.3,7,0.7,3,0.3,0,0.0,0,0.0,0.0,0,0.0,38,3.8,48,4.8,0,0.0,0.0,0.96,62.1,6.21,5.3,4.02,6.97,6,2,1,1,0,0.25,0.17,5.95,81.1,8.11,7.7,4.48,9.12,4,4,1,1,0,0.25,0.25,7.95,100.1,10.01,9.7,5.1,11.22,4,4,0,2,0,0.25,0.5,9.79
Michael Gallup ,DAL,WR,3.0,16,59,3.69,105,6.56,843,52.69,14.29,55,24.06,21,1.31,5,0.31,0,0.0,0,0.0,0.0,0,0.0,59,3.69,105,6.56,0,0.0,0.0,1.0,114.3,7.14,4.95,6.7,7.06,10,3,0,1,2,0.23,0.3,6.25,143.8,8.99,6.85,7.46,8.9,9,4,0,1,2,0.23,0.33,7.94,173.3,10.83,8.45,8.29,10.76,7,5,1,1,2,0.33,0.43,9.57
Jakobi Meyers ,LV,WR,2.0,14,59,4.21,81,5.79,729,52.07,12.36,35,18.64,14,1.0,0,0.0,2,0.14,9,0.64,4.5,0,0.0,61,4.36,83,5.93,1,0.07,0.02,1.0,83.6,5.97,4.95,5.0,6.35,8,3,2,1,0,0.27,0.12,5.85,113.1,8.08,7.2,6.5,8.28,7,2,3,1,1,0.56,0.29,7.91,142.6,10.19,9.45,8.03,10.2,5,4,3,1,1,0.56,0.4,9.81
Rashard Higgins ,FA,WR,29.5,13,37,2.85,52,4.0,599,46.08,16.19,43,21.54,18,1.38,4,0.31,0,0.0,0,0.0,0.0,0,0.0,37,2.85,52,4.0,0,0.0,0.0,1.0,83.9,6.45,6.5,4.81,6.93,6,4,2,1,0,0.3,0.17,6.63,102.4,7.88,7.8,5.79,8.31,6,4,1,2,0,0.3,0.33,7.88,120.9,9.3,8.3,6.79,9.71,6,3,1,3,0,0.44,0.5,8.85
Keke Coutee ,FA,WR,21.5,8,33,4.12,40,5.0,400,50.0,12.12,64,21.25,8,1.0,3,0.38,0,0.0,0,0.0,0.0,0,0.0,33,4.12,40,5.0,3,0.38,0.09,0.88,54.0,6.75,6.7,4.4,7.41,3,4,0,1,0,0.14,0.33,6.19,70.5,8.81,7.95,5.35,9.48,2,3,2,1,0,0.6,0.5,7.76,87.0,10.88,9.9,6.36,11.54,2,3,2,0,1,0.6,0.5,9.35
Darnell Mooney ,CHI,WR,3.0,16,61,3.81,98,6.12,631,39.44,10.34,53,21.0,13,0.81,4,0.25,4,0.25,20,1.25,5.0,0,0.0,65,4.06,102,6.38,0,0.0,0.0,1.0,91.1,5.69,4.3,3.78,6.49,11,2,3,0,0,0.23,0.0,5.61,121.6,7.6,6.55,4.37,8.61,10,2,3,1,0,0.33,0.1,7.65,152.1,9.51,8.35,5.12,10.65,6,6,2,2,0,0.33,0.33,9.44
Gabe Davis ,BUF,WR,3.0,16,35,2.19,62,3.88,599,37.44,17.11,56,20.31,20,1.25,7,0.44,1,0.06,0,0.0,0.0,0,0.0,36,2.25,63,3.94,0,0.0,0.0,1.0,101.9,6.37,6.2,5.5,6.61,8,4,2,2,0,0.33,0.25,6.39,119.4,7.46,7.7,5.91,7.84,7,5,2,2,0,0.33,0.29,7.62,136.9,8.56,8.6,6.37,9.07,8,3,2,3,0,0.45,0.38,8.67
Michael Thomas ,NO,WR,1.0,7,40,5.71,55,7.86,438,62.57,10.95,24,18.57,5,0.71,0,0.0,1,0.14,1,0.14,1.0,0,0.0,41,5.86,56,8.0,0,0.0,0.0,0.84,43.9,6.27,5.1,3.56,7.26,4,1,2,0,0,0.4,0.0,5.49,63.9,9.13,7.6,4.99,10.0,2,2,3,0,0,0.75,0.0,7.61,83.9,11.99,10.1,6.44,12.68,2,2,1,2,0,0.75,1.0,9.77
Mike Williams ,LAC,WR,2.0,15,48,3.2,85,5.67,756,50.4,15.75,64,25.07,21,1.4,5,0.33,1,0.07,1,0.07,1.0,0,0.0,49,3.27,86,5.73,0,0.0,0.0,1.0,105.7,7.05,4.3,6.99,6.89,9,2,1,2,1,0.36,0.33,5.87,129.7,8.65,6.3,7.73,8.49,8,3,0,3,1,0.36,0.5,7.54,153.7,10.25,8.3,8.5,10.11,7,3,1,2,2,0.5,0.57,9.25
Odell Beckham Jr. ,FA,WR,8.0,7,23,3.29,43,6.14,319,45.57,13.87,43,21.86,6,0.86,3,0.43,3,0.43,72,10.29,24.0,1,0.14,26,3.71,46,6.57,0,0.0,0.0,0.84,63.8,9.11,5.9,11.55,7.86,4,1,1,0,1,0.4,0.25,5.95,75.3,10.76,7.9,12.13,9.43,3,2,0,1,1,0.4,0.67,7.38,86.8,12.4,9.9,12.76,11.06,3,2,0,1,1,0.4,0.67,8.75
Keelan Cole Sr. ,LV,WR,3.0,16,55,3.44,88,5.5,642,40.12,11.67,51,17.62,12,0.75,5,0.31,1,0.06,2,0.12,2.0,0,0.0,56,3.5,89,5.56,0,0.0,0.0,1.0,100.4,6.28,4.35,5.35,6.56,10,1,3,2,0,0.45,0.2,5.74,127.9,7.99,6.1,6.18,8.3,10,1,2,3,0,0.45,0.3,7.34,155.4,9.71,7.85,7.05,10.04,8,3,1,4,0,0.45,0.5,8.96
Jalen Reagor ,MIN,WR,2.0,11,31,2.82,54,4.91,396,36.0,12.77,55,22.45,9,0.82,1,0.09,4,0.36,26,2.36,6.5,0,0.0,35,3.18,58,5.27,0,0.0,0.0,1.0,56.2,5.11,4.7,3.05,6.15,8,1,2,0,0,0.22,0.0,5.52,71.7,6.52,6.4,2.98,8.12,7,2,2,0,0,0.22,0.0,7.17,87.2,7.93,8.5,3.06,10.1,4,6,1,0,0,0.1,0.0,8.95
Allen Lazard ,NYJ,WR,3.0,10,33,3.3,46,4.6,451,45.1,13.67,72,24.1,13,1.3,3,0.3,2,0.2,17,1.7,8.5,0,0.0,35,3.5,48,4.8,0,0.0,0.0,0.96,64.8,6.48,4.75,6.28,6.51,7,1,0,1,1,0.25,0.29,5.54,81.3,8.13,6.25,6.9,8.21,6,2,0,1,1,0.25,0.33,6.94,97.8,9.78,7.75,7.53,9.95,5,2,1,1,1,0.43,0.4,8.45
Danny Amendola ,FA,WR,21.5,14,46,3.29,69,4.93,602,43.0,13.09,50,21.64,13,0.93,0,0.0,1,0.07,2,0.14,2.0,0,0.0,47,3.36,70,5.0,0,0.0,0.0,1.0,60.4,4.31,4.55,2.57,5.42,9,5,0,0,0,0.0,0.0,4.99,83.4,5.96,6.45,3.27,7.25,9,4,1,0,0,0.08,0.0,6.71,106.4,7.6,8.05,4.05,9.03,7,4,3,0,0,0.27,0.0,8.32
Kendrick Bourne ,NE,WR,3.0,15,49,3.27,74,4.93,667,44.47,13.61,49,19.6,9,0.6,2,0.13,0,0.0,0,0.0,0.0,0,0.0,49,3.27,74,4.93,0,0.0,0.0,1.0,80.7,5.38,4.4,3.6,6.21,8,6,0,1,0,0.07,0.12,5.34,105.2,7.01,5.5,4.15,8.04,8,5,1,1,0,0.15,0.12,6.7,129.7,8.65,7.5,4.83,9.83,8,4,2,1,0,0.25,0.12,8.45
Preston Williams ,CAR,WR,4.0,8,18,2.25,35,4.38,288,36.0,16.0,47,21.38,10,1.25,4,0.5,0,0.0,0,0.0,0.0,0,0.0,18,2.25,35,4.38,0,0.0,0.0,0.88,56.8,7.1,5.65,4.99,7.55,4,2,1,1,0,0.33,0.25,5.84,65.8,8.22,6.4,5.5,8.79,4,2,1,1,0,0.33,0.25,6.63,74.8,9.35,7.4,6.02,10.06,4,2,1,1,0,0.33,0.25,7.54
Sammy Watkins ,FA,WR,14.0,10,37,3.7,55,5.5,421,42.1,11.38,37,18.2,5,0.5,2,0.2,1,0.1,3,0.3,3.0,0,0.0,38,3.8,56,5.6,1,0.1,0.03,0.96,51.4,5.14,4.5,4.1,5.74,6,3,0,1,0,0.11,0.17,5.08,69.9,6.99,6.0,4.8,7.73,6,3,0,1,0,0.11,0.17,6.6,88.4,8.84,7.65,5.6,9.68,6,2,1,1,0,0.25,0.17,8.23
Zach Pascal ,ARI,WR,3.0,16,44,2.75,71,4.44,629,39.31,14.3,42,21.88,16,1.0,5,0.31,0,0.0,0,0.0,0.0,0,0.0,44,2.75,71,4.44,0,0.0,0.0,1.0,92.9,5.81,4.25,4.99,6.18,12,1,2,0,1,0.23,0.08,5.27,114.9,7.18,5.6,5.45,7.69,10,3,2,0,1,0.23,0.1,6.57,136.9,8.56,7.35,5.94,9.23,9,4,2,0,1,0.23,0.11,8.05
Mecole Hardman ,NYJ,WR,4.0,16,41,2.56,62,3.88,560,35.0,13.66,49,20.88,13,0.81,4,0.25,4,0.25,31,1.94,7.75,0,0.0,45,2.81,66,4.12,2,0.12,0.04,1.0,87.1,5.44,4.9,4.63,5.9,10,4,0,2,0,0.14,0.2,5.39,107.6,6.72,6.15,5.36,7.24,10,4,0,2,0,0.14,0.2,6.56,128.1,8.01,7.35,6.1,8.58,10,3,1,1,1,0.23,0.2,7.75
Hunter Renfrow ,LV,WR,4.0,16,56,3.5,77,4.81,656,41.0,11.71,53,21.12,13,0.81,2,0.12,0,0.0,0,0.0,0.0,0,0.0,56,3.5,77,4.81,1,0.06,0.02,1.0,75.6,4.73,3.95,3.31,5.57,12,3,0,1,0,0.07,0.08,4.82,103.6,6.48,5.55,3.89,7.55,11,3,1,1,0,0.14,0.09,6.47,131.6,8.22,7.4,4.56,9.48,8,5,2,1,0,0.23,0.12,8.22
Tre'Quan Smith ,NO,WR,2.0,14,34,2.43,50,3.57,448,32.0,13.18,31,15.71,10,0.71,4,0.29,1,0.07,3,0.21,3.0,0,0.0,35,2.5,51,3.64,0,0.0,0.0,1.0,69.1,4.94,4.25,4.9,5.28,9,3,1,1,0,0.17,0.11,4.76,86.1,6.15,6.5,5.47,6.58,8,3,2,1,0,0.27,0.12,6.42,103.1,7.36,8.3,6.13,7.89,6,5,2,1,0,0.27,0.17,7.83
Darius Slayton ,NYG,WR,3.0,16,50,3.12,96,6.0,751,46.94,15.02,41,21.25,17,1.06,3,0.19,2,0.12,-1,-0.06,-0.5,0,0.0,52,3.25,98,6.12,1,0.06,0.02,1.0,91.0,5.69,3.3,5.68,5.86,11,2,2,0,1,0.23,0.09,4.87,116.0,7.25,4.8,6.51,7.43,10,2,2,1,1,0.33,0.2,6.33,141.0,8.81,6.3,7.39,9.01,10,3,1,1,1,0.23,0.2,7.67
Greg Ward ,PHI,WR,2.0,16,53,3.31,79,4.94,419,26.19,7.91,32,13.31,4,0.25,6,0.38,2,0.12,-4,-0.25,-2.0,0,0.0,55,3.44,81,5.06,0,0.0,0.0,1.0,80.1,5.01,3.45,4.65,5.42,11,1,3,1,0,0.33,0.09,4.69,106.6,6.66,5.25,5.31,7.18,11,1,2,2,0,0.33,0.18,6.31,133.1,8.32,6.85,6.05,8.94,9,2,3,2,0,0.45,0.22,7.89
Marquez Valdes-Scantling ,KC,WR,1.0,16,33,2.06,63,3.94,690,43.12,20.91,78,25.75,27,1.69,6,0.38,4,0.25,13,0.81,3.25,0,0.0,37,2.31,67,4.19,1,0.06,0.03,1.0,104.3,6.52,3.35,7.43,6.28,10,1,0,4,1,0.45,0.5,5.1,120.8,7.55,4.85,8.1,7.33,10,1,0,4,1,0.45,0.5,6.25,137.3,8.58,6.35,8.82,8.39,9,2,0,4,1,0.45,0.56,7.42
Golden Tate ,FA,WR,27.0,12,35,2.92,52,4.33,388,32.33,11.09,39,21.67,8,0.67,2,0.17,0,0.0,0,0.0,0.0,0,0.0,35,2.92,52,4.33,0,0.0,0.0,1.0,51.5,4.29,3.75,2.85,5.25,10,0,2,0,0,0.2,0.0,4.58,69.0,5.75,5.5,2.77,7.3,9,2,1,0,0,0.09,0.0,6.24,86.5,7.21,7.3,2.91,9.3,7,5,0,0,0,0.0,0.0,7.9
Josh Reynolds ,DET,WR,1.0,16,52,3.25,81,5.06,618,38.62,11.88,40,18.69,10,0.62,2,0.12,1,0.06,5,0.31,5.0,0,0.0,53,3.31,82,5.12,1,0.06,0.02,1.0,72.3,4.52,3.65,3.3,5.33,12,2,2,0,0,0.14,0.0,4.63,98.3,6.14,5.25,3.91,7.15,12,1,3,0,0,0.23,0.0,6.21,124.3,7.77,6.75,4.65,8.91,9,3,3,1,0,0.33,0.11,7.76
Chad Hansen ,FA,WR,24.5,5,17,3.4,24,4.8,236,47.2,13.88,38,20.2,4,0.8,1,0.2,0,0.0,0,0.0,0.0,0,0.0,17,3.4,24,4.8,0,0.0,0.0,0.72,29.6,5.92,5.6,4.84,6.35,3,0,2,0,0,0.67,0.0,4.46,38.1,7.62,9.1,5.38,8.19,2,1,2,0,0,0.67,0.0,6.2,46.6,9.32,12.6,6.14,9.98,2,0,3,0,0,1.5,0.0,8.21
Larry Fitzgerald ,FA,WR,15.0,13,54,4.15,72,5.54,409,31.46,7.57,18,11.08,0,0.0,1,0.08,0,0.0,0,0.0,0.0,0,0.0,54,4.15,72,5.54,0,0.0,0.0,1.0,46.9,3.61,3.4,2.76,4.45,10,2,1,0,0,0.08,0.0,4.13,73.9,5.68,5.5,3.59,6.76,8,4,1,0,0,0.08,0.0,6.11,100.9,7.76,7.5,4.57,8.94,7,2,4,0,0,0.44,0.0,8.18
Michael Pittman Jr. ,IND,WR,1.0,13,40,3.08,61,4.69,503,38.69,12.58,45,19.0,10,0.77,1,0.08,3,0.23,26,2.0,8.67,0,0.0,43,3.31,64,4.92,0,0.0,0.0,1.0,58.9,4.53,3.7,3.77,5.17,11,0,2,0,0,0.18,0.0,4.58,78.9,6.07,5.3,4.34,6.88,9,2,1,1,0,0.18,0.11,6.09,98.9,7.61,6.5,4.98,8.58,9,2,1,1,0,0.18,0.11,7.4
David Moore ,FA,WR,36.0,16,35,2.19,47,2.94,417,26.06,11.91,57,17.94,14,0.88,6,0.38,8,0.5,61,3.81,7.62,0,0.0,43,2.69,55,3.44,0,0.0,0.0,1.0,83.8,5.24,4.25,5.08,5.55,11,1,3,1,0,0.33,0.09,4.94,101.3,6.33,5.25,5.53,6.76,9,3,2,2,0,0.33,0.22,5.97,118.8,7.42,6.25,5.99,8.0,9,3,2,2,0,0.33,0.22,6.98
Denzel Mims ,NYJ,WR,2.0,9,23,2.56,44,4.89,357,39.67,15.52,30,19.44,7,0.78,0,0.0,0,0.0,0,0.0,0.0,0,0.0,23,2.56,44,4.89,0,0.0,0.0,0.93,37.7,4.19,4.2,2.56,5.26,5,4,0,0,0,0.0,0.0,4.4,49.2,5.47,6.2,3.11,6.74,5,4,0,0,0,0.0,0.0,5.85,60.7,6.74,8.0,3.71,8.19,4,5,0,0,0,0.0,0.0,7.2
Chris Conley ,TEN,WR,1.0,15,40,2.67,63,4.2,471,31.4,11.78,51,17.8,9,0.6,2,0.13,0,0.0,0,0.0,0.0,0,0.0,40,2.67,63,4.2,1,0.07,0.02,1.0,57.1,3.81,4.3,3.08,4.57,12,3,0,0,0,0.0,0.0,4.41,77.1,5.14,5.9,3.68,6.07,11,3,1,0,0,0.07,0.0,5.84,97.1,6.47,7.4,4.46,7.5,9,4,2,0,0,0.15,0.0,7.2
Travis Fulgham ,FA,WR,18.0,13,38,2.92,67,5.15,539,41.46,14.18,42,18.69,11,0.85,4,0.31,0,0.0,0,0.0,0.0,0,0.0,38,2.92,67,5.15,0,0.0,0.0,1.0,77.9,5.99,2.7,6.88,5.88,8,1,1,2,1,0.44,0.38,4.69,96.9,7.45,3.7,8.27,7.2,8,1,1,2,1,0.44,0.38,5.73,115.9,8.92,4.7,9.68,8.52,8,0,2,2,1,0.62,0.38,6.87
A.J. Green ,FA,WR,9.0,16,47,2.94,104,6.5,523,32.69,11.13,33,12.25,5,0.31,2,0.12,0,0.0,0,0.0,0.0,0,0.0,47,2.94,104,6.5,0,0.0,0.0,1.0,64.3,4.02,3.25,4.16,4.47,11,2,3,0,0,0.23,0.0,4.24,87.8,5.49,4.7,5.39,5.89,10,2,3,1,0,0.33,0.1,5.61,111.3,6.96,5.95,6.68,7.29,9,3,2,2,0,0.33,0.22,6.83
Breshad Perriman ,FA,WR,20.0,12,30,2.5,60,5.0,505,42.08,16.83,53,26.0,19,1.58,3,0.25,1,0.08,6,0.5,6.0,0,0.0,31,2.58,61,5.08,0,0.0,0.0,1.0,69.1,5.76,2.65,6.18,5.81,7,3,1,0,1,0.2,0.14,4.45,84.1,7.01,3.9,6.69,7.13,7,3,1,0,1,0.2,0.14,5.61,99.1,8.26,5.15,7.24,8.48,7,3,1,0,1,0.2,0.14,6.78
Demarcus Robinson ,FA,WR,31.0,15,45,3.0,59,3.93,466,31.07,10.36,28,15.27,7,0.47,3,0.2,0,0.0,0,0.0,0.0,0,0.0,45,3.0,59,3.93,1,0.07,0.02,1.0,62.6,4.17,3.6,3.52,4.84,11,3,1,0,0,0.07,0.0,4.23,85.1,5.67,4.9,4.06,6.54,9,5,1,0,0,0.07,0.0,5.58,107.6,7.17,5.9,4.72,8.2,8,6,1,0,0,0.07,0.0,6.77
Adam Humphries ,FA,WR,19.0,7,23,3.29,35,5.0,228,32.57,9.91,23,14.43,2,0.29,2,0.29,1,0.14,0,0.0,0.0,0,0.0,24,3.43,36,5.14,0,0.0,0.0,0.84,34.8,4.97,4.1,4.84,5.33,5,0,2,0,0,0.4,0.0,4.15,46.3,6.61,6.1,5.94,6.93,4,1,1,1,0,0.4,0.25,5.56,57.8,8.26,8.1,7.11,8.52,3,2,1,1,0,0.4,0.33,6.93
Jakeem Grant Sr. ,CLE,WR,2.0,14,36,2.57,54,3.86,373,26.64,10.36,30,14.93,4,0.29,1,0.07,3,0.21,20,1.43,6.67,0,0.0,39,2.79,57,4.07,0,0.0,0.0,1.0,51.3,3.66,3.55,2.82,4.5,12,1,1,0,0,0.08,0.0,4.07,69.3,4.95,5.15,3.13,6.09,12,1,1,0,0,0.08,0.0,5.5,87.3,6.24,6.2,3.54,7.66,10,3,1,0,0,0.08,0.0,6.68
Tyron Johnson ,SF,WR,3.0,12,20,1.67,26,2.17,398,33.17,19.9,55,25.42,19,1.58,3,0.25,3,0.25,17,1.42,5.67,0,0.0,23,1.92,29,2.42,0,0.0,0.0,1.0,59.5,4.96,4.25,4.53,5.4,8,1,3,0,0,0.33,0.0,4.75,69.5,5.79,5.0,5.13,6.3,8,1,3,0,0,0.33,0.0,5.49,79.5,6.62,5.8,5.79,7.2,8,1,2,1,0,0.33,0.12,6.29
KJ Hamler ,DEN,WR,4.0,13,30,2.31,56,4.31,381,29.31,12.7,49,15.62,9,0.69,3,0.23,9,0.69,40,3.08,4.44,0,0.0,39,3.0,65,5.0,0,0.0,0.0,1.0,60.1,4.62,3.4,5.62,4.77,10,2,0,0,1,0.08,0.1,4.24,75.1,5.78,4.4,6.05,6.03,8,3,1,0,1,0.18,0.12,5.32,90.1,6.93,5.8,6.58,7.29,8,3,1,0,1,0.18,0.12,6.51
Damiere Byrd ,FA,WR,23.0,16,47,2.94,77,4.81,604,37.75,12.85,42,18.19,15,0.94,1,0.06,2,0.12,15,0.94,7.5,0,0.0,49,3.06,79,4.94,0,0.0,0.0,1.0,67.9,4.24,3.0,4.94,4.53,12,3,0,0,1,0.07,0.08,3.94,91.4,5.71,4.5,5.76,6.04,11,4,0,0,1,0.07,0.09,5.29,114.9,7.18,6.0,6.63,7.54,11,2,2,0,1,0.23,0.09,6.72
DeSean Jackson ,FA,WR,16.0,5,14,2.8,26,5.2,236,47.2,16.86,81,31.4,6,1.2,1,0.2,1,0.2,12,2.4,12.0,0,0.0,15,3.0,27,5.4,0,0.0,0.0,0.72,30.8,6.16,4.6,4.84,6.6,3,1,0,1,0,0.25,0.33,4.18,37.8,7.56,6.1,4.71,8.4,3,1,1,0,0,0.25,0.0,5.18,44.8,8.96,7.6,4.78,10.21,3,0,2,0,0,0.67,0.0,6.41
Jalen Guyton ,FA,WR,33.0,16,28,1.75,55,3.44,511,31.94,18.25,72,24.25,18,1.12,3,0.19,2,0.12,0,0.0,0.0,0,0.0,30,1.88,57,3.56,0,0.0,0.0,1.0,69.1,4.32,2.85,4.53,4.71,12,1,2,1,0,0.23,0.08,3.89,83.1,5.19,4.6,4.71,5.77,12,1,2,1,0,0.23,0.08,5.16,97.1,6.07,5.65,4.95,6.86,12,1,3,0,0,0.23,0.0,6.1
Willie Snead IV ,FA,WR,32.0,13,33,2.54,48,3.69,432,33.23,13.09,34,14.77,10,0.77,3,0.23,0,0.0,0,0.0,0.0,0,0.0,33,2.54,48,3.69,0,0.0,0.0,1.0,61.2,4.71,2.9,5.57,4.87,10,0,2,0,1,0.3,0.1,4.04,77.7,5.98,3.8,6.25,6.19,10,0,2,0,1,0.3,0.1,5.04,94.2,7.25,4.9,6.97,7.52,10,0,2,0,1,0.3,0.1,6.13
Anthony Miller ,PIT,WR,2.0,16,49,3.06,76,4.75,485,30.31,9.9,34,14.31,5,0.31,2,0.12,2,0.12,12,0.75,6.0,0,0.0,51,3.19,78,4.88,1,0.06,0.02,1.0,59.7,3.73,2.4,3.87,4.23,13,1,1,1,0,0.14,0.08,3.56,84.2,5.26,3.65,4.37,5.96,12,1,2,1,0,0.23,0.08,4.95,108.7,6.79,4.9,4.99,7.66,11,2,2,1,0,0.23,0.09,6.28
Julian Edelman ,FA,WR,7.0,6,21,3.5,39,6.5,315,52.5,15.0,49,20.33,6,1.0,0,0.0,2,0.33,22,3.67,11.0,0,0.0,23,3.83,41,6.83,0,0.0,0.0,0.78,35.2,5.87,2.9,6.36,5.87,4,1,0,1,0,0.2,0.25,3.75,45.7,7.62,4.15,7.63,7.5,4,1,0,0,1,0.2,0.25,4.77,56.2,9.37,5.4,8.91,9.13,4,0,1,0,1,0.5,0.25,5.9
James Washington ,FA,WR,34.5,16,30,1.88,56,3.5,392,24.5,13.07,50,14.31,9,0.56,5,0.31,0,0.0,0,0.0,0.0,0,0.0,30,1.88,56,3.5,0,0.0,0.0,1.0,69.2,4.32,2.35,4.69,4.67,11,3,1,1,0,0.14,0.09,3.6,84.2,5.26,3.85,5.08,5.74,11,3,2,0,0,0.14,0.0,4.74,99.2,6.2,5.1,5.55,6.81,10,4,1,1,0,0.14,0.1,5.8
Henry Ruggs III ,FA,WR,29.5,13,26,2.0,43,3.31,452,34.77,17.38,72,22.0,18,1.38,2,0.15,9,0.69,49,3.77,5.44,0,0.0,35,2.69,52,4.0,2,0.15,0.06,1.0,58.1,4.47,1.8,5.21,4.7,10,1,1,1,0,0.18,0.1,3.44,71.1,5.47,3.3,5.44,5.86,10,1,1,1,0,0.18,0.1,4.64,84.1,6.47,4.8,5.72,7.05,9,2,1,1,0,0.18,0.11,5.85
Braxton Berrios ,MIA,WR,2.0,16,37,2.31,55,3.44,394,24.62,10.65,43,15.19,10,0.62,3,0.19,3,0.19,29,1.81,9.67,0,0.0,40,2.5,58,3.62,0,0.0,0.0,1.0,60.3,3.77,2.55,4.41,4.14,13,0,3,0,0,0.23,0.0,3.49,78.8,4.92,3.3,5.21,5.34,12,1,3,0,0,0.23,0.0,4.36,97.3,6.08,4.1,6.14,6.51,12,1,2,1,0,0.23,0.08,5.27
Quintez Cephus ,DET,WR,2.0,13,20,1.54,35,2.69,349,26.85,17.45,49,18.77,12,0.92,2,0.15,0,0.0,0,0.0,0.0,0,0.0,20,1.54,35,2.69,0,0.0,0.0,1.0,46.9,3.61,2.7,3.96,4.07,11,0,2,0,0,0.18,0.0,3.41,56.9,4.38,3.7,4.24,4.99,11,0,2,0,0,0.18,0.0,4.27,66.9,5.15,4.6,4.56,5.94,10,1,2,0,0,0.18,0.0,5.1
Isaiah McKenzie ,IND,WR,2.0,16,30,1.88,34,2.12,282,17.62,9.4,46,12.69,5,0.31,5,0.31,10,0.62,9,0.56,0.9,0,0.0,40,2.5,44,2.75,0,0.0,0.0,1.0,69.6,4.35,2.3,6.15,4.39,12,3,0,0,1,0.07,0.08,3.34,84.6,5.29,3.3,6.76,5.37,12,3,0,0,1,0.07,0.08,4.23,99.6,6.22,4.3,7.41,6.36,12,3,0,0,1,0.07,0.08,5.12
N'Keal Harry ,FA,WR,28.0,14,33,2.36,57,4.07,309,22.07,9.36,30,10.71,3,0.21,2,0.14,2,0.14,0,0.0,0.0,0,0.0,35,2.5,59,4.21,1,0.07,0.03,1.0,40.9,2.92,1.8,2.99,3.53,11,3,0,0,0,0.0,0.0,2.82,57.4,4.1,3.55,3.84,4.79,11,2,1,0,0,0.08,0.0,4.22,73.9,5.28,4.65,4.82,6.0,10,3,1,0,0,0.08,0.0,5.25
Isaiah Ford ,FA,WR,26.0,10,28,2.8,44,4.4,276,27.6,9.86,18,11.4,0,0.0,0,0.0,0,0.0,0,0.0,0.0,0,0.0,28,2.8,44,4.4,0,0.0,0.0,0.96,27.6,2.76,2.05,2.24,3.59,9,1,0,0,0,0.0,0.0,2.87,41.6,4.16,3.3,3.18,5.1,9,0,1,0,0,0.11,0.0,4.13,55.6,5.56,4.55,4.13,6.57,8,1,1,0,0,0.11,0.0,5.31
Cam Sims ,LV,WR,5.0,16,32,2.0,48,3.0,477,29.81,14.91,50,15.25,18,1.12,1,0.06,1,0.06,5,0.31,5.0,0,0.0,33,2.06,49,3.06,0,0.0,0.0,1.0,54.2,3.39,2.1,3.62,3.9,12,3,1,0,0,0.07,0.0,3.04,70.2,4.39,2.85,4.29,4.99,11,3,2,0,0,0.14,0.0,3.91,86.2,5.39,3.85,5.05,6.06,10,4,2,0,0,0.14,0.0,4.84
Scotty Miller ,FA,WR,34.5,16,33,2.06,53,3.31,501,31.31,15.18,48,18.06,16,1.0,3,0.19,3,0.19,14,0.88,4.67,0,0.0,36,2.25,56,3.5,0,0.0,0.0,1.0,69.5,4.34,1.2,5.55,4.5,11,2,1,2,0,0.23,0.18,3.08,86.0,5.38,1.95,6.36,5.54,11,2,1,2,0,0.23,0.18,3.88,102.5,6.41,2.7,7.2,6.59,11,2,1,1,1,0.23,0.18,4.69
Steven Sims Jr. ,HOU,WR,2.0,12,27,2.25,37,3.08,265,22.08,9.81,30,12.08,4,0.33,1,0.08,1,0.08,18,1.5,18.0,0,0.0,28,2.33,38,3.17,2,0.17,0.07,1.0,30.3,2.52,2.05,2.24,3.28,11,1,0,0,0,0.0,0.0,2.72,43.8,3.65,3.3,2.84,4.6,10,2,0,0,0,0.0,0.0,3.87,57.3,4.77,4.55,3.52,5.88,9,3,0,0,0,0.0,0.0,5.01
Deonte Harty ,BUF,WR,4.0,9,20,2.22,25,2.78,186,20.67,9.3,40,13.11,3,0.33,1,0.11,6,0.67,51,5.67,8.5,0,0.0,26,2.89,31,3.44,1,0.11,0.04,0.93,27.7,3.08,2.5,3.06,3.7,8,0,1,0,0,0.12,0.0,2.96,37.7,4.19,3.1,3.32,5.08,8,0,1,0,0,0.12,0.0,3.79,47.7,5.3,4.4,3.68,6.45,8,0,1,0,0,0.12,0.0,4.9
Marvin Hall ,FA,WR,40.5,12,18,1.5,32,2.67,302,25.17,16.78,73,18.75,10,0.83,2,0.17,1,0.08,1,0.08,1.0,0,0.0,19,1.58,33,2.75,0,0.0,0.0,1.0,42.3,3.52,1.6,4.44,3.86,9,1,2,0,0,0.2,0.0,2.83,51.3,4.27,2.85,4.84,4.72,9,1,2,0,0,0.2,0.0,3.78,60.3,5.02,3.6,5.28,5.59,9,1,2,0,0,0.2,0.0,4.51
Richie James Jr. ,FA,WR,37.0,11,23,2.09,35,3.18,394,35.82,17.13,47,15.82,15,1.36,1,0.09,0,0.0,0,0.0,0.0,0,0.0,23,2.09,35,3.18,2,0.18,0.09,1.0,41.4,3.76,0.6,7.18,3.66,9,1,0,0,1,0.1,0.11,2.31,52.9,4.81,2.1,8.47,4.62,9,1,0,0,1,0.1,0.11,3.42,64.4,5.85,3.6,9.78,5.58,9,1,0,0,1,0.1,0.11,4.53
Mohamed Sanu Sr. ,FA,WR,44.0,10,17,1.7,24,2.4,187,18.7,11.0,21,10.6,3,0.3,1,0.1,1,0.1,3,0.3,3.0,0,0.0,18,1.8,25,2.5,0,0.0,0.0,0.96,27.0,2.7,1.9,3.36,3.17,9,0,1,0,0,0.11,0.0,2.5,35.5,3.55,2.9,4.0,4.11,9,0,1,0,0,0.11,0.0,3.34,44.0,4.4,3.9,4.67,5.04,9,0,1,0,0,0.11,0.0,4.18
Dontrelle Inman ,FA,WR,39.0,10,18,1.8,28,2.8,163,16.3,9.06,17,8.5,0,0.0,2,0.2,0,0.0,0,0.0,0.0,0,0.0,18,1.8,28,2.8,0,0.0,0.0,0.96,28.3,2.83,1.6,4.81,3.04,9,0,0,1,0,0.11,0.11,2.37,37.3,3.73,2.35,5.31,4.02,8,1,0,1,0,0.11,0.12,3.12,46.3,4.63,3.1,5.91,5.0,8,1,0,1,0,0.11,0.12,3.87
KeeSean Johnson ,BUF,WR,5.0,8,15,1.88,23,2.88,173,21.62,11.53,45,16.38,5,0.62,0,0.0,0,0.0,0,0.0,0.0,0,0.0,15,1.88,23,2.88,0,0.0,0.0,0.88,17.3,2.16,1.85,1.62,3.05,8,0,0,0,0,0.0,0.0,2.2,24.8,3.1,2.85,1.91,4.32,8,0,0,0,0,0.0,0.0,3.11,32.3,4.04,3.85,2.27,5.54,8,0,0,0,0,0.0,0.0,3.99
Lynn Bowden Jr. ,NE,WR,4.0,10,28,2.8,37,3.7,211,21.1,7.54,22,6.7,1,0.1,0,0.0,9,0.9,32,3.2,3.56,0,0.0,37,3.7,46,4.6,0,0.0,0.0,0.96,25.6,2.56,1.05,3.0,3.09,9,1,0,0,0,0.0,0.0,2.24,39.6,3.96,1.55,4.51,4.45,6,3,1,0,0,0.11,0.0,3.1,53.6,5.36,2.25,6.06,5.76,6,2,2,0,0,0.25,0.0,4.04
Miles Boykin ,FA,WR,49.0,16,19,1.19,33,2.06,266,16.62,14.0,43,13.19,6,0.38,4,0.25,0,0.0,0,0.0,0.0,0,0.0,19,1.19,33,2.06,0,0.0,0.0,1.0,50.6,3.16,1.4,3.56,3.66,12,2,2,0,0,0.14,0.0,2.56,60.1,3.76,1.9,3.78,4.41,13,2,1,0,0,0.07,0.0,3.08,69.6,4.35,2.4,4.07,5.16,13,3,0,0,0,0.0,0.0,3.61
Olamide Zaccheaus ,FA,WR,38.0,11,20,1.82,32,2.91,274,24.91,13.7,51,11.27,7,0.64,1,0.09,1,0.09,0,0.0,0.0,0,0.0,21,1.91,33,3.0,0,0.0,0.0,1.0,33.4,3.04,1.0,5.1,3.21,9,1,0,1,0,0.1,0.11,2.27,43.4,3.95,1.5,6.08,4.11,9,0,1,1,0,0.22,0.11,2.96,53.4,4.85,2.0,7.15,5.0,8,1,1,1,0,0.22,0.12,3.59
Chris Hogan ,FA,WR,17.0,5,14,2.8,26,5.2,118,23.6,8.43,27,9.4,1,0.2,0,0.0,0,0.0,0,0.0,0.0,0,0.0,14,2.8,26,5.2,0,0.0,0.0,0.72,11.8,2.36,2.0,3.07,2.83,4,1,0,0,0,0.0,0.0,1.94,18.8,3.76,3.5,4.2,4.3,4,1,0,0,0,0.0,0.0,2.91,25.8,5.16,5.0,5.36,5.71,4,0,1,0,0,0.25,0.0,3.94
Andy Isabella ,BAL,WR,2.0,13,21,1.62,35,2.69,224,17.23,10.67,54,12.54,6,0.46,2,0.15,1,0.08,-6,-0.46,-6.0,0,0.0,22,1.69,36,2.77,0,0.0,0.0,1.0,33.8,2.6,0.7,4.48,2.84,11,1,0,1,0,0.08,0.09,1.94,44.3,3.41,1.7,4.96,3.74,11,1,0,1,0,0.08,0.09,2.79,54.8,4.22,2.4,5.48,4.64,11,1,0,1,0,0.08,0.09,3.51
Parris Campbell ,NYG,WR,4.0,2,6,3.0,9,4.5,71,35.5,11.83,21,10.5,1,0.5,0,0.0,2,1.0,16,8.0,8.0,0,0.0,8,4.0,11,5.5,0,0.0,0.0,0.44,8.7,4.35,4.35,5.16,4.59,1,1,0,0,0,0.0,0.0,2.02,11.7,5.85,5.85,7.28,5.83,1,0,1,0,0,1.0,0.0,2.79,14.7,7.35,7.35,9.4,7.07,1,0,1,0,0,1.0,0.0,3.33
Marquez Callaway ,DEN,WR,5.0,11,21,1.91,27,2.45,213,19.36,10.14,27,8.09,1,0.09,0,0.0,0,0.0,0,0.0,0.0,0,0.0,21,1.91,27,2.45,0,0.0,0.0,1.0,21.3,1.94,1.1,2.51,2.45,10,1,0,0,0,0.0,0.0,1.84,31.8,2.89,2.1,3.72,3.41,10,0,1,0,0,0.1,0.0,2.77,42.3,3.85,2.6,4.96,4.34,9,1,1,0,0,0.1,0.0,3.42
Donovan Peoples-Jones ,CLE,WR,3.0,12,14,1.17,20,1.67,304,25.33,21.71,75,14.67,9,0.75,2,0.17,0,0.0,0,0.0,0.0,0,0.0,14,1.17,20,1.67,0,0.0,0.0,1.0,44.4,3.7,0.55,5.42,3.85,9,1,1,1,0,0.2,0.11,2.28,51.4,4.28,0.8,5.96,4.49,8,1,2,1,0,0.33,0.12,2.74,58.4,4.87,1.05,6.52,5.13,8,1,2,1,0,0.33,0.12,3.15
Marcus Johnson ,FA,WR,43.0,11,14,1.27,28,2.55,255,23.18,18.21,55,14.82,10,0.91,0,0.0,0,0.0,0,0.0,0.0,0,0.0,14,1.27,28,2.55,0,0.0,0.0,1.0,25.5,2.32,1.4,3.35,2.73,10,0,1,0,0,0.1,0.0,2.16,32.5,2.95,1.9,4.13,3.39,10,0,1,0,0,0.1,0.0,2.69,39.5,3.59,2.4,4.92,4.06,9,1,1,0,0,0.1,0.0,3.21
DaeSean Hamilton ,FA,WR,40.5,16,23,1.44,44,2.75,293,18.31,12.74,40,9.75,4,0.25,2,0.12,0,0.0,0,0.0,0.0,0,0.0,23,1.44,44,2.75,1,0.06,0.04,1.0,39.3,2.46,1.05,3.96,2.77,13,2,0,1,0,0.07,0.08,2.05,50.8,3.18,1.6,4.68,3.53,13,2,0,1,0,0.07,0.08,2.64,62.3,3.89,2.1,5.43,4.3,13,1,1,1,0,0.14,0.08,3.24
Devin Duvernay ,BAL,WR,3.0,16,20,1.25,26,1.62,201,12.56,10.05,39,8.81,2,0.12,0,0.0,4,0.25,70,4.38,17.5,0,0.0,24,1.5,30,1.88,0,0.0,0.0,1.0,33.1,2.07,1.55,2.18,2.71,15,1,0,0,0,0.0,0.0,2.1,43.1,2.69,1.95,2.54,3.49,15,1,0,0,0,0.0,0.0,2.64,53.1,3.32,2.2,2.96,4.27,15,1,0,0,0,0.0,0.0,3.1
Collin Johnson ,NYG,WR,6.0,14,18,1.29,31,2.21,272,19.43,15.11,46,12.36,8,0.57,2,0.14,0,0.0,0,0.0,0.0,0,0.0,18,1.29,31,2.21,0,0.0,0.0,1.0,41.2,2.94,0.85,4.75,3.17,11,2,0,1,0,0.08,0.09,2.09,50.2,3.59,1.35,5.42,3.85,11,2,0,1,0,0.08,0.09,2.62,59.2,4.23,1.85,6.1,4.53,11,0,2,1,0,0.27,0.09,3.25
Chad Beebe ,FA,WR,48.0,14,20,1.43,30,2.14,201,14.36,10.05,40,9.14,3,0.21,2,0.14,0,0.0,0,0.0,0.0,0,0.0,20,1.43,30,2.14,1,0.07,0.05,1.0,30.1,2.15,1.05,3.55,2.49,12,0,2,0,0,0.17,0.0,1.89,40.1,2.86,1.8,4.29,3.26,12,0,2,0,0,0.17,0.0,2.57,50.1,3.58,2.35,5.1,4.01,12,0,1,1,0,0.17,0.08,3.18
Laquon Treadwell ,SEA,WR,3.0,5,6,1.2,7,1.4,49,9.8,8.17,14,8.0,0,0.0,2,0.4,0,0.0,0,0.0,0.0,0,0.0,6,1.2,7,1.4,0,0.0,0.0,0.72,16.9,3.38,1.5,3.36,3.97,3,2,0,0,0,0.0,0.0,1.88,19.9,3.98,2.5,3.57,4.74,3,2,0,0,0,0.0,0.0,2.45,22.9,4.58,3.5,3.82,5.52,4,1,0,0,0,0.0,0.0,3.03
Alshon Jeffery ,FA,WR,54.0,7,6,0.86,13,1.86,115,16.43,19.17,39,12.14,4,0.57,1,0.14,0,0.0,0,0.0,0.0,0,0.0,6,0.86,13,1.86,0,0.0,0.0,0.84,17.5,2.5,1.5,3.14,2.99,5,2,0,0,0,0.0,0.0,1.84,20.5,2.93,2.5,3.43,3.52,5,2,0,0,0,0.0,0.0,2.42,23.5,3.36,3.2,3.76,4.06,5,2,0,0,0,0.0,0.0,2.89
Dez Bryant ,FA,WR,55.0,6,6,1.0,11,1.83,47,7.83,7.83,16,5.83,0,0.0,2,0.33,0,0.0,0,0.0,0.0,0,0.0,6,1.0,11,1.83,0,0.0,0.0,0.78,16.7,2.78,1.4,3.41,3.26,4,2,0,0,0,0.0,0.0,1.78,19.7,3.28,2.4,3.73,3.87,4,2,0,0,0,0.0,0.0,2.35,22.7,3.78,3.4,4.17,4.46,5,1,0,0,0,0.0,0.0,2.91
DeMichael Harris ,FA,WR,47.0,7,10,1.43,10,1.43,79,11.29,7.9,21,7.0,1,0.14,0,0.0,6,0.86,46,6.57,7.67,0,0.0,16,2.29,16,2.29,0,0.0,0.0,0.84,12.5,1.79,2.0,2.04,2.38,7,0,0,0,0,0.0,0.0,1.84,17.5,2.5,2.5,2.76,3.18,6,1,0,0,0,0.0,0.0,2.33,22.5,3.21,3.0,3.49,3.96,6,1,0,0,0,0.0,0.0,2.81
Byron Pringle ,FA,WR,59.5,12,13,1.08,17,1.42,160,13.33,12.31,37,9.5,5,0.42,1,0.08,0,0.0,0,0.0,0.0,0,0.0,13,1.08,17,1.42,0,0.0,0.0,1.0,28.0,2.33,0.85,3.44,2.72,10,1,1,0,0,0.09,0.0,1.8,34.5,2.88,1.4,3.98,3.33,11,0,1,0,0,0.09,0.0,2.32,41.0,3.42,1.65,4.58,3.94,11,0,1,0,0,0.09,0.0,2.7
Van Jefferson ,LAR,WR,3.0,16,19,1.19,31,1.94,220,13.75,11.58,31,8.69,3,0.19,1,0.06,1,0.06,-1,-0.06,-1.0,0,0.0,20,1.25,32,2.0,0,0.0,0.0,1.0,27.9,1.74,1.1,2.12,2.3,15,1,0,0,0,0.0,0.0,1.73,37.4,2.34,1.6,2.7,2.98,14,2,0,0,0,0.0,0.0,2.26,46.9,2.93,2.1,3.35,3.65,14,2,0,0,0,0.0,0.0,2.79
Kenny Stills ,FA,WR,52.0,10,11,1.1,19,1.9,144,14.4,13.09,24,9.5,2,0.2,1,0.1,0,0.0,0,0.0,0.0,0,0.0,11,1.1,19,1.9,0,0.0,0.0,0.96,20.4,2.04,1.0,3.07,2.45,9,0,1,0,0,0.11,0.0,1.73,25.9,2.59,1.5,3.46,3.11,9,0,1,0,0,0.11,0.0,2.24,31.4,3.14,2.0,3.88,3.77,9,1,0,0,0,0.0,0.0,2.69
KhaDarel Hodge ,FA,WR,53.0,9,11,1.22,17,1.89,180,20.0,16.36,42,12.44,4,0.44,0,0.0,0,0.0,0,0.0,0.0,0,0.0,11,1.22,17,1.89,0,0.0,0.0,0.93,18.0,2.0,1.2,2.49,2.53,8,1,0,0,0,0.0,0.0,1.73,23.5,2.61,1.7,3.09,3.22,8,1,0,0,0,0.0,0.0,2.23,29.0,3.22,2.2,3.7,3.91,8,1,0,0,0,0.0,0.0,2.72
Bryan Edwards ,NO,WR,4.0,12,11,0.92,15,1.25,193,16.08,17.55,34,11.17,6,0.5,1,0.08,0,0.0,0,0.0,0.0,0,0.0,11,0.92,15,1.25,0,0.0,0.0,1.0,25.3,2.11,1.0,3.27,2.49,11,0,1,0,0,0.09,0.0,1.74,30.8,2.57,1.5,3.58,3.05,11,0,1,0,0,0.09,0.0,2.22,36.3,3.02,2.0,3.92,3.62,11,0,1,0,0,0.09,0.0,2.7
Isaiah Wright ,FA,WR,42.0,14,27,1.93,35,2.5,197,14.07,7.3,22,7.21,1,0.07,0,0.0,3,0.21,16,1.14,5.33,0,0.0,30,2.14,38,2.71,1,0.07,0.03,1.0,19.3,1.38,0.8,1.69,1.92,14,0,0,0,0,0.0,0.0,1.5,32.8,2.34,1.3,2.63,3.01,13,1,0,0,0,0.0,0.0,2.21,46.3,3.31,1.8,3.59,4.05,13,1,0,0,0,0.0,0.0,2.9
Auden Tate ,ARI,WR,4.0,9,14,1.56,22,2.44,150,16.67,10.71,19,9.44,0,0.0,0,0.0,0,0.0,0,0.0,0.0,0,0.0,14,1.56,22,2.44,0,0.0,0.0,0.93,15.0,1.67,1.2,2.1,2.2,8,1,0,0,0,0.0,0.0,1.64,22.0,2.44,1.7,3.18,3.0,8,1,0,0,0,0.0,0.0,2.18,29.0,3.22,2.2,4.26,3.78,8,0,1,0,0,0.12,0.0,2.78
Jeff Smith ,NYJ,WR,5.0,12,17,1.42,37,3.08,167,13.92,9.82,21,6.75,1,0.08,0,0.0,0,0.0,0,0.0,0.0,0,0.0,17,1.42,37,3.08,0,0.0,0.0,1.0,16.7,1.39,0.6,2.32,1.79,11,1,0,0,0,0.0,0.0,1.38,25.2,2.1,1.1,3.35,2.54,11,0,1,0,0,0.09,0.0,1.99,33.7,2.81,1.6,4.37,3.27,11,0,1,0,0,0.09,0.0,2.55
Cameron Batson ,FA,WR,59.5,12,12,1.0,13,1.08,100,8.33,8.33,18,6.33,0,0.0,1,0.08,4,0.33,20,1.67,5.0,0,0.0,16,1.33,17,1.42,0,0.0,0.0,1.0,18.0,1.5,0.7,2.18,1.96,11,1,0,0,0,0.0,0.0,1.34,24.0,2.0,1.4,2.64,2.57,11,1,0,0,0,0.0,0.0,1.93,30.0,2.5,1.9,3.11,3.17,11,1,0,0,0,0.0,0.0,2.42
Quez Watkins ,PHI,WR,3.0,6,7,1.17,13,2.17,106,17.67,15.14,43,14.0,5,0.83,1,0.17,0,0.0,0,0.0,0.0,0,0.0,7,1.17,13,2.17,0,0.0,0.0,0.78,16.6,2.77,0.45,4.17,3.08,5,0,1,0,0,0.2,0.0,1.49,20.1,3.35,0.95,4.73,3.72,5,0,1,0,0,0.2,0.0,1.89,23.6,3.93,1.45,5.29,4.37,5,0,1,0,0,0.2,0.0,2.3
Jamal Agnew ,JAC,WR,3.0,14,13,0.93,20,1.43,89,6.36,6.85,20,5.21,1,0.07,0,0.0,6,0.43,33,2.36,5.5,0,0.0,19,1.36,26,1.86,1,0.07,0.05,1.0,16.2,1.16,1.05,1.82,1.58,13,1,0,0,0,0.0,0.0,1.37,22.7,1.62,1.55,1.98,2.24,14,0,0,0,0,0.0,0.0,1.89,29.2,2.09,1.9,2.23,2.87,14,0,0,0,0,0.0,0.0,2.33
Tyler Johnson ,LV,WR,6.0,14,12,0.86,17,1.21,169,12.07,14.08,35,9.07,5,0.36,2,0.14,0,0.0,0,0.0,0.0,0,0.0,12,0.86,17,1.21,0,0.0,0.0,1.0,28.9,2.06,0.55,2.66,2.57,11,3,0,0,0,0.0,0.0,1.53,34.9,2.49,0.8,3.14,3.06,11,3,0,0,0,0.0,0.0,1.86,40.9,2.92,1.05,3.66,3.56,12,2,0,0,0,0.0,0.0,2.2
Malcolm Perry ,FA,WR,56.0,9,9,1.0,13,1.44,92,10.22,10.22,25,8.11,1,0.11,1,0.11,3,0.33,5,0.56,1.67,0,0.0,12,1.33,16,1.78,0,0.0,0.0,0.93,15.7,1.74,0.5,2.71,2.16,8,1,0,0,0,0.0,0.0,1.27,20.2,2.24,1.0,2.91,2.81,8,1,0,0,0,0.0,0.0,1.75,24.7,2.74,1.5,3.17,3.46,8,1,0,0,0,0.0,0.0,2.24
Lil'Jordan Humphrey ,DEN,WR,7.0,3,3,1.0,5,1.67,46,15.33,15.33,17,11.33,0,0.0,1,0.33,0,0.0,0,0.0,0.0,0,0.0,3,1.0,5,1.67,0,0.0,0.0,0.56,10.6,3.53,1.7,4.72,3.81,2,1,0,0,0,0.0,0.0,1.48,12.1,4.03,2.2,5.2,4.37,2,1,0,0,0,0.0,0.0,1.74,13.6,4.53,2.7,5.68,4.95,2,1,0,0,0,0.0,0.0,2.01
Zay Jones ,JAC,WR,4.0,16,14,0.88,20,1.25,154,9.62,11.0,37,7.44,2,0.12,1,0.06,0,0.0,0,0.0,0.0,0,0.0,14,0.88,20,1.25,0,0.0,0.0,1.0,22.6,1.41,0.45,2.07,1.87,15,1,0,0,0,0.0,0.0,1.17,29.6,1.85,0.95,2.41,2.43,15,1,0,0,0,0.0,0.0,1.65,36.6,2.29,1.25,2.82,2.97,15,1,0,0,0,0.0,0.0,2.03
Cedrick Wilson Jr. ,MIA,WR,3.0,16,17,1.06,28,1.75,189,11.81,11.12,42,5.56,6,0.38,2,0.12,3,0.19,-12,-0.75,-4.0,0,0.0,20,1.25,31,1.94,0,0.0,0.0,1.0,34.6,2.16,0.15,5.77,2.22,14,1,0,0,1,0.07,0.07,1.31,43.1,2.69,0.25,6.46,2.77,14,1,0,0,1,0.07,0.07,1.6,51.6,3.22,0.25,7.17,3.32,14,1,0,0,1,0.07,0.07,1.85
Freddie Swain ,MIA,WR,4.0,16,13,0.81,21,1.31,159,9.94,12.23,23,8.06,3,0.19,2,0.12,0,0.0,0,0.0,0.0,0,0.0,13,0.81,21,1.31,0,0.0,0.0,1.0,27.9,1.74,0.15,2.77,2.15,14,2,0,0,0,0.0,0.0,1.17,34.4,2.15,0.4,3.1,2.65,14,2,0,0,0,0.0,0.0,1.51,40.9,2.56,0.65,3.46,3.16,14,2,0,0,0,0.0,0.0,1.84
John Hightower ,LAC,WR,3.0,13,10,0.77,29,2.23,167,12.85,16.7,59,11.0,8,0.62,0,0.0,1,0.08,1,0.08,1.0,0,0.0,11,0.85,30,2.31,0,0.0,0.0,1.0,18.8,1.45,0.1,2.15,1.9,13,0,0,0,0,0.0,0.0,1.13,23.8,1.83,0.3,2.41,2.4,13,0,0,0,0,0.0,0.0,1.45,28.8,2.22,0.8,2.71,2.91,13,0,0,0,0,0.0,0.0,1.9
Equanimeous St. Brown ,CHI,WR,4.0,12,7,0.58,13,1.08,117,9.75,16.71,24,8.5,3,0.25,1,0.08,1,0.08,7,0.58,7.0,0,0.0,8,0.67,14,1.17,0,0.0,0.0,1.0,18.4,1.53,0.35,2.49,1.94,11,1,0,0,0,0.0,0.0,1.15,21.9,1.82,0.6,2.72,2.33,11,1,0,0,0,0.0,0.0,1.43,25.4,2.12,0.85,2.98,2.72,11,1,0,0,0,0.0,0.0,1.72
Isaiah Zuber ,LV,WR,7.0,4,2,0.5,2,0.5,29,7.25,14.5,16,7.25,0,0.0,0,0.0,2,0.5,21,5.25,10.5,0,0.0,4,1.0,4,1.0,0,0.0,0.0,0.65,5.0,1.25,1.3,0.33,2.62,4,0,0,0,0,0.0,0.0,1.21,6.0,1.5,1.55,0.57,2.82,4,0,0,0,0,0.0,0.0,1.34,7.0,1.75,1.8,0.84,3.08,4,0,0,0,0,0.0,0.0,1.49
Mack Hollins ,ATL,WR,1.0,16,16,1.0,25,1.56,176,11.0,11.0,34,6.88,3,0.19,1,0.06,0,0.0,0,0.0,0.0,0,0.0,16,1.0,25,1.56,1,0.06,0.06,1.0,21.6,1.35,0.05,2.5,1.71,14,2,0,0,0,0.0,0.0,0.95,29.6,1.85,0.3,2.99,2.3,14,2,0,0,0,0.0,0.0,1.33,37.6,2.35,0.55,3.54,2.89,14,2,0,0,0,0.0,0.0,1.7
C.J. Board ,TEN,WR,2.0,14,11,0.79,16,1.14,101,7.21,9.18,16,5.43,0,0.0,0,0.0,1,0.07,3,0.21,3.0,0,0.0,12,0.86,17,1.21,0,0.0,0.0,1.0,10.4,0.74,0.55,0.95,1.2,14,0,0,0,0,0.0,0.0,0.91,15.9,1.14,0.8,1.37,1.72,14,0,0,0,0,0.0,0.0,1.25,21.4,1.53,1.3,1.8,2.22,14,0,0,0,0,0.0,0.0,1.71
Trent Taylor ,CIN,WR,4.0,12,10,0.83,21,1.75,86,7.17,8.6,29,6.67,2,0.17,0,0.0,0,0.0,0,0.0,0.0,0,0.0,10,0.83,21,1.75,0,0.0,0.0,1.0,8.6,0.72,0.35,1.0,1.14,12,0,0,0,0,0.0,0.0,0.85,13.6,1.13,0.65,1.46,1.69,12,0,0,0,0,0.0,0.0,1.23,18.6,1.55,0.9,1.95,2.21,12,0,0,0,0,0.0,0.0,1.57
Ray-Ray McCloud III ,SF,WR,4.0,16,20,1.25,22,1.38,77,4.81,3.85,13,3.88,0,0.0,0,0.0,4,0.25,65,4.06,16.25,0,0.0,24,1.5,26,1.62,1,0.06,0.04,1.0,12.2,0.76,0.0,1.97,1.02,15,1,0,0,0,0.0,0.0,0.62,22.2,1.39,0.5,2.4,1.83,15,1,0,0,0,0.0,0.0,1.21,32.2,2.01,1.2,2.89,2.6,15,1,0,0,0,0.0,0.0,1.87
J.J. Arcega-Whiteside ,FA,WR,71.0,8,4,0.5,8,1.0,85,10.62,21.25,37,9.38,4,0.5,0,0.0,0,0.0,0,0.0,0.0,0,0.0,4,0.5,8,1.0,0,0.0,0.0,0.88,10.5,1.31,0.4,1.71,1.82,8,0,0,0,0,0.0,0.0,0.97,12.5,1.56,0.65,2.03,2.14,8,0,0,0,0,0.0,0.0,1.2,14.5,1.81,0.9,2.36,2.46,8,0,0,0,0,0.0,0.0,1.43
Brandon Powell ,MIN,WR,3.0,15,12,0.8,18,1.2,69,4.6,5.75,13,3.53,0,0.0,2,0.13,2,0.13,7,0.47,3.5,0,0.0,14,0.93,20,1.33,1,0.07,0.07,1.0,17.6,1.17,0.3,2.48,1.49,13,2,0,0,0,0.0,0.0,0.94,23.6,1.57,0.3,2.74,2.0,13,2,0,0,0,0.0,0.0,1.17,29.6,1.97,0.3,3.04,2.52,13,2,0,0,0,0.0,0.0,1.4
Lawrence Cager ,NYG,WR,5.0,2,2,1.0,6,3.0,35,17.5,17.5,19,9.5,0,0.0,0,0.0,0,0.0,0,0.0,0.0,0,0.0,2,1.0,6,3.0,0,0.0,0.0,0.44,3.5,1.75,1.75,2.47,2.22,2,0,0,0,0,0.0,0.0,0.92,4.5,2.25,2.25,3.18,2.76,2,0,0,0,0,0.0,0.0,1.13,5.5,2.75,2.75,3.89,3.3,2,0,0,0,0,0.0,0.0,1.34
Mike Thomas ,BAL,WR,4.0,14,13,0.93,21,1.5,132,9.43,10.15,29,5.93,2,0.14,1,0.07,1,0.07,1,0.07,1.0,0,0.0,14,1.0,22,1.57,1,0.07,0.07,1.0,17.3,1.24,0.0,2.73,1.53,13,1,0,0,0,0.0,0.0,0.84,23.8,1.7,0.0,3.26,2.07,13,0,1,0,0,0.08,0.0,1.13,30.3,2.16,0.0,3.82,2.61,13,0,1,0,0,0.08,0.0,1.37
Bisi Johnson ,FA,WR,66.0,16,14,0.88,19,1.19,189,11.81,13.5,29,6.56,3,0.19,0,0.0,0,0.0,0,0.0,0.0,0,0.0,14,0.88,19,1.19,0,0.0,0.0,1.0,20.9,1.31,0.0,2.61,1.63,15,1,0,0,0,0.0,0.0,0.85,27.9,1.74,0.0,3.51,2.09,14,1,1,0,0,0.07,0.0,1.09,34.9,2.18,0.0,4.42,2.54,14,1,1,0,0,0.07,0.0,1.29
Gunner Olszewski ,PIT,WR,4.0,13,5,0.38,5,0.38,62,4.77,12.4,38,4.69,2,0.15,1,0.08,5,0.38,23,1.77,4.6,0,0.0,10,0.77,10,0.77,0,0.0,0.0,1.0,20.5,1.58,0.0,4.31,1.74,12,0,0,1,0,0.08,0.08,0.92,23.0,1.77,0.0,4.45,1.99,12,0,0,1,0,0.08,0.08,1.04,25.5,1.96,0.0,4.61,2.26,12,0,0,1,0,0.08,0.08,1.15
Noah Brown ,HOU,WR,3.0,16,14,0.88,24,1.5,154,9.62,11.0,20,6.19,1,0.06,0,0.0,1,0.06,4,0.25,4.0,0,0.0,15,0.94,25,1.56,0,0.0,0.0,1.0,15.8,0.99,0.0,1.48,1.42,16,0,0,0,0,0.0,0.0,0.8,22.8,1.42,0.0,2.1,1.94,16,0,0,0,0,0.0,0.0,1.03,29.8,1.86,0.0,2.72,2.44,15,1,0,0,0,0.0,0.0,1.26
Austin Carr ,FA,WR,80.5,6,3,0.5,4,0.67,27,4.5,9.0,11,4.5,0,0.0,1,0.17,0,0.0,0,0.0,0.0,0,0.0,3,0.5,4,0.67,0,0.0,0.0,0.78,8.7,1.45,0.3,2.8,1.78,5,1,0,0,0,0.0,0.0,0.79,10.2,1.7,0.55,2.96,2.12,5,1,0,0,0,0.0,0.0,0.99,11.7,1.95,0.8,3.14,2.47,5,1,0,0,0,0.0,0.0,1.2
Ja'Marcus Bradley ,PIT,WR,3.0,3,5,1.67,11,3.67,60,20.0,12.0,22,7.33,1,0.33,0,0.0,0,0.0,0,0.0,0.0,0,0.0,5,1.67,11,3.67,0,0.0,0.0,0.56,6.0,2.0,0.0,3.46,2.33,2,1,0,0,0,0.0,0.0,0.79,8.5,2.83,0.0,4.91,3.12,2,1,0,0,0,0.0,0.0,0.99,11.0,3.67,0.0,6.35,3.89,2,1,0,0,0,0.0,0.0,1.18
Kalif Raymond ,DET,WR,3.0,15,9,0.6,15,1.0,187,12.47,20.78,61,7.47,9,0.6,0,0.0,1,0.07,-3,-0.2,-3.0,0,0.0,10,0.67,16,1.07,0,0.0,0.0,1.0,18.4,1.23,0.0,3.02,1.48,14,0,1,0,0,0.07,0.0,0.81,22.9,1.53,0.0,3.5,1.83,14,0,1,0,0,0.07,0.0,0.96,27.4,1.83,0.0,4.0,2.18,14,0,1,0,0,0.07,0.0,1.12
Dante Pettis ,FA,WR,75.5,7,4,0.57,6,0.86,76,10.86,19.0,33,7.57,3,0.43,1,0.14,0,0.0,0,0.0,0.0,0,0.0,4,0.57,6,0.86,1,0.14,0.25,0.84,11.6,1.66,0.0,4.12,1.85,6,0,1,0,0,0.17,0.0,0.84,13.6,1.94,0.0,4.54,2.18,6,0,1,0,0,0.17,0.0,0.96,15.6,2.23,0.0,4.98,2.51,6,0,1,0,0,0.17,0.0,1.09
Christian Blake ,FA,WR,67.0,16,13,0.81,18,1.12,141,8.81,10.85,25,6.0,3,0.19,0,0.0,0,0.0,0,0.0,0.0,0,0.0,13,0.81,18,1.12,0,0.0,0.0,1.0,14.1,0.88,0.0,1.47,1.27,16,0,0,0,0,0.0,0.0,0.69,20.6,1.29,0.0,1.99,1.77,16,0,0,0,0,0.0,0.0,0.91,27.1,1.69,0.0,2.52,2.26,16,0,0,0,0,0.0,0.0,1.13
Steven Mitchell Jr. ,FA,WR,61.5,6,5,0.83,8,1.33,60,10.0,12.0,20,6.17,1,0.17,0,0.0,0,0.0,0,0.0,0.0,0,0.0,5,0.83,8,1.33,0,0.0,0.0,0.78,6.0,1.0,0.1,1.58,1.42,6,0,0,0,0,0.0,0.0,0.64,8.5,1.42,0.35,2.13,1.92,6,0,0,0,0,0.0,0.0,0.9,11.0,1.83,0.6,2.7,2.41,6,0,0,0,0,0.0,0.0,1.16
Deontay Burnett ,FA,WR,50.5,2,3,1.5,4,2.0,19,9.5,6.33,10,5.0,0,0.0,0,0.0,0,0.0,0,0.0,0.0,0,0.0,3,1.5,4,2.0,0,0.0,0.0,0.44,1.9,0.95,0.95,1.34,1.4,2,0,0,0,0,0.0,0.0,0.56,3.4,1.7,1.7,2.4,2.23,2,0,0,0,0,0.0,0.0,0.87,4.9,2.45,2.45,3.46,3.03,2,0,0,0,0,0.0,0.0,1.18
Damion Ratley ,FA,WR,50.5,5,4,0.8,10,2.0,63,12.6,15.75,29,9.2,1,0.2,0,0.0,0,0.0,0,0.0,0.0,0,0.0,4,0.8,10,2.0,0,0.0,0.0,0.72,6.3,1.26,0.0,1.73,1.75,5,0,0,0,0,0.0,0.0,0.71,8.3,1.66,0.0,2.33,2.2,5,0,0,0,0,0.0,0.0,0.86,10.3,2.06,0.0,2.96,2.65,5,0,0,0,0,0.0,0.0,1.0
Robert Foster ,FA,WR,58.0,4,2,0.5,6,1.5,37,9.25,18.5,28,9.25,1,0.25,0,0.0,0,0.0,0,0.0,0.0,0,0.0,2,0.5,6,1.5,0,0.0,0.0,0.65,3.7,0.92,0.45,1.32,1.37,4,0,0,0,0,0.0,0.0,0.63,4.7,1.17,0.7,1.56,1.72,4,0,0,0,0,0.0,0.0,0.8,5.7,1.42,0.95,1.82,2.07,4,0,0,0,0,0.0,0.0,0.98
Justin Watson ,FA,WR,71.0,11,7,0.64,11,1.0,94,8.55,13.43,36,5.18,2,0.18,0,0.0,0,0.0,0,0.0,0.0,0,0.0,7,0.64,11,1.0,0,0.0,0.0,1.0,9.4,0.85,0.0,1.77,1.18,11,0,0,0,0,0.0,0.0,0.63,12.9,1.17,0.0,2.36,1.55,11,0,0,0,0,0.0,0.0,0.8,16.4,1.49,0.0,2.97,1.91,10,1,0,0,0,0.0,0.0,0.96
Javon Wims ,ARI,WR,5.0,13,6,0.46,12,0.92,48,3.69,8.0,13,3.31,0,0.0,1,0.08,1,0.08,2,0.15,2.0,0,0.0,7,0.54,13,1.0,0,0.0,0.0,1.0,11.0,0.85,0.0,1.68,1.18,12,1,0,0,0,0.0,0.0,0.63,14.0,1.08,0.0,1.89,1.5,13,0,0,0,0,0.0,0.0,0.78,17.0,1.31,0.0,2.12,1.83,13,0,0,0,0,0.0,0.0,0.92
Diontae Spencer ,NYJ,WR,6.0,11,3,0.27,6,0.55,26,2.36,8.67,10,2.36,0,0.0,0,0.0,3,0.27,19,1.73,6.33,0,0.0,6,0.55,9,0.82,0,0.0,0.0,1.0,10.5,0.95,0.0,1.79,1.31,10,1,0,0,0,0.0,0.0,0.67,12.0,1.09,0.0,1.82,1.54,11,0,0,0,0,0.0,0.0,0.77,13.5,1.23,0.0,1.89,1.76,11,0,0,0,0,0.0,0.0,0.88
Austin Mack ,FA,WR,71.0,11,7,0.64,11,1.0,91,8.27,13.0,50,6.27,4,0.36,0,0.0,0,0.0,0,0.0,0.0,0,0.0,7,0.64,11,1.0,0,0.0,0.0,1.0,9.1,0.83,0.0,2.14,1.09,10,1,0,0,0,0.0,0.0,0.59,12.6,1.15,0.0,2.73,1.46,10,1,0,0,0,0.0,0.0,0.76,16.1,1.46,0.0,3.32,1.83,10,1,0,0,0,0.0,0.0,0.92
Alex Erickson ,WAS,WR,3.0,16,12,0.75,17,1.06,139,8.69,11.58,42,5.31,4,0.25,0,0.0,5,0.31,7,0.44,1.4,0,0.0,17,1.06,22,1.38,2,0.12,0.12,1.0,10.6,0.66,0.0,2.36,0.85,15,1,0,0,0,0.0,0.0,0.52,16.6,1.04,0.0,3.08,1.28,15,0,1,0,0,0.07,0.0,0.75,22.6,1.41,0.0,3.83,1.7,15,0,1,0,0,0.07,0.0,0.94
Malik Taylor ,NYJ,WR,7.0,15,5,0.33,6,0.4,66,4.4,13.2,26,4.33,2,0.13,1,0.07,1,0.07,9,0.6,9.0,0,0.0,6,0.4,7,0.47,0,0.0,0.0,1.0,13.5,0.9,0.0,1.79,1.24,14,1,0,0,0,0.0,0.0,0.6,16.0,1.07,0.0,2.09,1.45,14,1,0,0,0,0.0,0.0,0.7,18.5,1.23,0.0,2.39,1.67,14,1,0,0,0,0.0,0.0,0.8
Terry Godwin ,FA,WR,45.5,3,3,1.0,6,2.0,32,10.67,10.67,21,7.0,1,0.33,0,0.0,1,0.33,3,1.0,3.0,0,0.0,4,1.33,7,2.33,0,0.0,0.0,0.56,3.5,1.17,0.0,2.02,1.56,3,0,0,0,0,0.0,0.0,0.52,5.0,1.67,0.0,2.89,2.09,3,0,0,0,0,0.0,0.0,0.66,6.5,2.17,0.0,3.75,2.62,3,0,0,0,0,0.0,0.0,0.79
Jaydon Mickens ,NYG,WR,7.0,10,7,0.7,10,1.0,58,5.8,8.29,11,2.0,0,0.0,0,0.0,0,0.0,0,0.0,0.0,0,0.0,7,0.7,10,1.0,0,0.0,0.0,0.96,5.8,0.58,0.0,1.27,0.87,10,0,0,0,0,0.0,0.0,0.47,9.3,0.93,0.0,2.08,1.27,10,0,0,0,0,0.0,0.0,0.65,12.8,1.28,0.0,2.89,1.65,9,1,0,0,0,0.0,0.0,0.81
Tyrie Cleveland ,PHI,WR,4.0,10,6,0.6,9,0.9,63,6.3,10.5,17,3.5,0,0.0,0,0.0,0,0.0,0,0.0,0.0,0,0.0,6,0.6,9,0.9,0,0.0,0.0,0.96,6.3,0.63,0.0,1.41,0.92,10,0,0,0,0,0.0,0.0,0.49,9.3,0.93,0.0,2.04,1.27,10,0,0,0,0,0.0,0.0,0.64,12.3,1.23,0.0,2.68,1.62,9,1,0,0,0,0.0,0.0,0.79
Jake Kumerow ,FA,WR,91.0,6,1,0.17,1,0.17,22,3.67,22.0,22,3.67,1,0.17,1,0.17,0,0.0,0,0.0,0.0,0,0.0,1,0.17,1,0.17,0,0.0,0.0,0.78,8.2,1.37,0.0,3.35,1.61,5,1,0,0,0,0.0,0.0,0.58,8.7,1.45,0.0,3.55,1.73,5,1,0,0,0,0.0,0.0,0.62,9.2,1.53,0.0,3.76,1.86,5,1,0,0,0,0.0,0.0,0.67
Darrius Shepherd ,FA,WR,71.0,8,5,0.62,8,1.0,46,5.75,9.2,19,5.5,0,0.0,0,0.0,0,0.0,0,0.0,0.0,0,0.0,5,0.62,8,1.0,1,0.12,0.2,0.88,2.6,0.32,0.15,1.23,0.49,8,0,0,0,0,0.0,0.0,0.34,5.1,0.64,0.4,1.54,0.94,8,0,0,0,0,0.0,0.0,0.62,7.6,0.95,0.65,1.87,1.37,8,0,0,0,0,0.0,0.0,0.89
Riley Ridley ,FA,WR,77.0,5,4,0.8,4,0.8,39,7.8,9.75,18,5.6,0,0.0,0,0.0,0,0.0,0,0.0,0.0,0,0.0,4,0.8,4,0.8,0,0.0,0.0,0.72,3.9,0.78,0.0,1.1,1.21,5,0,0,0,0,0.0,0.0,0.45,5.9,1.18,0.0,1.63,1.71,5,0,0,0,0,0.0,0.0,0.61,7.9,1.58,0.0,2.18,2.19,5,0,0,0,0,0.0,0.0,0.77
Ted Ginn Jr. ,FA,WR,64.5,5,3,0.6,6,1.2,40,8.0,13.33,29,7.0,1,0.2,0,0.0,0,0.0,0,0.0,0.0,0,0.0,3,0.6,6,1.2,0,0.0,0.0,0.72,4.0,0.8,0.0,1.27,1.2,5,0,0,0,0,0.0,0.0,0.48,5.5,1.1,0.0,1.57,1.61,5,0,0,0,0,0.0,0.0,0.61,7.0,1.4,0.0,1.94,2.0,5,0,0,0,0,0.0,0.0,0.74
River Cracraft ,MIA,WR,5.0,9,6,0.67,9,1.0,41,4.56,6.83,12,3.11,0,0.0,0,0.0,0,0.0,0,0.0,0.0,0,0.0,6,0.67,9,1.0,0,0.0,0.0,0.93,4.1,0.46,0.0,0.7,0.79,9,0,0,0,0,0.0,0.0,0.42,7.1,0.79,0.0,1.19,1.24,9,0,0,0,0,0.0,0.0,0.61,10.1,1.12,0.0,1.69,1.66,9,0,0,0,0,0.0,0.0,0.78
Tavon Austin ,FA,WR,63.0,4,5,1.25,5,1.25,20,5.0,4.0,7,4.5,0,0.0,0,0.0,0,0.0,0,0.0,0.0,0,0.0,5,1.25,5,1.25,1,0.25,0.2,0.65,0.0,0.0,0.25,0.93,0.0,4,0,0,0,0,0.0,0.0,0.15,2.5,0.62,0.75,1.23,0.97,4,0,0,0,0,0.0,0.0,0.58,5.0,1.25,1.25,1.63,1.87,4,0,0,0,0,0.0,0.0,0.99
Josh Malone ,FA,WR,57.0,4,4,1.0,6,1.5,16,4.0,4.0,13,3.25,0,0.0,0,0.0,1,0.25,12,3.0,12.0,0,0.0,5,1.25,7,1.75,0,0.0,0.0,0.65,2.8,0.7,0.0,1.4,1.02,4,0,0,0,0,0.0,0.0,0.41,4.8,1.2,0.0,2.4,1.58,4,0,0,0,0,0.0,0.0,0.57,6.8,1.7,0.0,3.4,2.11,4,0,0,0,0,0.0,0.0,0.73
Joe Reed ,CHI,WR,6.0,11,0,0.0,1,0.09,0,0.0,0.0,0,0.0,0,0.0,0,0.0,5,0.45,29,2.64,5.8,1,0.09,5,0.45,6,0.55,0,0.0,0.0,1.0,8.9,0.81,0.0,2.21,1.06,10,1,0,0,0,0.0,0.0,0.53,8.9,0.81,0.0,2.21,1.09,10,1,0,0,0,0.0,0.0,0.54,8.9,0.81,0.0,2.21,1.12,11,0,0,0,0,0.0,0.0,0.56
Seth Roberts ,FA,WR,75.5,7,4,0.57,6,0.86,31,4.43,7.75,12,3.86,0,0.0,0,0.0,0,0.0,0,0.0,0.0,0,0.0,4,0.57,6,0.86,0,0.0,0.0,0.84,3.1,0.44,0.0,0.64,0.79,7,0,0,0,0,0.0,0.0,0.37,5.1,0.73,0.0,1.02,1.19,7,0,0,0,0,0.0,0.0,0.52,7.1,1.01,0.0,1.41,1.57,7,0,0,0,0,0.0,0.0,0.66
Ty Montgomery ,NE,WR,5.0,6,3,0.5,6,1.0,27,4.5,9.0,17,3.17,0,0.0,0,0.0,19,3.17,101,16.83,5.32,0,0.0,22,3.67,25,4.17,0,0.0,0.0,0.78,0.0,0.0,0.0,0.0,0.0,6,0,0,0,0,0.0,0.0,0.33,1.5,0.25,0.0,0.42,0.51,6,0,0,0,0,0.0,0.0,0.51,3.0,0.5,0.0,0.84,0.88,6,0,0,0,0,0.0,0.0,0.64
Ashton Dulin ,IND,WR,3.0,13,3,0.23,6,0.46,53,4.08,17.67,34,4.08,2,0.15,0,0.0,2,0.15,11,0.85,5.5,0,0.0,5,0.38,8,0.62,0,0.0,0.0,1.0,6.4,0.49,0.0,1.05,0.77,13,0,0,0,0,0.0,0.0,0.41,7.9,0.61,0.0,1.22,0.95,13,0,0,0,0,0.0,0.0,0.49,9.4,0.72,0.0,1.41,1.12,13,0,0,0,0,0.0,0.0,0.56
John Ross ,FA,WR,45.5,3,2,0.67,7,2.33,17,5.67,8.5,15,5.0,0,0.0,0,0.0,0,0.0,0,0.0,0.0,0,0.0,2,0.67,7,2.33,0,0.0,0.0,0.56,1.7,0.57,0.0,0.98,0.91,3,0,0,0,0,0.0,0.0,0.36,2.7,0.9,0.0,1.56,1.32,3,0,0,0,0,0.0,0.0,0.46,3.7,1.23,0.0,2.14,1.72,3,0,0,0,0,0.0,0.0,0.56
KJ Hill Jr. ,FA,WR,79.0,15,7,0.47,11,0.73,73,4.87,10.43,25,3.93,1,0.07,0,0.0,0,0.0,0,0.0,0.0,0,0.0,7,0.47,11,0.73,1,0.07,0.14,1.0,5.3,0.35,0.0,1.22,0.53,15,0,0,0,0,0.0,0.0,0.31,8.8,0.59,0.0,1.6,0.85,15,0,0,0,0,0.0,0.0,0.46,12.3,0.82,0.0,2.0,1.16,15,0,0,0,0,0.0,0.0,0.6
Cody Hollister ,TEN,WR,4.0,2,1,0.5,1,0.5,12,6.0,12.0,12,6.0,0,0.0,0,0.0,0,0.0,0,0.0,0.0,0,0.0,1,0.5,1,0.5,0,0.0,0.0,0.44,1.2,0.6,0.6,0.85,0.99,2,0,0,0,0,0.0,0.0,0.34,1.7,0.85,0.85,1.2,1.33,2,0,0,0,0,0.0,0.0,0.46,2.2,1.1,1.1,1.56,1.66,2,0,0,0,0,0.0,0.0,0.57
Pharoh Cooper ,ARI,WR,6.0,16,5,0.31,8,0.5,73,4.56,14.6,32,3.31,2,0.12,0,0.0,0,0.0,0,0.0,0.0,0,0.0,5,0.31,8,0.5,0,0.0,0.0,1.0,7.3,0.46,0.0,1.32,0.68,16,0,0,0,0,0.0,0.0,0.35,9.8,0.61,0.0,1.71,0.88,16,0,0,0,0,0.0,0.0,0.44,12.3,0.77,0.0,2.1,1.08,15,1,0,0,0,0.0,0.0,0.53
Nick Westbrook-Ikhine ,TEN,WR,3.0,14,3,0.21,8,0.57,33,2.36,11.0,19,2.36,0,0.0,0,0.0,0,0.0,0,0.0,0.0,0,0.0,3,0.21,8,0.57,0,0.0,0.0,1.0,5.3,0.38,0.0,0.71,0.66,14,0,0,0,0,0.0,0.0,0.35,6.8,0.49,0.0,0.85,0.83,14,0,0,0,0,0.0,0.0,0.43,8.3,0.59,0.0,1.01,1.0,14,0,0,0,0,0.0,0.0,0.51
Antonio Gandy-Golden ,FA,WR,61.5,6,1,0.17,7,1.17,3,0.5,3.0,3,0.5,0,0.0,0,0.0,1,0.17,22,3.67,22.0,0,0.0,2,0.33,8,1.33,0,0.0,0.0,0.78,2.5,0.42,0.0,0.88,0.68,6,0,0,0,0,0.0,0.0,0.35,3.0,0.5,0.0,0.89,0.84,6,0,0,0,0,0.0,0.0,0.4,3.5,0.58,0.0,0.95,1.0,6,0,0,0,0,0.0,0.0,0.46
Antonio Callaway ,DAL,WR,4.0,5,2,0.4,4,0.8,20,4.0,10.0,13,4.0,0,0.0,0,0.0,0,0.0,0,0.0,0.0,0,0.0,2,0.4,4,0.8,0,0.0,0.0,0.72,2.0,0.4,0.0,0.59,0.73,5,0,0,0,0,0.0,0.0,0.29,3.0,0.6,0.0,0.85,1.02,5,0,0,0,0,0.0,0.0,0.39,4.0,0.8,0.0,1.12,1.31,5,0,0,0,0,0.0,0.0,0.48
Trent Sherfield ,BUF,WR,6.0,15,5,0.33,7,0.47,50,3.33,10.0,26,2.13,1,0.07,0,0.0,0,0.0,0,0.0,0.0,0,0.0,5,0.33,7,0.47,0,0.0,0.0,1.0,5.0,0.33,0.0,1.14,0.51,15,0,0,0,0,0.0,0.0,0.28,7.5,0.5,0.0,1.66,0.72,15,0,0,0,0,0.0,0.0,0.37,10.0,0.67,0.0,2.18,0.92,14,1,0,0,0,0.0,0.0,0.46
Daurice Fountain ,CHI,WR,5.0,5,2,0.4,3,0.6,23,4.6,11.5,12,2.4,0,0.0,0,0.0,0,0.0,0,0.0,0.0,0,0.0,2,0.4,3,0.6,0,0.0,0.0,0.72,2.3,0.46,0.0,1.03,0.73,5,0,0,0,0,0.0,0.0,0.28,3.3,0.66,0.0,1.48,0.98,5,0,0,0,0,0.0,0.0,0.36,4.3,0.86,0.0,1.92,1.23,5,0,0,0,0,0.0,0.0,0.44
Tommylee Lewis ,FA,WR,71.0,5,1,0.2,3,0.6,5,1.0,5.0,5,1.0,0,0.0,0,0.0,2,0.4,14,2.8,7.0,0,0.0,3,0.6,5,1.0,0,0.0,0.0,0.72,1.9,0.38,0.0,0.73,0.65,5,0,0,0,0,0.0,0.0,0.28,2.4,0.48,0.0,0.78,0.84,5,0,0,0,0,0.0,0.0,0.34,2.9,0.58,0.0,0.89,1.01,5,0,0,0,0,0.0,0.0,0.4
Bennie Fowler III ,FA,WR,64.5,5,2,0.4,6,1.2,11,2.2,5.5,7,1.4,0,0.0,0,0.0,0,0.0,0,0.0,0.0,0,0.0,2,0.4,6,1.2,0,0.0,0.0,0.72,1.1,0.22,0.0,0.49,0.42,5,0,0,0,0,0.0,0.0,0.22,2.1,0.42,0.0,0.94,0.7,5,0,0,0,0,0.0,0.0,0.31,3.1,0.62,0.0,1.39,0.96,5,0,0,0,0,0.0,0.0,0.4
Donte Moncrief ,FA,WR,83.5,6,1,0.17,2,0.33,15,2.5,15.0,15,2.5,0,0.0,0,0.0,1,0.17,4,0.67,4.0,0,0.0,2,0.33,3,0.5,0,0.0,0.0,0.78,1.9,0.32,0.0,0.6,0.57,6,0,0,0,0,0.0,0.0,0.24,2.4,0.4,0.0,0.8,0.69,6,0,0,0,0,0.0,0.0,0.28,2.9,0.48,0.0,1.0,0.81,6,0,0,0,0,0.0,0.0,0.33
Brandon Zylstra ,FA,WR,90.0,16,3,0.19,4,0.25,35,2.19,11.67,28,2.19,1,0.06,0,0.0,1,0.06,1,0.06,1.0,0,0.0,4,0.25,5,0.31,0,0.0,0.0,1.0,3.6,0.22,0.0,0.7,0.39,16,0,0,0,0,0.0,0.0,0.21,5.1,0.32,0.0,0.85,0.54,16,0,0,0,0,0.0,0.0,0.28,6.6,0.41,0.0,1.01,0.69,16,0,0,0,0,0.0,0.0,0.34
Gehrig Dieter ,FA,WR,83.5,4,1,0.25,2,0.5,10,2.5,10.0,10,2.5,0,0.0,0,0.0,0,0.0,0,0.0,0.0,0,0.0,1,0.25,2,0.5,0,0.0,0.0,0.65,1.0,0.25,0.0,0.5,0.47,4,0,0,0,0,0.0,0.0,0.17,1.5,0.38,0.0,0.75,0.66,4,0,0,0,0,0.0,0.0,0.22,2.0,0.5,0.0,1.0,0.84,4,0,0,0,0,0.0,0.0,0.28
Vyncint Smith ,IND,WR,4.0,7,1,0.14,3,0.43,13,1.86,13.0,13,1.86,0,0.0,0,0.0,0,0.0,0,0.0,0.0,0,0.0,1,0.14,3,0.43,0,0.0,0.0,0.84,1.3,0.19,0.0,0.49,0.35,7,0,0,0,0,0.0,0.0,0.17,1.8,0.26,0.0,0.68,0.46,7,0,0,0,0,0.0,0.0,0.21,2.3,0.33,0.0,0.87,0.57,7,0,0,0,0,0.0,0.0,0.25
Penny Hart ,SEA,WR,4.0,13,1,0.08,1,0.08,3,0.23,3.0,3,0.23,0,0.0,0,0.0,1,0.08,19,1.46,19.0,0,0.0,2,0.15,2,0.15,0,0.0,0.0,1.0,2.2,0.17,0.0,0.61,0.3,13,0,0,0,0,0.0,0.0,0.15,2.7,0.21,0.0,0.75,0.37,13,0,0,0,0,0.0,0.0,0.18,3.2,0.25,0.0,0.89,0.43,13,0,0,0,0,0.0,0.0,0.21
Marcus Kemp ,WAS,WR,4.0,10,1,0.1,1,0.1,11,1.1,11.0,11,1.1,0,0.0,0,0.0,0,0.0,0,0.0,0.0,0,0.0,1,0.1,1,0.1,0,0.0,0.0,0.96,1.1,0.11,0.0,0.35,0.23,10,0,0,0,0,0.0,0.0,0.11,1.6,0.16,0.0,0.51,0.31,10,0,0,0,0,0.0,0.0,0.14,2.1,0.21,0.0,0.66,0.39,10,0,0,0,0,0.0,0.0,0.18
James Proche II ,BAL,WR,5.0,14,1,0.07,3,0.21,14,1.0,14.0,14,1.0,0,0.0,0,0.0,0,0.0,0,0.0,0.0,0,0.0,1,0.07,3,0.21,0,0.0,0.0,1.0,1.4,0.1,0.0,0.37,0.2,14,0,0,0,0,0.0,0.0,0.11,1.9,0.14,0.0,0.51,0.26,14,0,0,0,0,0.0,0.0,0.14,2.4,0.17,0.0,0.64,0.32,14,0,0,0,0,0.0,0.0,0.17
Andre Roberts ,FA,WR,86.0,15,4,0.27,5,0.33,34,2.27,8.5,16,2.13,0,0.0,0,0.0,1,0.07,-3,-0.2,-3.0,0,0.0,5,0.33,6,0.4,2,0.13,0.4,1.0,-0.9,-0.06,0.0,0.63,-0.11,15,0,0,0,0,0.0,0.0,-0.01,1.1,0.07,0.0,0.82,0.13,15,0,0,0,0,0.0,0.0,0.1,3.1,0.21,0.0,1.06,0.34,15,0,0,0,0,0.0,0.0,0.19
JoJo Natson ,FA,WR,88.0,3,0,0.0,0,0.0,0,0.0,0.0,0,0.0,0,0.0,0,0.0,1,0.33,3,1.0,3.0,0,0.0,1,0.33,1,0.33,0,0.0,0.0,0.56,0.3,0.1,0.0,0.17,0.25,3,0,0,0,0,0.0,0.0,0.08,0.3,0.1,0.0,0.17,0.25,3,0,0,0,0,0.0,0.0,0.08,0.3,0.1,0.0,0.17,0.26,3,0,0,0,0,0.0,0.0,0.08
Cyril Grayson Jr. ,FA,WR,71.0,3,0,0.0,3,1.0,0,0.0,0.0,0,0.0,0,0.0,0,0.0,0,0.0,0,0.0,0.0,0,0.0,0,0.0,3,1.0,0,0.0,0.0,0.56,0.0,0.0,0.0,0.0,0.0,3,0,0,0,0,0.0,0.0,0.06,0.0,0.0,0.0,0.0,0.0,3,0,0,0,0,0.0,0.0,0.06,0.0,0.0,0.0,0.0,0.0,3,0,0,0,0,0.0,0.0,0.06
Tajae Sharpe ,FA,WR,78.0,4,0,0.0,3,0.75,0,0.0,0.0,0,0.0,0,0.0,0,0.0,0,0.0,0,0.0,0.0,0,0.0,0,0.0,3,0.75,0,0.0,0.0,0.65,0.0,0.0,0.0,0.0,0.0,4,0,0,0,0,0.0,0.0,0.05,0.0,0.0,0.0,0.0,0.0,4,0,0,0,0,0.0,0.0,0.05,0.0,0.0,0.0,0.0,0.0,4,0,0,0,0,0.0,0.0,0.05
Rico Gafford ,FA,WR,80.5,3,0,0.0,2,0.67,0,0.0,0.0,0,0.0,0,0.0,0,0.0,0,0.0,0,0.0,0.0,0,0.0,0,0.0,2,0.67,0,0.0,0.0,0.56,0.0,0.0,0.0,0.0,0.0,3,0,0,0,0,0.0,0.0,0.04,0.0,0.0,0.0,0.0,0.0,3,0,0,0,0,0.0,0.0,0.04,0.0,0.0,0.0,0.0,0.0,3,0,0,0,0,0.0,0.0,0.04
Hakeem Butler ,FA,WR,83.5,2,0,0.0,1,0.5,0,0.0,0.0,0,0.0,0,0.0,0,0.0,0,0.0,0,0.0,0.0,0,0.0,0,0.0,1,0.5,0,0.0,0.0,0.44,0.0,0.0,0.0,0.0,0.0,2,0,0,0,0,0.0,0.0,0.02,0.0,0.0,0.0,0.0,0.0,2,0,0,0,0,0.0,0.0,0.02,0.0,0.0,0.0,0.0,0.0,2,0,0,0,0,0.0,0.0,0.02
Jeff Badet ,FA,WR,88.0,3,0,0.0,1,0.33,0,0.0,0.0,0,0.0,0,0.0,0,0.0,0,0.0,0,0.0,0.0,0,0.0,0,0.0,1,0.33,0,0.0,0.0,0.56,0.0,0.0,0.0,0.0,0.0,3,0,0,0,0,0.0,0.0,0.02,0.0,0.0,0.0,0.0,0.0,3,0,0,0,0,0.0,0.0,0.02,0.0,0.0,0.0,0.0,0.0,3,0,0,0,0,0.0,0.0,0.02
Taywan Taylor ,FA,WR,88.0,3,0,0.0,1,0.33,0,0.0,0.0,0,0.0,0,0.0,0,0.0,0,0.0,0,0.0,0.0,0,0.0,0,0.0,1,0.33,0,0.0,0.0,0.56,0.0,0.0,0.0,0.0,0.0,3,0,0,0,0,0.0,0.0,0.02,0.0,0.0,0.0,0.0,0.0,3,0,0,0,0,0.0,0.0,0.02,0.0,0.0,0.0,0.0,0.0,3,0,0,0,0,0.0,0.0,0.02
Keith Kirkwood ,NO,WR,3.0,1,1,1.0,2,2.0,13,13.0,13.0,13,13.0,0,0.0,0,0.0,0,0.0,0,0.0,0.0,0,0.0,1,1.0,2,2.0,0,0.0,0.0,0.28,1.3,1.3,1.3,0.0,0.0,1,0,0,0,0,0.0,0.0,0.0,1.8,1.8,1.8,0.0,0.0,1,0,0,0,0,0.0,0.0,0.0,2.3,2.3,2.3,0.0,0.0,1,0,0,0,0,0.0,0.0,0.0
Keelan Doss ,LAC,WR,4.0,1,0,0.0,0,0.0,0,0.0,0.0,0,0.0,0,0.0,0,0.0,0,0.0,0,0.0,0.0,0,0.0,0,0.0,0,0.0,0,0.0,0.0,0.28,0.0,0.0,0.0,0.0,0.0,1,0,0,0,0,0.0,0.0,0.0,0.0,0.0,0.0,0.0,0.0,1,0,0,0,0,0.0,0.0,0.0,0.0,0.0,0.0,0.0,0.0,1,0,0,0,0,0.0,0.0,0.0
Duke Williams ,FA,WR,102.5,1,0,0.0,0,0.0,0,0.0,0.0,0,0.0,0,0.0,0,0.0,0,0.0,0,0.0,0.0,0,0.0,0,0.0,0,0.0,0,0.0,0.0,0.28,0.0,0.0,0.0,0.0,0.0,1,0,0,0,0,0.0,0.0,0.0,0.0,0.0,0.0,0.0,0.0,1,0,0,0,0,0.0,0.0,0.0,0.0,0.0,0.0,0.0,0.0,1,0,0,0,0,0.0,0.0,0.0
Tony Brown ,FA,WR,102.5,1,0,0.0,0,0.0,0,0.0,0.0,0,0.0,0,0.0,0,0.0,0,0.0,0,0.0,0.0,0,0.0,0,0.0,0,0.0,0,0.0,0.0,0.28,0.0,0.0,0.0,0.0,0.0,1,0,0,0,0,0.0,0.0,0.0,0.0,0.0,0.0,0.0,0.0,1,0,0,0,0,0.0,0.0,0.0,0.0,0.0,0.0,0.0,0.0,1,0,0,0,0,0.0,0.0,0.0
Trenton Irwin ,CIN,WR,3.0,1,1,1.0,2,2.0,5,5.0,5.0,5,5.0,0,0.0,0,0.0,0,0.0,0,0.0,0.0,0,0.0,1,1.0,2,2.0,0,0.0,0.0,0.28,0.5,0.5,0.5,0.0,0.0,1,0,0,0,0,0.0,0.0,0.0,1.0,1.0,1.0,0.0,0.0,1,0,0,0,0,0.0,0.0,0.0,1.5,1.5,1.5,0.0,0.0,1,0,0,0,0,0.0,0.0,0.0
K.J. Osborn ,MIN,WR,4.0,9,0,0.0,0,0.0,0,0.0,0.0,0,0.0,0,0.0,0,0.0,0,0.0,0,0.0,0.0,0,0.0,0,0.0,0,0.0,0,0.0,0.0,0.93,0.0,0.0,0.0,0.0,0.0,9,0,0,0,0,0.0,0.0,0.0,0.0,0.0,0.0,0.0,0.0,9,0,0,0,0,0.0,0.0,0.0,0.0,0.0,0.0,0.0,0.0,9,0,0,0,0,0.0,0.0,0.0
Juwann Winfree ,FA,WR,102.5,2,0,0.0,0,0.0,0,0.0,0.0,0,0.0,0,0.0,0,0.0,0,0.0,0,0.0,0.0,0,0.0,0,0.0,0,0.0,0,0.0,0.0,0.44,0.0,0.0,0.0,0.0,0.0,2,0,0,0,0,0.0,0.0,0.0,0.0,0.0,0.0,0.0,0.0,2,0,0,0,0,0.0,0.0,0.0,0.0,0.0,0.0,0.0,0.0,2,0,0,0,0,0.0,0.0,0.0
Justin Hardee ,NYJ,WR,8.0,10,0,0.0,0,0.0,0,0.0,0.0,0,0.0,0,0.0,0,0.0,0,0.0,0,0.0,0.0,0,0.0,0,0.0,0,0.0,0,0.0,0.0,0.96,0.0,0.0,0.0,0.0,0.0,10,0,0,0,0,0.0,0.0,0.0,0.0,0.0,0.0,0.0,0.0,10,0,0,0,0,0.0,0.0,0.0,0.0,0.0,0.0,0.0,0.0,10,0,0,0,0,0.0,0.0,0.0
Johnny Holton ,FA,WR,102.5,1,0,0.0,0,0.0,0,0.0,0.0,0,0.0,0,0.0,0,0.0,0,0.0,0,0.0,0.0,0,0.0,0,0.0,0,0.0,0,0.0,0.0,0.28,0.0,0.0,0.0,0.0,0.0,1,0,0,0,0,0.0,0.0,0.0,0.0,0.0,0.0,0.0,0.0,1,0,0,0,0,0.0,0.0,0.0,0.0,0.0,0.0,0.0,0.0,1,0,0,0,0,0.0,0.0,0.0
Alex Bachman ,HOU,WR,4.0,1,0,0.0,0,0.0,0,0.0,0.0,0,0.0,0,0.0,0,0.0,0,0.0,0,0.0,0.0,0,0.0,0,0.0,0,0.0,0,0.0,0.0,0.28,0.0,0.0,0.0,0.0,0.0,1,0,0,0,0,0.0,0.0,0.0,0.0,0.0,0.0,0.0,0.0,1,0,0,0,0,0.0,0.0,0.0,0.0,0.0,0.0,0.0,0.0,1,0,0,0,0,0.0,0.0,0.0
Trey Quinn ,FA,WR,102.5,1,0,0.0,0,0.0,0,0.0,0.0,0,0.0,0,0.0,0,0.0,0,0.0,0,0.0,0.0,0,0.0,0,0.0,0,0.0,0,0.0,0.0,0.28,0.0,0.0,0.0,0.0,0.0,1,0,0,0,0,0.0,0.0,0.0,0.0,0.0,0.0,0.0,0.0,1,0,0,0,0,0.0,0.0,0.0,0.0,0.0,0.0,0.0,0.0,1,0,0,0,0,0.0,0.0,0.0
Stanley Morgan Jr. ,CIN,WR,5.0,6,0,0.0,0,0.0,0,0.0,0.0,0,0.0,0,0.0,0,0.0,0,0.0,0,0.0,0.0,0,0.0,0,0.0,0,0.0,0,0.0,0.0,0.78,0.0,0.0,0.0,0.0,0.0,6,0,0,0,0,0.0,0.0,0.0,0.0,0.0,0.0,0.0,0.0,6,0,0,0,0,0.0,0.0,0.0,0.0,0.0,0.0,0.0,0.0,6,0,0,0,0,0.0,0.0,0.0
Kendall Hinton ,DEN,WR,6.0,1,0,0.0,0,0.0,0,0.0,0.0,0,0.0,0,0.0,0,0.0,2,2.0,7,7.0,3.5,0,0.0,2,2.0,2,2.0,0,0.0,0.0,0.28,-0.8,-0.8,-0.8,0.0,0.0,1,0,0,0,0,0.0,0.0,0.0,-0.8,-0.8,-0.8,0.0,0.0,1,0,0,0,0,0.0,0.0,0.0,-0.8,-0.8,-0.8,0.0,0.0,1,0,0,0,0,0.0,0.0,0.0
Dan Chisena ,PIT,WR,5.0,14,0,0.0,0,0.0,0,0.0,0.0,0,0.0,0,0.0,0,0.0,0,0.0,0,0.0,0.0,0,0.0,0,0.0,0,0.0,0,0.0,0.0,1.0,0.0,0.0,0.0,0.0,0.0,14,0,0,0,0,0.0,0.0,0.0,0.0,0.0,0.0,0.0,0.0,14,0,0,0,0,0.0,0.0,0.0,0.0,0.0,0.0,0.0,0.0,14,0,0,0,0,0.0,0.0,0.0
Fred Brown ,FA,WR,102.5,1,0,0.0,0,0.0,0,0.0,0.0,0,0.0,0,0.0,0,0.0,0,0.0,0,0.0,0.0,0,0.0,0,0.0,0,0.0,0,0.0,0.0,0.28,0.0,0.0,0.0,0.0,0.0,1,0,0,0,0,0.0,0.0,0.0,0.0,0.0,0.0,0.0,0.0,1,0,0,0,0,0.0,0.0,0.0,0.0,0.0,0.0,0.0,0.0,1,0,0,0,0,0.0,0.0,0.0
Dezmon Patmon ,BUF,WR,7.0,1,0,0.0,0,0.0,0,0.0,0.0,0,0.0,0,0.0,0,0.0,0,0.0,0,0.0,0.0,0,0.0,0,0.0,0,0.0,0,0.0,0.0,0.28,0.0,0.0,0.0,0.0,0.0,1,0,0,0,0,0.0,0.0,0.0,0.0,0.0,0.0,0.0,0.0,1,0,0,0,0,0.0,0.0,0.0,0.0,0.0,0.0,0.0,0.0,1,0,0,0,0,0.0,0.0,0.0
Derrick Willies ,FA,WR,102.5,1,0,0.0,0,0.0,0,0.0,0.0,0,0.0,0,0.0,0,0.0,0,0.0,0,0.0,0.0,0,0.0,0,0.0,0,0.0,0,0.0,0.0,0.28,0.0,0.0,0.0,0.0,0.0,1,0,0,0,0,0.0,0.0,0.0,0.0,0.0,0.0,0.0,0.0,1,0,0,0,0,0.0,0.0,0.0,0.0,0.0,0.0,0.0,0.0,1,0,0,0,0,0.0,0.0,0.0
Matthew Slater ,NE,WR,6.0,15,0,0.0,0,0.0,0,0.0,0.0,0,0.0,0,0.0,0,0.0,0,0.0,0,0.0,0.0,0,0.0,0,0.0,0,0.0,0,0.0,0.0,1.0,0.0,0.0,0.0,0.0,0.0,15,0,0,0,0,0.0,0.0,0.0,0.0,0.0,0.0,0.0,0.0,15,0,0,0,0,0.0,0.0,0.0,0.0,0.0,0.0,0.0,0.0,15,0,0,0,0,0.0,0.0,0.0
Deon Cain ,FA,WR,102.5,2,0,0.0,0,0.0,0,0.0,0.0,0,0.0,0,0.0,0,0.0,0,0.0,0,0.0,0.0,0,0.0,0,0.0,0,0.0,0,0.0,0.0,0.44,0.0,0.0,0.0,0.0,0.0,2,0,0,0,0,0.0,0.0,0.0,0.0,0.0,0.0,0.0,0.0,2,0,0,0,0,0.0,0.0,0.0,0.0,0.0,0.0,0.0,0.0,2,0,0,0,0,0.0,0.0,0.0
Matt Cole ,FA,WR,102.5,1,0,0.0,0,0.0,0,0.0,0.0,0,0.0,0,0.0,0,0.0,0,0.0,0,0.0,0.0,0,0.0,0,0.0,0,0.0,0,0.0,0.0,0.28,0.0,0.0,0.0,0.0,0.0,1,0,0,0,0,0.0,0.0,0.0,0.0,0.0,0.0,0.0,0.0,1,0,0,0,0,0.0,0.0,0.0,0.0,0.0,0.0,0.0,0.0,1,0,0,0,0,0.0,0.0,0.0
Jordan Matthews ,FA,WR,102.5,2,0,0.0,0,0.0,0,0.0,0.0,0,0.0,0,0.0,0,0.0,0,0.0,0,0.0,0.0,0,0.0,0,0.0,0,0.0,0,0.0,0.0,0.44,0.0,0.0,0.0,0.0,0.0,2,0,0,0,0,0.0,0.0,0.0,0.0,0.0,0.0,0.0,0.0,2,0,0,0,0,0.0,0.0,0.0,0.0,0.0,0.0,0.0,0.0,2,0,0,0,0,0.0,0.0,0.0
Deante Burton ,FA,WR,102.5,4,0,0.0,0,0.0,0,0.0,0.0,0,0.0,0,0.0,0,0.0,0,0.0,0,0.0,0.0,0,0.0,0,0.0,0,0.0,0,0.0,0.0,0.65,0.0,0.0,0.0,0.0,0.0,4,0,0,0,0,0.0,0.0,0.0,0.0,0.0,0.0,0.0,0.0,4,0,0,0,0,0.0,0.0,0.0,0.0,0.0,0.0,0.0,0.0,4,0,0,0,0,0.0,0.0,0.0
Quinton Bell ,ATL,WR,2.0,5,0,0.0,0,0.0,0,0.0,0.0,0,0.0,0,0.0,0,0.0,0,0.0,0,0.0,0.0,0,0.0,0,0.0,0,0.0,0,0.0,0.0,0.72,0.0,0.0,0.0,0.0,0.0,5,0,0,0,0,0.0,0.0,0.0,0.0,0.0,0.0,0.0,0.0,5,0,0,0,0,0.0,0.0,0.0,0.0,0.0,0.0,0.0,0.0,5,0,0,0,0,0.0,0.0,0.0
Jason Moore Jr. ,FA,WR,102.5,2,0,0.0,0,0.0,0,0.0,0.0,0,0.0,0,0.0,0,0.0,0,0.0,0,0.0,0.0,0,0.0,0,0.0,0,0.0,0,0.0,0.0,0.44,0.0,0.0,0.0,0.0,0.0,2,0,0,0,0,0.0,0.0,0.0,0.0,0.0,0.0,0.0,0.0,2,0,0,0,0,0.0,0.0,0.0,0.0,0.0,0.0,0.0,0.0,2,0,0,0,0,0.0,0.0,0.0
Isaiah Coulter ,FA,WR,102.5,1,0,0.0,0,0.0,0,0.0,0.0,0,0.0,0,0.0,0,0.0,0,0.0,0,0.0,0.0,0,0.0,0,0.0,0,0.0,0,0.0,0.0,0.28,0.0,0.0,0.0,0.0,0.0,1,0,0,0,0,0.0,0.0,0.0,0.0,0.0,0.0,0.0,0.0,1,0,0,0,0,0.0,0.0,0.0,0.0,0.0,0.0,0.0,0.0,1,0,0,0,0,0.0,0.0,0.0
Marken Michel ,FA,WR,102.5,2,0,0.0,0,0.0,0,0.0,0.0,0,0.0,0,0.0,0,0.0,0,0.0,0,0.0,0.0,0,0.0,0,0.0,0,0.0,0,0.0,0.0,0.44,0.0,0.0,0.0,0.0,0.0,2,0,0,0,0,0.0,0.0,0.0,0.0,0.0,0.0,0.0,0.0,2,0,0,0,0,0.0,0.0,0.0,0.0,0.0,0.0,0.0,0.0,2,0,0,0,0,0.0,0.0,0.0
Reggie Begelton ,FA,WR,102.5,1,0,0.0,0,0.0,0,0.0,0.0,0,0.0,0,0.0,0,0.0,0,0.0,0,0.0,0.0,0,0.0,0,0.0,0,0.0,0,0.0,0.0,0.28,0.0,0.0,0.0,0.0,0.0,1,0,0,0,0,0.0,0.0,0.0,0.0,0.0,0.0,0.0,0.0,1,0,0,0,0,0.0,0.0,0.0,0.0,0.0,0.0,0.0,0.0,1,0,0,0,0,0.0,0.0,0.0
Malik Turner ,IND,WR,5.0,6,0,0.0,0,0.0,0,0.0,0.0,0,0.0,0,0.0,0,0.0,0,0.0,0,0.0,0.0,0,0.0,0,0.0,0,0.0,0,0.0,0.0,0.78,0.0,0.0,0.0,0.0,0.0,6,0,0,0,0,0.0,0.0,0.0,0.0,0.0,0.0,0.0,0.0,6,0,0,0,0,0.0,0.0,0.0,0.0,0.0,0.0,0.0,0.0,6,0,0,0,0,0.0,0.0,0.0
Jaleel Scott ,FA,WR,71.0,1,1,1.0,1,1.0,16,16.0,16.0,16,16.0,0,0.0,0,0.0,0,0.0,0,0.0,0.0,0,0.0,1,1.0,1,1.0,0,0.0,0.0,0.28,1.6,1.6,1.6,0.0,0.0,1,0,0,0,0,0.0,0.0,0.0,2.1,2.1,2.1,0.0,0.0,1,0,0,0,0,0.0,0.0,0.0,2.6,2.6,2.6,0.0,0.0,1,0,0,0,0,0.0,0.0,0.0
Kristian Wilkerson ,FA,WR,102.5,1,0,0.0,0,0.0,0,0.0,0.0,0,0.0,0,0.0,0,0.0,0,0.0,0,0.0,0.0,0,0.0,0,0.0,0,0.0,0,0.0,0.0,0.28,0.0,0.0,0.0,0.0,0.0,1,0,0,0,0,0.0,0.0,0.0,0.0,0.0,0.0,0.0,0.0,1,0,0,0,0,0.0,0.0,0.0,0.0,0.0,0.0,0.0,0.0,1,0,0,0,0,0.0,0.0,0.0
Courtland Sutton ,DEN,WR,2.0,1,3,3.0,6,6.0,66,66.0,22.0,45,45.0,4,4.0,0,0.0,0,0.0,0,0.0,0.0,0,0.0,3,3.0,6,6.0,0,0.0,0.0,0.28,6.6,6.6,6.6,0.0,0.0,0,1,0,0,0,0.0,0.0,0.0,8.1,8.1,8.1,0.0,0.0,0,1,0,0,0,0.0,0.0,0.0,9.6,9.6,9.6,0.0,0.0,0,1,0,0,0,0.0,0.0,0.0
Kirk Merritt ,NO,WR,5.0,1,0,0.0,0,0.0,0,0.0,0.0,0,0.0,0,0.0,0,0.0,0,0.0,0,0.0,0.0,0,0.0,0,0.0,0,0.0,0,0.0,0.0,0.28,0.0,0.0,0.0,0.0,0.0,1,0,0,0,0,0.0,0.0,0.0,0.0,0.0,0.0,0.0,0.0,1,0,0,0,0,0.0,0.0,0.0,0.0,0.0,0.0,0.0,0.0,1,0,0,0,0,0.0,0.0,0.0
Chris Rowland ,FA,WR,102.5,2,0,0.0,0,0.0,0,0.0,0.0,0,0.0,0,0.0,0,0.0,0,0.0,0,0.0,0.0,0,0.0,0,0.0,0,0.0,0,0.0,0.0,0.44,0.0,0.0,0.0,0.0,0.0,2,0,0,0,0,0.0,0.0,0.0,0.0,0.0,0.0,0.0,0.0,2,0,0,0,0,0.0,0.0,0.0,0.0,0.0,0.0,0.0,0.0,2,0,0,0,0,0.0,0.0,0.0
Chris Moore ,FA,WR,102.5,3,0,0.0,0,0.0,0,0.0,0.0,0,0.0,0,0.0,0,0.0,0,0.0,0,0.0,0.0,0,0.0,0,0.0,0,0.0,0,0.0,0.0,0.56,0.0,0.0,0.0,0.0,0.0,3,0,0,0,0,0.0,0.0,0.0,0.0,0.0,0.0,0.0,0.0,3,0,0,0,0,0.0,0.0,0.0,0.0,0.0,0.0,0.0,0.0,3,0,0,0,0,0.0,0.0,0.0
Kevin White ,FA,WR,102.5,3,0,0.0,0,0.0,0,0.0,0.0,0,0.0,0,0.0,0,0.0,0,0.0,0,0.0,0.0,0,0.0,0,0.0,0,0.0,0,0.0,0.0,0.56,0.0,0.0,0.0,0.0,0.0,3,0,0,0,0,0.0,0.0,0.0,0.0,0.0,0.0,0.0,0.0,3,0,0,0,0,0.0,0.0,0.0,0.0,0.0,0.0,0.0,0.0,3,0,0,0,0,0.0,0.0,0.0
DeAndre Carter ,FA,WR,92.0,13,1,0.08,2,0.15,8,0.62,8.0,8,0.62,0,0.0,0,0.0,0,0.0,0,0.0,0.0,0,0.0,1,0.08,2,0.15,1,0.08,1.0,1.0,-1.2,-0.09,0.0,0.61,-0.17,13,0,0,0,0,0.0,0.0,-0.06,-0.7,-0.05,0.0,0.69,-0.1,13,0,0,0,0,0.0,0.0,-0.03,-0.2,-0.02,0.0,0.78,-0.03,13,0,0,0,0,0.0,0.0,0.0
Nsimba Webster ,CHI,WR,7.0,16,0,0.0,0,0.0,0,0.0,0.0,0,0.0,0,0.0,0,0.0,0,0.0,0,0.0,0.0,0,0.0,0,0.0,0,0.0,1,0.06,inf,1.0,-2.0,-0.12,0.0,0.5,-0.24,16,0,0,0,0,0.0,0.0,-0.11,-2.0,-0.12,0.0,0.5,-0.24,16,0,0,0,0,0.0,0.0,-0.11,-2.0,-0.12,0.0,0.5,-0.25,16,0,0,0,0,0.0,0.0,-0.11
Dede Westbrook ,FA,WR,83.5,2,1,0.5,1,0.5,4,2.0,4.0,4,2.0,0,0.0,0,0.0,0,0.0,0,0.0,0.0,0,0.0,1,0.5,1,0.5,1,0.5,1.0,0.44,-1.6,-0.8,-0.8,1.7,-1.11,2,0,0,0,0,0.0,0.0,-0.36,-1.1,-0.55,-0.55,2.05,-0.75,2,0,0,0,0,0.0,0.0,-0.24,-0.6,-0.3,-0.3,2.4,-0.41,2,0,0,0,0,0.0,0.0,-0.12
Dwayne Harris ,FA,WR,102.5,3,0,0.0,0,0.0,0,0.0,0.0,0,0.0,0,0.0,0,0.0,0,0.0,0,0.0,0.0,0,0.0,0,0.0,0,0.0,1,0.33,inf,0.56,-2.0,-0.67,0.0,1.15,-1.02,3,0,0,0,0,0.0,0.0,-0.26,-2.0,-0.67,0.0,1.15,-1.05,3,0,0,0,0,0.0,0.0,-0.26,-2.0,-0.67,0.0,1.15,-1.08,3,0,0,0,0,0.0,0.0,-0.27
