Player,TEAM,POS,DPCHT,G,rec_REC,rec_REC_mean,rec_TGT,rec_TGT_mean,rec_YDS,rec_YDS_mean,rec_Y/R,rec_LG,rec_LG_mean,rec_20,rec_20_mean,rec_TD,rec_TD_mean,rush_ATT,rush_ATT_mean,rush_YDS,rush_YDS_mean,rush_Y/A,rush_TD,rush_TD_mean,TOU,TOU_mean,OPP,OPP_mean,FL,FL_mean,FL/T,INJCOR,FPTS,FPTS_mean,FPTS_median,FPTS_std,FPTS_adj,FPTS_bad,FPTS_poor,FPTS_okay,FPTS_good,FPTS_great,FPTS_QSRat,FPTS_GSRat,FPTS_Score,HALF,HALF_mean,HALF_median,HALF_std,HALF_adj,HALF_bad,HALF_poor,HALF_okay,HALF_good,HALF_great,HALF_QSRat,HALF_GSRat,HALF_Score,PPR,PPR_mean,PPR_median,PPR_std,PPR_adj,PPR_bad,PPR_poor,PPR_okay,PPR_good,PPR_great,PPR_QSRat,PPR_GSRat,PPR_Score,YOE
Cooper Kupp ,LAR,WR,1.0,11.84,94.67,8.07,124.89,10.62,1121.27,93.02,11.51,68.73,31.16,28.39,2.27,8.33,0.69,7.0,0.71,39.86,4.05,5.56,0.62,0.07,101.67,8.77,131.89,11.32,0.71,0.07,0.01,0.96,168.82,14.11,14.54,6.4,14.08,1.44,1.02,3.19,1.67,4.51,6.86,5.85,18.03,216.16,18.15,18.53,7.36,18.03,1.17,0.82,2.04,2.53,5.28,9.0,7.31,22.86,263.49,22.18,23.87,8.51,21.91,0.89,0.9,1.37,1.78,6.9,9.05,8.34,27.06,4
Justin Jefferson ,MIN,WR,1.0,16.9,118.77,7.02,173.59,10.25,1717.56,101.56,14.53,62.67,30.66,46.95,2.78,8.41,0.5,4.21,0.25,19.18,1.13,4.65,0.64,0.04,122.97,7.27,177.79,10.51,0.26,0.02,0.0,1.0,230.35,13.62,16.0,8.3,12.78,4.23,0.97,3.26,1.74,6.69,2.29,2.3,15.72,289.74,17.13,19.47,9.56,15.97,3.23,1.62,2.1,3.0,6.95,2.54,4.6,19.43,349.12,20.64,22.97,10.88,19.18,3.23,1.1,1.87,3.13,7.56,3.63,4.79,23.03,3
Stefon Diggs ,BUF,WR,1.0,16.82,108.1,6.42,156.51,9.3,1393.42,82.87,12.97,55.68,30.44,32.39,1.93,10.26,0.61,0.91,0.06,0.66,0.06,-1.27,0.0,0.0,109.01,6.48,157.42,9.36,0.12,0.01,0.0,1.0,200.74,11.93,11.75,6.94,11.74,3.39,3.63,3.03,4.3,2.47,1.42,2.11,12.74,254.79,15.14,15.79,7.94,14.86,2.04,2.53,4.38,4.59,3.28,3.0,4.05,17.23,308.84,18.35,19.56,9.02,17.96,2.04,2.25,4.22,2.07,6.24,3.36,4.49,20.63,4
Davante Adams ,LV,WR,1.0,16.26,106.47,6.6,172.15,10.59,1490.67,91.76,14.1,59.28,29.96,42.27,2.58,13.3,0.82,1.85,0.11,-0.62,-0.04,-0.2,0.0,0.0,108.32,6.71,174.0,10.69,0.14,0.01,0.0,1.0,228.61,14.07,10.74,9.24,12.86,2.94,3.92,2.42,0.52,6.46,1.54,2.44,13.07,281.85,17.37,14.71,10.23,15.94,2.02,3.11,3.68,0.79,6.66,2.31,4.43,17.12,335.08,20.68,18.58,11.31,19.04,1.99,2.19,3.03,2.29,6.77,3.21,5.36,20.94,4
Tyreek Hill ,MIA,WR,1.0,16.61,111.47,6.68,160.65,9.64,1517.73,91.1,13.63,67.52,30.86,38.39,2.31,8.28,0.5,8.12,0.5,56.37,3.43,6.49,0.81,0.05,119.6,7.18,168.77,10.13,0.25,0.01,0.0,1.0,211.48,12.75,10.89,8.23,12.03,3.17,2.94,3.76,2.73,4.0,2.07,3.21,13.16,267.22,16.09,13.08,9.51,15.07,2.64,2.47,3.9,2.02,5.58,2.9,3.67,16.05,322.95,19.43,16.55,10.88,18.1,2.64,0.92,4.64,2.59,5.82,5.61,4.18,20.46,4
Ja'Marr Chase ,CIN,WR,1.0,14.14,85.29,6.14,132.29,9.52,1162.86,81.93,13.72,66.29,27.85,29.71,2.03,10.14,0.71,5.57,0.39,11.71,0.8,2.0,0.0,0.0,90.86,6.54,137.86,9.9,1.71,0.12,0.02,1.0,174.89,12.29,9.81,8.8,11.37,4.29,1.71,2.86,1.0,4.29,1.36,1.24,11.51,217.53,15.37,12.77,9.73,14.28,1.86,4.14,1.86,2.0,4.29,1.36,4.79,15.04,260.17,18.44,15.84,10.75,17.21,1.57,1.29,4.29,2.0,5.0,4.61,5.67,19.59,2
Keenan Allen ,LAC,WR,1.0,12.11,80.7,6.65,113.83,9.3,888.33,73.76,11.09,43.2,25.77,15.11,1.28,4.97,0.41,0.83,0.08,5.46,0.53,5.04,0.0,0.0,81.53,6.73,114.66,9.37,0.81,0.08,0.01,0.98,118.24,9.78,9.37,5.18,10.35,2.09,3.93,3.7,1.59,0.79,1.03,1.54,10.48,158.59,13.11,13.08,5.98,13.8,1.18,3.29,3.16,3.49,0.99,1.69,4.06,14.58,198.94,16.44,16.3,7.01,17.15,1.18,2.29,3.34,3.68,1.62,2.49,4.82,18.06,4
Deebo Samuel ,SF,WR,1.0,13.23,58.95,4.45,95.21,7.15,805.35,59.18,13.17,60.65,25.86,21.76,1.54,2.93,0.21,41.73,3.05,241.59,17.39,5.69,3.94,0.27,100.68,7.5,136.95,10.19,1.76,0.12,0.02,0.98,143.65,10.38,10.41,5.01,10.93,3.24,2.91,3.06,2.5,1.52,2.2,3.03,12.37,173.12,12.6,12.08,5.66,13.32,3.0,2.54,3.5,1.82,2.38,2.35,3.08,14.24,202.6,14.83,14.39,6.43,15.66,2.34,1.76,5.07,1.2,2.85,2.9,2.97,16.54,4
CeeDee Lamb ,DAL,WR,1.0,16.64,96.44,5.77,142.15,8.52,1249.62,74.9,13.01,42.9,25.95,30.15,1.81,7.82,0.47,9.74,0.59,58.03,3.51,6.02,0.1,0.01,106.18,6.36,151.9,9.1,0.1,0.01,0.0,1.0,178.92,10.72,9.65,6.85,10.55,4.72,3.26,3.49,3.18,2.0,1.15,1.18,10.87,227.14,13.61,12.9,7.69,13.39,2.87,3.95,3.0,4.82,2.0,1.51,2.96,14.23,275.35,16.5,15.91,8.61,16.24,1.87,4.21,2.49,5.18,2.9,1.9,6.47,17.94,3
DeAndre Hopkins ,ARI,WR,1.0,10.17,65.18,6.39,96.55,9.53,766.92,74.87,11.9,41.47,23.31,13.75,1.28,4.68,0.46,0.18,0.01,0.81,0.05,0.45,0.0,0.0,65.36,6.41,96.73,9.54,0.81,0.08,0.01,0.95,103.46,10.09,10.04,5.96,10.27,2.43,2.23,2.69,1.54,1.28,1.19,1.15,10.39,136.05,13.29,13.37,6.91,13.42,1.18,2.75,2.54,2.3,1.41,1.71,3.11,13.86,168.64,16.49,17.04,8.04,16.5,1.1,1.46,2.39,3.52,1.71,5.49,4.78,18.87,4
A.J. Brown ,PHI,WR,1.0,15.68,78.65,5.0,128.9,8.2,1282.55,80.81,16.17,72.85,32.84,36.23,2.25,9.4,0.59,0.61,0.04,4.83,0.34,2.02,0.04,0.0,79.26,5.05,129.51,8.24,1.33,0.08,0.01,1.0,183.33,11.56,10.11,7.68,11.04,4.1,1.79,4.42,2.32,3.04,1.84,1.61,11.66,222.65,14.06,12.31,8.56,13.46,3.86,1.79,4.09,2.04,3.89,1.9,1.82,13.82,261.98,16.55,14.72,9.51,15.92,2.8,2.06,4.02,2.91,3.89,2.51,3.38,16.71,4
Chris Godwin ,TB,WR,1.0,14.42,97.97,6.77,131.76,9.1,1036.89,72.05,10.72,45.36,22.47,16.45,1.17,4.12,0.29,2.87,0.2,8.57,0.6,2.64,0.25,0.02,100.84,6.96,134.64,9.29,1.72,0.11,0.02,1.0,128.62,8.99,8.06,4.98,9.55,5.3,3.06,3.1,2.45,0.5,0.83,0.65,9.43,177.61,12.37,11.78,5.73,13.1,1.96,6.17,1.61,3.03,1.65,1.0,2.44,13.23,226.6,15.75,14.88,6.59,16.59,1.1,3.38,4.93,2.4,2.61,2.29,4.72,17.41,4
Tee Higgins ,CIN,WR,2.0,14.85,73.92,4.99,109.79,7.41,1040.82,70.33,14.07,58.54,25.59,24.05,1.63,6.64,0.45,0.51,0.03,2.87,0.18,0.57,0.0,0.0,74.44,5.02,110.31,7.44,0.36,0.02,0.0,1.0,145.29,9.81,9.08,6.45,9.8,4.31,3.0,3.79,1.95,1.79,1.05,0.89,9.99,182.25,12.3,11.43,7.49,12.19,3.21,2.36,4.79,1.79,2.69,1.73,1.43,12.59,219.22,14.8,13.9,8.6,14.58,3.21,1.46,5.69,1.05,3.44,2.33,1.43,15.08,3
Tyler Lockett ,SEA,WR,2.0,16.0,82.79,5.17,115.74,7.23,1070.99,66.94,13.09,47.99,26.82,27.41,1.72,8.81,0.55,0.65,0.04,2.02,0.13,1.06,0.0,0.0,83.44,5.22,116.39,7.27,1.23,0.07,0.01,1.0,158.21,9.89,9.53,6.86,9.76,5.21,2.47,5.44,0.25,2.63,1.12,0.54,10.11,199.6,12.48,11.62,7.58,12.39,4.21,2.71,4.52,1.67,2.88,1.38,1.16,12.52,241.0,15.06,14.1,8.44,15.0,3.98,1.37,5.27,2.51,2.88,2.29,1.45,15.33,4
Jaylen Waddle ,MIA,WR,2.0,16.71,83.29,5.01,123.57,7.41,1258.57,75.1,15.7,76.29,31.23,33.57,1.99,7.43,0.44,2.71,0.16,19.43,1.15,6.62,0.29,0.02,86.0,5.17,126.29,7.58,1.0,0.06,0.01,1.0,172.09,10.27,8.66,7.21,9.97,6.0,3.57,2.0,2.43,2.71,0.76,0.86,9.74,213.73,12.77,11.23,8.21,12.37,5.0,1.71,4.57,2.43,3.0,1.5,1.09,12.4,255.37,15.28,14.13,9.3,14.78,4.0,2.71,3.29,3.71,3.0,1.5,1.68,14.93,2
Amon-Ra St. Brown ,DET,WR,1.0,16.0,101.43,6.33,138.29,8.64,1089.86,68.11,10.72,45.57,21.93,15.0,0.94,5.71,0.36,8.43,0.53,85.29,5.33,10.03,0.29,0.02,109.86,6.87,146.71,9.17,0.0,0.0,0.0,1.0,154.66,9.67,7.16,7.88,9.17,4.86,6.14,1.43,0.86,2.71,0.45,0.74,8.67,205.37,12.83,10.26,8.94,12.15,3.14,5.43,2.43,2.0,3.0,0.89,2.02,11.95,256.09,16.01,13.48,10.06,15.15,3.14,2.71,5.14,0.71,4.29,1.86,2.02,15.23,2
DK Metcalf ,SEA,WR,1.0,16.86,84.35,5.0,135.25,8.01,1047.34,62.21,12.5,62.18,24.44,21.67,1.29,7.91,0.47,0.33,0.02,1.91,0.11,1.69,0.0,0.0,84.68,5.02,135.57,8.03,1.45,0.09,0.02,1.0,149.58,8.89,7.88,5.98,9.02,7.01,2.35,4.27,1.89,1.34,0.84,0.48,8.95,191.75,11.38,11.07,6.66,11.59,5.23,2.86,4.21,3.02,1.54,1.1,0.94,11.79,233.93,13.89,14.02,7.47,14.14,4.27,2.49,3.69,4.37,2.03,1.59,1.56,14.67,4
Mike Evans ,TB,WR,2.0,15.27,75.18,4.93,121.67,8.0,1091.75,71.78,14.53,57.69,28.28,32.52,2.14,8.74,0.57,0.25,0.01,2.46,0.15,2.46,0.0,0.0,75.42,4.95,121.92,8.02,0.0,0.0,0.0,1.0,161.93,10.59,7.81,8.86,9.8,5.85,2.41,3.65,0.83,2.53,1.05,0.71,9.42,199.52,13.06,9.85,9.76,12.13,4.54,2.86,3.24,2.1,2.53,1.35,1.08,11.64,237.11,15.53,12.3,10.71,14.51,2.69,4.05,2.69,3.21,2.63,1.49,2.28,14.18,4
Calvin Ridley ,JAC,WR,1.0,8.38,49.41,6.01,79.54,9.84,621.26,66.35,11.13,33.95,21.26,12.79,1.13,4.31,0.47,1.49,0.1,3.74,0.29,1.79,0.0,0.0,50.9,6.11,81.03,9.95,0.26,0.02,0.0,0.82,88.55,9.47,9.39,4.27,10.57,1.82,2.38,2.13,0.92,1.13,0.99,0.64,8.98,113.26,12.48,11.93,4.73,14.1,1.18,1.92,2.33,1.72,1.23,1.69,1.37,11.64,137.96,15.48,15.16,5.35,17.53,0.92,0.9,2.74,2.49,1.33,3.82,2.08,14.99,4
Amari Cooper ,CLE,WR,1.0,16.37,76.96,4.7,124.39,7.58,1083.95,66.01,14.08,52.85,26.09,27.8,1.68,8.32,0.51,0.63,0.04,1.62,0.1,0.47,0.0,0.0,77.59,4.74,125.02,7.62,0.0,0.0,0.0,1.0,158.06,9.63,7.72,6.97,9.43,6.67,2.87,1.87,2.41,2.56,0.72,0.75,9.03,196.54,11.99,10.35,7.94,11.69,5.42,3.07,2.92,1.69,3.27,1.0,0.91,11.41,235.01,14.34,12.93,8.98,13.97,4.8,2.72,3.68,1.24,3.93,1.27,1.1,13.78,4
DeVonta Smith ,PHI,WR,2.0,17.0,86.14,5.07,126.86,7.46,1116.0,65.64,13.08,45.29,23.17,27.71,1.63,6.43,0.38,0.0,0.0,0.0,0.0,0.0,0.0,0.0,86.14,5.07,126.86,7.46,1.0,0.06,0.01,1.0,148.74,8.75,7.26,6.47,8.71,6.14,4.43,3.43,1.29,1.71,0.62,0.52,8.38,191.81,11.28,10.19,7.24,11.24,5.43,2.0,4.57,3.0,2.0,1.46,1.05,11.38,234.89,13.82,13.11,8.12,13.77,5.14,1.57,3.86,4.43,2.0,1.87,1.43,14.13,2
Christian Kirk ,JAC,WR,2.0,16.55,78.1,4.7,119.31,7.19,1013.26,60.88,12.95,53.09,25.33,25.67,1.54,6.87,0.41,3.92,0.24,13.44,0.86,4.58,0.0,0.0,82.01,4.95,123.22,7.44,0.62,0.04,0.01,1.0,143.04,8.61,8.05,6.09,8.72,6.59,3.14,3.28,1.82,1.71,0.72,0.56,8.79,182.09,10.96,10.82,6.93,11.06,5.06,3.63,3.7,2.44,1.71,0.93,0.82,11.26,221.14,13.31,13.51,7.82,13.4,4.16,4.15,2.49,3.79,1.96,1.0,1.43,13.72,4
Terry McLaurin ,WAS,WR,1.0,16.68,77.24,4.64,122.78,7.37,1139.1,68.33,14.79,53.0,29.58,31.37,1.88,4.98,0.3,4.75,0.28,23.77,1.42,6.98,0.0,0.0,81.99,4.92,127.53,7.65,0.1,0.01,0.0,1.0,145.97,8.76,7.66,5.02,9.38,6.4,3.54,4.11,1.92,0.71,0.72,0.43,8.9,184.59,11.08,9.83,5.68,11.84,4.06,5.2,3.42,2.33,1.67,0.89,1.12,11.24,223.21,13.4,12.51,6.43,14.28,3.16,3.87,5.41,2.47,1.77,1.59,1.64,14.02,4
Diontae Johnson ,PIT,WR,1.0,16.52,90.31,5.49,149.96,9.1,946.8,57.55,10.48,41.5,21.73,15.19,0.94,2.86,0.18,6.0,0.36,31.54,1.92,5.71,0.0,0.0,96.3,5.85,155.95,9.46,0.67,0.04,0.01,1.0,116.83,7.14,7.03,3.33,8.43,7.02,5.43,2.81,0.87,0.38,0.58,0.45,8.3,161.98,9.89,9.63,4.08,11.43,4.54,6.09,4.34,1.06,0.48,1.03,0.89,11.16,207.13,12.63,11.89,4.95,14.32,3.07,5.73,4.52,1.98,1.21,2.2,2.13,14.38,4
Brandon Aiyuk ,SF,WR,2.0,16.49,70.51,4.3,104.46,6.39,939.15,57.13,13.4,50.67,23.78,22.08,1.33,6.92,0.42,3.18,0.2,27.0,1.78,9.56,0.21,0.02,73.69,4.5,107.64,6.59,0.9,0.05,0.01,1.0,138.1,8.44,7.04,5.02,8.95,6.21,3.82,3.33,2.49,0.64,0.74,0.56,8.37,173.36,10.59,9.78,5.81,11.16,4.03,5.1,4.05,2.03,1.28,0.88,0.96,10.76,208.62,12.74,12.55,6.68,13.35,4.03,3.82,4.97,2.18,1.49,1.15,1.03,13.15,3
Mike Williams ,LAC,WR,2.0,14.01,64.17,4.6,100.96,7.18,947.31,67.63,14.82,60.11,28.71,25.0,1.75,5.25,0.37,0.14,0.01,0.18,0.01,0.18,0.0,0.0,64.31,4.61,101.1,7.19,0.0,0.0,0.0,1.0,126.75,8.99,7.49,6.55,8.96,5.31,3.1,1.98,3.03,0.59,0.68,0.71,8.64,158.83,11.29,9.65,7.63,11.14,5.21,2.59,1.23,2.92,2.07,0.83,1.04,10.75,190.92,13.59,11.73,8.77,13.33,5.03,2.34,1.61,1.75,3.28,0.92,1.06,12.72,4
Chris Olave ,NO,WR,1.0,15.0,72.0,4.8,119.0,7.93,1042.0,69.47,14.47,53.0,27.73,25.0,1.67,4.0,0.27,0.0,0.0,0.0,0.0,0.0,0.0,0.0,72.0,4.8,119.0,7.93,2.0,0.13,0.03,1.0,126.2,8.41,6.5,3.9,9.52,4.0,5.0,4.0,2.0,0.0,0.67,0.5,8.46,162.2,10.81,8.7,4.39,12.23,3.0,6.0,4.0,2.0,0.0,0.67,0.67,10.71,198.2,13.21,11.2,4.95,14.92,1.0,7.0,3.0,3.0,1.0,0.88,4.0,13.99,1
DJ Moore ,CHI,WR,1.0,16.72,71.63,4.29,129.75,7.77,995.62,59.85,14.06,63.28,25.47,26.54,1.6,5.85,0.35,8.56,0.51,48.2,2.87,6.09,0.0,0.0,80.19,4.8,138.32,8.27,0.29,0.02,0.0,1.0,139.39,8.36,6.83,6.27,8.43,7.3,2.67,3.36,2.39,1.0,0.69,0.47,8.15,175.2,10.5,9.57,6.96,10.64,6.42,2.84,2.28,3.57,1.62,0.84,0.85,10.55,211.02,12.65,11.89,7.71,12.86,5.33,2.75,3.1,3.93,1.62,1.17,1.29,12.87,4
Adam Thielen ,CAR,WR,1.0,15.54,68.08,4.41,101.82,6.57,727.31,47.42,10.75,37.55,19.13,11.11,0.76,7.77,0.52,1.32,0.09,4.67,0.31,3.51,0.04,0.0,69.39,4.5,103.13,6.66,0.0,0.0,0.0,1.0,121.5,8.02,7.97,5.17,8.42,6.56,3.23,3.75,0.83,1.17,0.69,0.47,8.48,155.54,10.22,9.84,6.19,10.58,5.23,3.85,2.62,2.67,1.17,0.8,0.81,10.44,189.58,12.43,11.71,7.29,12.71,5.23,3.19,2.99,2.62,1.52,0.91,0.88,12.32,4
Michael Pittman Jr. ,IND,WR,1.0,15.95,90.13,5.61,129.72,8.07,921.97,57.35,10.43,37.18,20.2,11.28,0.7,4.21,0.26,3.51,0.22,33.18,2.07,9.56,0.0,0.0,93.64,5.83,133.23,8.29,0.64,0.04,0.01,1.0,119.98,7.44,6.45,4.7,8.02,8.05,3.33,2.9,0.77,0.9,0.41,0.22,7.61,165.04,10.25,9.37,5.7,10.84,5.15,4.69,2.79,2.41,0.9,0.63,0.72,10.42,210.11,13.05,11.96,6.81,13.59,4.51,2.26,4.72,2.92,1.54,1.46,1.1,13.33,3
Brandin Cooks ,DAL,WR,2.0,13.98,66.9,4.73,104.83,7.45,822.11,58.27,12.33,47.76,26.21,23.08,1.65,4.0,0.28,1.96,0.14,11.53,0.8,5.08,0.0,0.0,68.86,4.88,106.79,7.6,0.0,0.0,0.0,1.0,107.33,7.59,7.1,4.86,8.12,6.31,3.76,2.12,1.25,0.54,0.43,0.29,7.9,140.79,9.95,9.63,5.46,10.67,5.06,3.43,2.21,2.74,0.54,0.69,0.67,10.4,174.24,12.32,11.57,6.13,13.23,3.44,4.81,1.99,2.95,0.79,0.75,1.07,12.57,4
Marquise Brown ,ARI,WR,2.0,13.46,71.2,5.32,114.5,8.55,783.63,58.28,11.05,51.18,22.36,15.86,1.14,4.39,0.32,0.96,0.07,1.95,0.13,1.95,0.0,0.0,72.16,5.4,115.46,8.63,0.25,0.01,0.0,1.0,104.4,7.7,6.29,5.37,8.06,6.45,2.22,1.54,2.96,0.29,0.55,0.53,7.73,140.0,10.37,9.05,6.33,10.7,4.48,4.15,1.09,2.59,1.15,0.55,0.89,10.25,175.6,13.03,11.79,7.43,13.31,3.39,3.32,3.01,2.59,1.15,1.01,1.18,12.96,4
Jahan Dotson ,WAS,WR,3.0,12.0,35.0,2.92,61.0,5.08,523.0,43.58,14.94,61.0,24.42,17.0,1.42,7.0,0.58,2.0,0.17,-7.0,-0.58,-3.5,0.0,0.0,37.0,3.08,63.0,5.25,0.0,0.0,0.0,1.0,95.6,7.97,8.75,6.19,8.03,5.0,1.0,2.0,4.0,0.0,1.0,0.8,8.78,113.1,9.42,10.25,6.9,9.52,5.0,1.0,2.0,4.0,0.0,1.0,0.8,10.12,130.6,10.88,11.75,7.65,11.03,5.0,1.0,2.0,4.0,0.0,1.0,0.8,11.47,1
Jerry Jeudy ,DEN,WR,2.0,13.82,58.03,4.17,90.05,6.44,830.62,59.0,14.14,62.64,27.63,24.9,1.74,4.15,0.28,3.08,0.22,26.41,1.79,6.79,0.0,0.0,61.1,4.39,93.13,6.65,0.0,0.0,0.0,0.99,110.83,7.75,6.7,5.79,7.93,6.31,2.72,2.67,0.64,1.49,0.59,0.34,7.58,139.84,9.83,9.8,6.61,10.03,4.95,3.44,2.67,1.28,1.49,0.75,0.54,10.04,168.86,11.91,12.77,7.5,12.13,3.67,4.1,2.64,1.92,1.49,0.83,1.1,12.48,3
Garrett Wilson ,NYJ,WR,1.0,17.0,83.0,4.88,147.0,8.65,1103.0,64.88,13.29,60.0,26.18,27.0,1.59,4.0,0.24,4.0,0.24,4.0,0.24,1.0,0.0,0.0,87.0,5.12,151.0,8.88,1.0,0.06,0.01,1.0,132.7,7.81,6.0,6.77,7.69,8.0,3.0,3.0,1.0,2.0,0.55,0.38,7.42,174.2,10.25,9.0,7.63,10.09,7.0,2.0,5.0,0.0,3.0,0.89,0.43,10.03,215.7,12.69,12.0,8.57,12.5,7.0,1.0,3.0,3.0,3.0,1.12,0.86,12.69,1
Jakobi Meyers ,LV,WR,2.0,14.53,68.54,4.71,99.74,6.84,794.34,54.77,11.72,43.99,23.16,16.34,1.14,4.19,0.29,1.67,0.11,-3.67,-0.29,-0.73,0.0,0.0,70.21,4.83,101.42,6.96,1.58,0.11,0.02,1.0,104.86,7.26,6.7,4.14,8.08,6.27,4.15,2.78,1.33,0.0,0.43,0.32,7.64,139.13,9.61,8.5,4.98,10.54,4.0,5.73,2.51,1.58,0.71,0.51,0.71,9.7,173.4,11.96,10.38,5.91,12.96,3.55,5.56,1.4,3.3,0.71,0.63,1.31,11.84,4
Michael Thomas ,NO,WR,2.0,4.2,26.09,5.59,34.84,7.62,287.16,60.38,10.77,22.86,17.42,3.59,0.72,2.92,0.85,0.18,0.02,-0.34,-0.01,-0.34,0.0,0.0,26.27,5.61,35.02,7.64,0.0,0.0,0.0,0.62,46.21,11.12,11.62,6.07,11.22,1.44,0.24,1.29,1.03,0.21,1.84,1.03,7.44,59.26,13.91,14.67,6.33,14.32,0.31,1.13,0.6,0.92,1.24,2.1,2.16,9.48,72.3,16.7,17.68,6.61,17.54,0.31,1.13,0.18,1.24,1.34,2.1,2.44,11.29,4
Tyler Boyd ,CIN,WR,3.0,16.52,64.16,3.91,90.93,5.54,805.85,48.96,12.65,62.64,22.46,17.25,1.04,5.52,0.33,1.14,0.07,11.15,0.72,3.9,0.0,0.0,65.31,3.98,92.07,5.61,0.08,0.0,0.0,1.0,116.93,7.09,6.16,5.35,7.41,7.95,3.94,2.34,1.59,0.69,0.41,0.31,6.95,149.02,9.05,8.57,6.1,9.42,7.19,3.39,3.17,1.98,0.79,0.61,0.42,9.06,181.1,11.0,10.74,6.92,11.42,6.34,3.08,4.19,1.98,0.93,0.83,0.52,11.08,4
George Pickens ,PIT,WR,2.0,17.0,52.0,3.06,84.0,4.94,801.0,47.12,15.4,42.0,23.35,25.0,1.47,4.0,0.24,3.0,0.18,24.0,1.41,8.0,1.0,0.06,55.0,3.24,87.0,5.12,0.0,0.0,0.0,1.0,114.5,6.74,7.7,4.88,7.21,8.0,3.0,5.0,1.0,0.0,0.55,0.12,7.52,140.5,8.26,9.2,5.61,8.79,8.0,2.0,5.0,2.0,0.0,0.7,0.25,9.02,166.5,9.79,10.7,6.39,10.38,8.0,2.0,4.0,3.0,0.0,0.7,0.38,10.44,1
Allen Lazard ,NYJ,WR,2.0,14.3,51.43,3.58,82.94,5.75,674.81,46.99,13.13,48.07,22.75,16.95,1.18,6.08,0.42,2.21,0.15,10.38,0.78,4.29,0.0,0.0,53.64,3.73,85.14,5.9,0.0,0.0,0.0,1.0,104.99,7.32,6.2,4.77,7.95,6.62,2.44,3.28,1.62,0.34,0.58,0.31,7.3,130.71,9.11,7.68,5.25,9.96,4.64,4.42,3.03,1.86,0.34,0.58,0.55,8.94,156.42,10.9,9.8,5.8,11.98,4.5,4.46,2.23,2.76,0.34,0.6,0.8,10.86,4
Tim Patrick ,DEN,WR,3.0,14.92,48.69,3.2,77.92,5.15,683.13,44.89,14.01,47.74,21.19,16.79,1.11,4.74,0.3,0.0,0.0,0.0,0.0,0.0,0.0,0.0,48.69,3.2,77.92,5.15,0.0,0.0,0.0,0.99,96.77,6.3,6.67,4.43,6.88,7.0,1.9,4.87,1.15,0.0,0.67,0.16,6.96,121.12,7.91,8.51,5.0,8.63,6.9,1.1,5.77,0.9,0.26,0.87,0.16,8.66,145.47,9.51,10.08,5.63,10.38,6.9,1.1,5.51,1.15,0.26,0.87,0.2,10.15,4
Darnell Mooney ,CHI,WR,3.0,13.05,52.67,3.94,85.05,6.3,651.26,48.69,12.3,57.74,23.64,15.69,1.17,2.72,0.2,2.59,0.17,11.54,0.73,3.16,0.26,0.02,55.26,4.12,87.64,6.47,0.0,0.0,0.0,1.0,84.33,6.26,5.79,4.06,7.0,6.77,3.54,1.97,0.51,0.26,0.27,0.11,6.56,110.66,8.23,8.02,4.85,9.06,5.77,3.15,2.74,1.13,0.26,0.46,0.22,8.61,137.0,10.2,10.25,5.75,11.08,4.72,2.41,3.54,1.87,0.51,0.85,0.45,10.79,3
Christian Watson ,GB,WR,2.0,14.0,41.0,2.93,65.0,4.64,611.0,43.64,14.9,63.0,23.0,17.0,1.21,7.0,0.5,7.0,0.5,80.0,5.71,11.43,2.0,0.14,48.0,3.43,72.0,5.14,0.0,0.0,0.0,1.0,123.1,8.79,4.75,9.01,8.07,8.0,1.0,1.0,2.0,2.0,0.56,0.5,6.69,143.6,10.26,7.25,9.41,9.59,7.0,2.0,1.0,2.0,2.0,0.56,0.57,8.51,164.1,11.72,8.95,9.86,11.15,6.0,3.0,1.0,2.0,2.0,0.56,0.67,10.0,1
Robert Woods ,HOU,WR,1.0,14.85,56.13,3.94,91.22,6.34,598.36,43.05,10.69,39.55,16.85,8.33,0.6,2.89,0.22,5.0,0.41,31.13,2.52,2.32,0.48,0.04,61.14,4.35,96.22,6.75,0.71,0.04,0.01,0.98,82.23,6.12,5.39,3.75,6.9,9.04,3.25,1.52,0.81,0.24,0.35,0.59,6.33,110.3,8.1,7.73,4.49,8.99,8.34,2.56,2.77,0.62,0.56,0.76,0.64,8.49,138.36,10.07,10.04,5.35,11.02,7.37,2.05,3.8,1.06,0.56,1.24,1.13,10.74,4
Drake London ,ATL,WR,1.0,17.0,72.0,4.24,117.0,6.88,866.0,50.94,12.03,40.0,19.18,15.0,0.88,4.0,0.24,0.0,0.0,0.0,0.0,0.0,0.0,0.0,72.0,4.24,117.0,6.88,3.0,0.18,0.04,1.0,106.6,6.27,5.0,4.44,6.87,9.0,3.0,4.0,1.0,0.0,0.42,0.11,6.27,142.6,8.39,7.2,5.19,9.1,8.0,3.0,5.0,0.0,1.0,0.55,0.12,8.33,178.6,10.51,9.7,6.04,11.29,8.0,1.0,6.0,1.0,1.0,0.89,0.25,10.64,1
Gabe Davis ,BUF,WR,2.0,15.1,43.33,2.87,82.13,5.45,738.1,48.95,16.94,81.13,24.76,19.23,1.27,6.74,0.45,0.1,0.01,0.0,0.0,0.0,0.0,0.0,43.44,2.88,82.23,5.46,0.64,0.04,0.01,1.0,112.99,7.49,5.25,6.64,7.4,8.26,2.85,1.62,1.49,0.9,0.36,0.3,6.49,134.66,8.93,7.07,6.99,8.97,7.51,3.33,1.87,1.49,0.9,0.39,0.33,8.05,156.32,10.36,8.74,7.39,10.58,7.62,3.13,1.87,1.59,0.9,0.41,0.34,9.52,3
Courtland Sutton ,DEN,WR,1.0,14.15,56.83,3.94,96.73,6.79,751.93,54.52,14.05,52.14,24.39,17.58,1.5,1.96,0.12,0.73,0.05,3.75,0.24,3.3,0.0,0.0,57.56,3.99,97.47,6.84,0.0,0.0,0.0,0.93,88.03,6.27,6.22,3.9,6.24,6.23,5.1,1.93,0.57,0.33,0.23,0.09,6.08,116.44,8.24,8.36,4.78,8.08,6.19,4.44,1.97,0.98,0.57,0.31,0.23,7.88,144.86,10.22,10.5,5.7,9.91,5.21,2.96,3.77,1.39,0.82,0.79,0.61,9.94,4
Mecole Hardman ,NYJ,WR,4.0,11.32,34.99,3.09,49.1,4.3,429.95,37.67,12.37,43.32,20.61,11.26,1.0,3.59,0.38,4.99,0.46,34.14,3.29,7.12,1.23,0.15,39.98,3.55,54.09,4.76,0.77,0.05,0.01,0.93,74.8,7.25,6.7,6.26,7.27,6.1,2.48,1.27,0.85,0.62,0.43,0.44,6.51,92.3,8.79,8.23,6.9,8.89,5.86,2.48,1.27,1.1,0.62,0.45,0.46,7.83,109.79,10.34,9.6,7.6,10.5,5.57,1.85,2.19,1.0,0.71,0.73,0.46,9.19,4
Hunter Renfrow ,LV,WR,3.0,12.43,54.99,4.2,72.7,5.62,547.34,41.23,9.77,37.71,16.83,7.13,0.51,3.8,0.28,0.74,0.04,0.74,0.04,0.25,0.0,0.0,55.72,4.25,73.44,5.67,0.96,0.08,0.02,0.98,75.7,5.63,4.59,3.99,6.33,7.9,0.58,2.75,1.2,0.0,0.53,0.19,5.71,103.2,7.73,6.72,4.74,8.56,5.83,2.55,2.23,1.53,0.29,0.54,0.46,7.7,130.69,9.83,8.79,5.6,10.75,5.5,2.3,1.8,2.52,0.33,0.79,0.8,9.79,4
Darius Slayton ,NYG,WR,4.0,13.33,41.55,3.11,70.77,5.29,632.46,47.42,14.99,50.42,24.18,19.08,1.44,2.33,0.17,0.44,0.03,-3.3,-0.25,-3.25,0.0,0.0,41.99,3.15,71.22,5.32,0.96,0.07,0.02,1.0,75.0,5.62,5.04,4.63,6.07,6.66,4.75,1.1,0.66,0.18,0.17,0.15,5.65,95.78,7.17,7.21,5.13,7.79,6.48,2.98,2.95,0.75,0.18,0.45,0.17,7.55,116.55,8.73,9.24,5.72,9.5,6.48,3.08,2.85,0.75,0.18,0.44,0.17,9.23,4
Donovan Peoples-Jones ,CLE,WR,3.0,15.72,49.26,3.04,78.46,4.85,722.08,45.17,15.54,50.0,22.64,20.03,1.27,2.9,0.19,0.64,0.04,1.28,0.08,1.28,0.0,0.0,49.9,3.08,79.1,4.89,0.9,0.06,0.02,1.0,91.98,5.77,5.59,4.68,6.32,7.72,4.72,2.67,0.36,0.26,0.26,0.07,6.0,116.61,7.29,7.16,5.39,7.9,6.33,5.1,3.03,1.0,0.26,0.37,0.2,7.5,141.23,8.81,9.17,6.17,9.48,6.08,3.18,4.82,1.38,0.26,0.71,0.3,9.31,3
Isaiah Hodgins ,NYG,WR,3.0,9.0,37.0,4.11,48.0,5.33,392.0,43.56,10.59,29.0,20.33,4.0,0.44,4.0,0.44,0.0,0.0,0.0,0.0,0.0,0.0,0.0,37.0,4.11,48.0,5.33,1.0,0.11,0.03,0.93,63.2,7.02,4.1,4.84,7.53,5.0,0.0,3.0,1.0,0.0,0.8,0.2,5.76,81.7,9.08,6.1,5.52,9.69,5.0,0.0,3.0,1.0,0.0,0.8,0.2,7.5,100.2,11.13,8.1,6.24,11.87,4.0,1.0,3.0,0.0,1.0,0.8,0.25,9.25,1
Russell Gage ,TB,WR,3.0,13.41,56.68,4.23,79.91,5.95,546.99,40.71,9.45,30.43,15.29,5.25,0.39,4.5,0.34,0.35,0.02,1.36,0.08,0.56,0.0,0.0,57.04,4.25,80.27,5.97,1.15,0.09,0.02,1.0,81.31,6.07,4.61,5.12,6.41,7.8,2.52,1.79,1.06,0.25,0.33,0.18,5.76,109.65,8.19,6.3,6.36,8.43,7.28,3.0,0.52,1.65,0.96,0.33,0.41,7.49,137.99,10.3,8.62,7.69,10.41,7.0,2.86,0.7,0.79,2.07,0.41,0.52,9.49,4
Curtis Samuel ,WAS,WR,2.0,13.81,50.6,3.25,72.56,4.67,519.14,32.23,8.97,38.7,15.22,10.09,0.61,3.0,0.18,29.17,1.89,142.68,8.95,4.46,0.85,0.05,79.77,5.14,101.73,6.56,0.62,0.04,0.01,0.93,88.03,5.44,4.96,3.91,5.91,6.49,4.03,1.72,1.53,0.04,0.28,0.23,5.66,113.34,7.06,7.17,4.69,7.61,6.39,3.37,1.67,2.24,0.14,0.38,0.37,7.48,138.64,8.68,8.48,5.57,9.27,6.15,1.67,3.51,1.72,0.75,0.69,0.47,8.98,4
DJ Chark Jr. ,CAR,WR,2.0,9.38,28.3,2.85,51.25,5.73,456.33,48.75,17.58,51.41,24.75,14.32,1.56,3.15,0.39,0.08,0.01,0.79,0.05,0.39,0.0,0.0,28.37,2.85,51.33,5.74,0.0,0.0,0.0,0.89,64.68,7.23,6.94,5.77,7.4,5.0,0.89,2.23,0.94,0.32,0.9,0.4,6.38,78.82,8.65,8.21,6.56,8.83,4.67,1.19,2.27,0.94,0.32,0.91,0.42,7.47,92.97,10.08,9.47,7.37,10.29,4.53,1.23,2.33,0.98,0.32,0.92,0.45,8.57,4
JuJu Smith-Schuster ,NE,WR,1.0,13.13,62.94,4.48,84.46,6.28,709.91,49.19,10.84,44.6,20.08,13.26,0.87,2.85,0.18,0.74,0.15,2.22,0.44,0.74,0.25,0.05,63.67,4.63,85.2,6.43,1.37,0.08,0.02,0.93,87.26,6.19,4.23,5.1,6.51,8.01,2.12,1.3,0.99,0.71,0.31,0.2,5.42,118.73,8.42,6.3,6.02,8.76,6.43,1.67,2.61,1.61,0.81,0.59,0.34,7.44,150.2,10.66,8.31,7.05,10.99,6.33,1.67,1.14,1.84,2.14,0.62,0.6,9.34,4
Nico Collins ,HOU,WR,2.0,11.14,35.86,3.32,64.29,5.94,471.0,43.46,13.15,50.57,21.29,11.0,1.01,1.71,0.16,0.0,0.0,0.0,0.0,0.0,0.0,0.0,35.86,3.32,64.29,5.94,0.0,0.0,0.0,0.97,57.39,5.32,4.64,2.73,6.58,7.43,2.29,1.43,0.0,0.0,0.18,0.0,5.57,75.31,6.98,6.54,3.05,8.66,5.0,4.43,1.71,0.0,0.0,0.2,0.0,7.32,93.24,8.64,8.69,3.48,10.7,4.71,4.71,1.71,0.0,0.0,0.2,0.0,9.15,2
Allen Robinson II ,LAR,WR,2.0,11.32,43.59,3.68,69.22,5.87,478.08,39.81,10.65,33.53,17.33,6.85,0.53,2.96,0.26,0.14,0.01,-0.02,-0.0,-0.02,0.0,0.0,43.73,3.69,69.36,5.87,0.0,0.0,0.0,0.98,66.06,5.58,4.08,4.14,6.21,7.08,1.53,2.02,0.32,0.37,0.35,0.17,5.34,87.86,7.42,6.04,4.61,8.3,5.98,2.31,2.2,0.45,0.37,0.43,0.37,7.2,109.65,9.26,8.08,5.15,10.37,5.08,2.88,1.78,1.03,0.55,0.57,0.61,9.15,4
Rondale Moore ,ARI,WR,3.0,9.71,44.71,4.76,58.29,6.31,420.0,45.84,9.52,49.14,20.54,7.71,0.86,1.0,0.11,9.43,0.9,18.14,1.11,0.61,0.0,0.0,54.14,5.67,67.71,7.21,0.29,0.02,0.0,0.91,49.24,5.31,4.53,5.18,5.59,6.0,2.43,0.29,1.0,0.0,0.15,0.2,4.89,71.6,7.7,7.28,6.36,7.92,5.0,2.0,1.71,0.71,0.29,0.48,0.26,7.12,93.96,10.08,10.03,7.68,10.18,5.0,1.0,2.0,0.71,1.0,0.79,0.51,9.36,2
Joshua Palmer ,LAC,WR,3.0,15.71,60.86,3.84,90.43,5.71,650.14,41.05,10.69,46.0,17.71,9.71,0.61,3.29,0.21,1.0,0.06,4.57,0.29,4.57,0.0,0.0,61.86,3.91,91.43,5.77,0.0,0.0,0.0,1.0,86.61,5.48,4.52,5.02,5.81,11.0,1.71,2.29,0.0,0.71,0.24,0.06,5.36,117.04,7.4,6.35,5.87,7.76,7.43,4.57,2.71,0.29,0.71,0.31,0.15,7.12,147.47,9.33,8.27,6.81,9.69,7.43,3.14,3.43,1.0,0.71,0.5,0.26,8.97,2
Marvin Jones Jr. ,FA,WR,1.0,16.13,56.24,3.49,94.35,5.84,657.72,40.79,11.65,37.0,17.66,11.48,0.71,4.07,0.26,0.08,0.01,0.0,0.0,0.0,0.0,0.0,56.32,3.49,94.43,5.84,0.0,0.0,0.0,1.0,90.22,5.62,4.29,4.29,6.16,10.22,3.52,1.0,1.21,0.18,0.2,0.17,5.43,118.33,7.36,6.07,5.13,7.95,8.41,4.47,1.86,1.01,0.37,0.27,0.22,7.09,146.45,9.1,7.99,6.05,9.72,7.68,3.85,2.34,1.49,0.76,0.45,0.43,8.88,4
Michael Gallup ,DAL,WR,3.0,12.97,41.05,3.23,75.64,5.92,497.37,39.14,11.89,34.59,18.58,8.5,0.7,3.68,0.28,0.0,0.0,0.0,0.0,0.0,0.0,0.0,41.05,3.23,75.64,5.92,0.0,0.0,0.0,0.98,71.85,5.58,4.66,4.06,6.29,8.53,1.89,1.43,0.87,0.24,0.29,0.14,5.58,92.37,7.2,6.24,4.53,8.13,8.39,2.03,1.43,0.83,0.28,0.29,0.16,7.09,112.89,8.81,8.19,5.07,9.97,6.68,3.61,1.53,0.79,0.35,0.31,0.23,8.78,4
Rashid Shaheed ,NO,WR,4.0,12.0,28.0,2.33,34.0,2.83,488.0,40.67,17.43,68.0,28.17,19.0,1.58,2.0,0.17,4.0,0.33,57.0,4.75,14.25,1.0,0.08,32.0,2.67,38.0,3.17,0.0,0.0,0.0,1.0,72.5,6.04,5.0,4.69,6.53,7.0,2.0,2.0,1.0,0.0,0.33,0.14,5.71,86.5,7.21,6.5,4.96,7.91,7.0,2.0,2.0,1.0,0.0,0.33,0.14,7.0,100.5,8.38,8.0,5.38,9.27,6.0,3.0,2.0,1.0,0.0,0.33,0.17,8.29,1
Treylon Burks ,TEN,WR,1.0,11.0,33.0,3.0,54.0,4.91,444.0,40.36,13.45,51.0,22.27,17.0,1.55,1.0,0.09,4.0,0.36,47.0,4.27,11.75,0.0,0.0,37.0,3.36,58.0,5.27,0.0,0.0,0.0,1.0,55.1,5.01,4.7,3.38,5.88,7.0,3.0,1.0,0.0,0.0,0.1,0.0,5.34,71.6,6.51,6.7,4.03,7.52,6.0,4.0,1.0,0.0,0.0,0.1,0.0,6.98,88.1,8.01,8.5,4.8,9.12,5.0,4.0,1.0,1.0,0.0,0.22,0.2,8.62,1
Julio Jones ,FA,WR,3.0,10.1,31.34,3.06,51.19,4.99,421.91,41.2,13.17,48.58,20.86,9.42,0.92,2.01,0.2,3.16,0.31,27.59,2.76,5.48,0.0,0.0,34.5,3.37,54.34,5.3,0.0,0.0,0.0,0.96,57.01,5.58,4.25,4.26,6.1,6.66,1.61,1.34,0.28,0.22,0.28,0.2,5.16,72.68,7.1,6.42,4.8,7.78,5.75,2.25,1.35,0.34,0.39,0.41,0.33,6.92,88.35,8.63,8.44,5.39,9.45,5.14,2.87,0.97,0.73,0.39,0.41,0.44,8.54,4
Chase Claypool ,CHI,WR,2.0,15.1,50.97,3.37,88.74,5.87,599.15,39.57,11.46,43.62,19.0,14.46,0.95,2.08,0.14,10.38,0.69,64.08,4.26,6.13,0.21,0.01,61.36,4.06,99.13,6.56,0.74,0.05,0.01,1.0,81.09,5.34,4.23,4.79,5.7,10.69,2.13,0.87,1.05,0.36,0.2,0.16,5.26,106.58,7.03,6.02,5.53,7.46,9.21,3.26,0.97,1.31,0.36,0.25,0.23,6.91,132.07,8.71,8.05,6.37,9.2,8.31,3.41,1.21,1.18,1.0,0.33,0.35,8.67,3
Corey Davis ,NYJ,WR,3.0,12.19,36.18,3.02,65.72,5.47,571.86,47.36,15.92,62.58,22.41,14.25,1.2,2.79,0.24,0.0,0.0,0.0,0.0,0.0,0.0,0.0,36.18,3.02,65.72,5.47,0.34,0.03,0.01,0.98,73.23,6.14,4.41,5.53,6.33,7.68,1.77,1.26,1.04,0.44,0.34,0.25,5.5,91.31,7.64,5.8,6.16,7.9,7.64,1.2,1.26,1.66,0.44,0.41,0.31,6.84,109.4,9.15,7.29,6.85,9.48,6.97,1.0,2.64,1.14,0.44,0.57,0.37,8.28,4
DeVante Parker ,NE,WR,2.0,12.48,37.99,3.07,62.11,5.07,584.24,46.75,15.78,41.89,19.68,16.41,1.29,3.09,0.24,0.0,0.0,0.0,0.0,0.0,0.0,0.0,37.99,3.07,62.11,5.07,0.0,0.0,0.0,0.99,76.96,6.13,3.87,5.65,6.36,6.19,3.66,0.96,0.98,0.69,0.29,0.28,5.27,95.95,7.66,5.42,6.48,7.92,6.21,3.35,0.85,1.37,0.69,0.34,0.39,6.71,114.94,9.2,7.03,7.37,9.48,5.37,3.23,1.52,1.62,0.73,0.5,0.62,8.24,4
Van Jefferson ,LAR,WR,3.0,12.41,30.15,2.41,54.21,4.36,464.74,37.16,15.16,48.44,21.96,12.74,0.99,3.56,0.29,0.62,0.04,5.03,0.3,2.46,0.0,0.0,30.77,2.45,54.82,4.4,0.0,0.0,0.0,0.97,68.36,5.48,4.77,3.7,6.24,7.05,3.18,1.41,0.77,0.0,0.21,0.08,5.39,83.44,6.69,6.16,4.05,7.68,6.95,3.28,1.67,0.51,0.0,0.21,0.06,6.63,98.52,7.89,7.56,4.44,9.14,6.44,3.79,1.67,0.51,0.0,0.21,0.07,7.89,3
Zay Jones ,JAC,WR,3.0,15.71,64.51,4.08,95.49,6.05,664.94,42.16,10.44,51.47,17.39,9.88,0.63,3.42,0.21,3.0,0.19,11.94,0.75,3.26,0.0,0.0,67.51,4.28,98.49,6.24,0.25,0.02,0.0,1.0,89.09,5.63,3.17,5.8,5.67,10.32,2.44,0.49,1.85,0.62,0.24,0.27,4.79,121.34,7.67,5.14,6.67,7.69,10.07,2.07,0.86,1.48,1.23,0.31,0.3,6.63,153.6,9.72,7.17,7.66,9.68,8.84,2.44,1.72,0.86,1.85,0.43,0.38,8.51,4
Jarvis Landry ,FA,WR,2.0,10.61,38.57,3.46,60.83,5.45,436.91,38.72,11.11,39.7,16.31,8.0,0.71,1.64,0.14,1.91,0.15,11.23,0.91,2.28,0.59,0.05,40.48,3.61,62.74,5.61,0.49,0.04,0.01,0.96,59.14,5.21,3.72,4.21,5.75,6.84,1.43,1.58,0.61,0.14,0.27,0.14,4.83,78.42,6.94,5.37,4.94,7.58,6.15,1.12,2.38,0.73,0.22,0.45,0.21,6.44,97.71,8.67,6.89,5.72,9.41,5.66,1.58,1.81,1.34,0.22,0.46,0.36,7.94,4
Sterling Shepard ,NYG,WR,1.0,5.15,25.62,4.7,39.97,7.86,272.31,52.14,11.18,53.41,26.67,5.03,1.11,1.28,0.27,1.07,0.11,5.45,0.37,-0.94,0.1,0.01,26.69,4.81,41.04,7.96,0.0,0.0,0.0,0.69,36.3,6.98,4.49,5.48,7.26,3.1,0.69,0.83,0.38,0.14,0.42,0.11,4.31,49.11,9.34,6.84,5.26,10.19,2.11,1.09,1.38,0.18,0.38,0.58,0.15,6.0,61.92,11.69,9.26,5.1,13.55,1.32,1.78,0.85,0.71,0.48,0.6,0.44,7.81,4
Marquez Valdes-Scantling ,KC,WR,1.0,15.38,36.54,2.37,71.84,4.69,614.42,39.85,16.88,64.17,22.28,21.14,1.39,2.64,0.18,1.09,0.07,-0.21,-0.01,-1.35,0.0,0.0,37.63,2.44,72.93,4.75,0.1,0.01,0.0,1.0,77.07,5.06,3.4,4.92,5.43,10.28,2.56,1.48,0.68,0.38,0.22,0.12,4.59,95.34,6.24,5.17,5.51,6.71,9.38,2.85,2.09,0.68,0.38,0.27,0.13,5.99,113.61,7.43,6.93,6.17,8.0,8.05,4.18,2.09,0.72,0.34,0.27,0.13,7.36,4
Richie James Jr. ,FA,WR,6.0,15.35,49.89,3.2,62.29,4.03,525.0,34.27,11.83,36.08,14.23,5.7,0.41,3.45,0.22,1.74,0.1,4.85,0.31,2.42,0.0,0.0,51.63,3.31,64.03,4.13,2.76,0.18,0.06,1.0,68.16,4.41,3.43,5.3,4.63,10.13,1.76,2.5,0.82,0.13,0.29,0.1,4.21,93.11,6.02,5.26,6.38,6.2,9.31,1.82,2.45,1.63,0.13,0.38,0.19,5.8,118.05,7.62,7.09,7.51,7.74,7.68,3.45,1.63,2.45,0.13,0.38,0.37,7.37,4
Rashod Bateman ,BAL,WR,1.0,7.71,23.86,2.88,39.43,4.96,350.71,46.19,16.77,63.86,29.17,12.0,1.71,1.71,0.26,0.0,0.0,0.0,0.0,0.0,0.0,0.0,23.86,2.88,39.43,4.96,0.71,0.12,0.05,0.84,43.93,5.95,4.08,5.62,6.16,5.14,0.86,1.0,0.71,0.0,0.38,0.18,4.5,55.86,7.4,5.79,6.17,7.71,4.57,1.14,1.29,0.71,0.0,0.41,0.18,5.77,67.79,8.83,7.51,6.78,9.25,3.86,1.29,1.57,1.0,0.0,0.5,0.28,7.11,2
Elijah Moore ,CLE,WR,2.0,14.57,38.71,2.77,68.43,4.9,472.29,33.89,12.18,47.71,17.04,10.57,0.75,2.14,0.17,5.0,0.35,19.0,1.62,3.8,0.29,0.03,43.71,3.12,73.43,5.26,0.0,0.0,0.0,1.0,63.7,4.75,3.28,4.41,5.09,11.43,1.29,1.0,0.29,0.57,0.21,0.17,4.44,83.06,6.14,4.74,5.16,6.54,9.0,3.71,1.0,0.29,0.57,0.21,0.21,5.76,102.41,7.52,5.59,5.99,7.98,8.0,3.71,2.0,0.29,0.57,0.34,0.29,6.88,2
Josh Reynolds ,DET,WR,2.0,12.31,36.49,2.97,58.07,4.73,466.22,38.06,12.91,33.86,17.7,8.65,0.7,2.58,0.21,0.3,0.02,1.4,0.09,0.67,0.0,0.0,36.79,2.99,58.37,4.75,0.1,0.01,0.0,1.0,62.02,5.08,3.13,4.61,5.51,8.05,1.06,2.58,0.62,0.0,0.38,0.09,4.58,80.27,6.57,4.05,5.53,7.01,7.81,0.59,3.04,0.86,0.0,0.52,0.12,5.74,98.52,8.06,5.24,6.5,8.5,7.23,1.07,3.04,0.96,0.0,0.53,0.14,6.96,4
Romeo Doubs ,GB,WR,1.0,13.0,42.0,3.23,67.0,5.15,425.0,32.69,10.12,26.0,16.15,7.0,0.54,3.0,0.23,1.0,0.08,11.0,0.85,11.0,0.0,0.0,43.0,3.31,68.0,5.23,1.0,0.08,0.02,1.0,59.6,4.58,2.9,4.3,5.06,10.0,1.0,2.0,0.0,0.0,0.18,0.0,4.2,80.6,6.2,4.4,5.25,6.71,9.0,1.0,2.0,1.0,0.0,0.3,0.11,5.7,101.6,7.82,6.1,6.24,8.33,8.0,2.0,2.0,1.0,0.0,0.3,0.12,7.2,1
Randall Cobb ,FA,WR,9.0,12.29,33.74,2.76,48.39,3.94,425.22,34.67,12.58,43.61,17.82,10.5,0.85,2.26,0.2,0.36,0.03,0.68,0.05,0.39,0.0,0.0,34.11,2.79,48.76,3.97,0.29,0.02,0.01,1.0,55.58,4.6,3.44,4.1,5.13,9.07,1.55,0.75,0.67,0.25,0.18,0.12,4.35,72.46,5.98,4.91,4.81,6.61,8.88,1.74,1.0,0.42,0.25,0.18,0.09,5.66,89.33,7.36,6.38,5.58,8.07,8.51,1.37,0.98,1.14,0.29,0.26,0.2,7.04,4
Devin Duvernay ,BAL,WR,3.0,14.72,34.23,2.35,46.13,3.16,351.26,24.28,10.19,29.26,13.79,4.95,0.35,2.44,0.17,9.9,0.69,73.85,5.1,8.11,0.64,0.04,44.13,3.04,56.03,3.85,0.0,0.0,0.0,1.0,65.43,4.54,3.45,4.06,5.03,10.9,1.9,1.28,0.64,0.0,0.17,0.07,4.31,82.55,5.72,5.03,4.52,6.36,9.62,3.18,1.28,0.64,0.0,0.17,0.09,5.62,99.66,6.89,6.46,5.08,7.68,9.1,3.05,1.92,0.64,0.0,0.26,0.09,6.9,3
Alec Pierce ,IND,WR,2.0,16.0,41.0,2.56,78.0,4.88,593.0,37.06,14.46,47.0,19.88,16.0,1.0,2.0,0.12,0.0,0.0,0.0,0.0,0.0,0.0,0.0,41.0,2.56,78.0,4.88,0.0,0.0,0.0,1.0,71.3,4.46,3.25,4.3,4.92,10.0,4.0,1.0,1.0,0.0,0.14,0.1,4.26,91.8,5.74,4.75,5.05,6.27,10.0,3.0,2.0,1.0,0.0,0.23,0.1,5.58,112.3,7.02,6.25,5.89,7.59,10.0,2.0,3.0,1.0,0.0,0.33,0.1,6.91,1
Parris Campbell ,NYG,WR,5.0,12.42,42.56,3.09,62.79,4.69,435.52,33.43,11.52,45.87,18.09,9.62,0.77,2.13,0.16,3.43,0.3,38.63,3.08,8.27,0.0,0.0,45.99,3.39,66.23,5.0,0.04,0.01,0.0,0.88,60.13,4.57,3.69,4.28,5.05,8.3,2.02,1.48,0.62,0.0,0.18,0.06,4.09,81.41,6.12,5.33,5.27,6.6,8.05,2.17,0.34,1.85,0.0,0.28,0.17,5.46,102.69,7.66,6.98,6.32,8.14,6.21,3.36,1.0,1.23,0.62,0.35,0.23,6.82,4
K.J. Osborn ,MIN,WR,2.0,16.18,51.28,3.02,78.72,4.63,584.62,34.39,10.3,58.72,16.96,12.95,0.76,5.0,0.29,2.18,0.13,6.41,0.38,3.85,0.0,0.0,53.46,3.15,80.9,4.76,0.0,0.0,0.0,0.99,89.1,5.24,2.53,5.29,5.35,10.28,1.15,3.33,0.77,0.64,0.41,0.14,4.26,114.74,6.75,3.55,6.19,6.82,10.28,0.9,2.05,2.31,0.64,0.45,0.29,5.44,140.38,8.26,4.77,7.13,8.3,9.64,1.54,1.41,2.95,0.64,0.45,0.37,6.67,3
Kalif Raymond ,DET,WR,3.0,16.2,42.0,2.54,58.85,3.57,546.31,33.25,13.82,61.01,17.73,14.63,0.9,1.02,0.07,5.43,0.33,28.57,1.69,4.4,0.0,0.0,47.44,2.87,64.28,3.9,0.66,0.04,0.02,1.0,66.02,4.03,3.27,3.88,4.55,11.75,2.34,1.62,0.49,0.0,0.15,0.04,3.99,87.02,5.3,4.59,4.45,5.96,11.51,2.38,1.82,0.49,0.0,0.17,0.05,5.22,108.02,6.58,6.16,5.08,7.35,11.26,2.38,1.82,0.74,0.0,0.2,0.08,6.58,4
Laviska Shenault Jr. ,CAR,WR,3.0,13.87,39.41,2.77,54.26,3.76,394.62,27.73,10.04,61.51,15.83,9.18,0.66,1.15,0.09,10.44,0.75,61.51,4.53,6.1,0.64,0.05,49.85,3.52,64.69,4.51,0.26,0.02,0.0,1.0,55.87,4.01,2.77,4.21,4.48,11.36,0.56,1.21,0.64,0.1,0.17,0.07,3.82,75.57,5.39,4.23,4.59,6.07,10.74,0.97,1.41,0.64,0.1,0.21,0.08,5.21,95.28,6.77,5.69,5.08,7.65,8.87,2.59,1.41,0.9,0.1,0.23,0.12,6.6,3
Kendrick Bourne ,NE,WR,5.0,16.15,41.11,2.54,55.82,3.46,544.11,33.55,13.03,49.73,18.44,12.04,0.73,2.24,0.13,6.65,0.41,54.8,3.31,6.57,0.0,0.0,47.76,2.94,62.47,3.86,0.25,0.01,0.0,1.0,74.35,4.57,2.82,4.84,4.86,12.92,1.2,0.29,0.63,1.11,0.16,0.16,3.96,94.91,5.83,4.01,5.48,6.22,11.44,2.3,0.92,0.38,1.11,0.2,0.15,5.13,115.46,7.11,5.51,6.17,7.58,10.62,3.02,1.01,0.38,1.11,0.21,0.16,6.42,4
Sammy Watkins ,FA,WR,11.0,9.79,22.2,2.21,37.66,3.74,365.17,37.1,17.73,52.26,21.98,12.58,1.32,0.56,0.05,0.18,0.02,0.77,0.06,0.53,0.0,0.0,22.37,2.23,37.84,3.75,1.0,0.1,0.05,0.95,37.94,3.81,3.93,3.57,4.41,7.88,1.28,0.49,0.1,0.04,0.07,0.02,3.98,49.04,4.91,5.19,4.11,5.65,7.72,0.82,1.11,0.1,0.04,0.14,0.02,5.1,60.14,6.02,6.12,4.68,6.88,7.23,1.17,1.25,0.1,0.04,0.16,0.02,6.04,4
Wan'Dale Robinson ,NYG,WR,2.0,6.0,23.0,3.83,31.0,5.17,227.0,37.83,9.87,19.0,13.0,0.0,0.0,1.0,0.17,2.0,0.33,-1.0,-0.17,-0.5,0.0,0.0,25.0,4.17,33.0,5.5,0.0,0.0,0.0,0.78,28.6,4.77,3.25,4.37,5.24,4.0,0.0,2.0,0.0,0.0,0.5,0.0,3.62,40.1,6.68,5.25,5.6,7.11,3.0,1.0,2.0,0.0,0.0,0.5,0.0,4.98,51.6,8.6,7.25,6.95,8.92,3.0,1.0,1.0,1.0,0.0,0.5,0.33,6.39,1
Chosen Anderson ,FA,WR,4.0,13.78,36.78,2.51,71.37,4.93,440.16,30.66,12.82,71.24,17.93,9.12,0.65,2.34,0.15,1.17,0.07,10.5,0.62,3.48,0.0,0.0,37.95,2.58,72.54,5.0,0.71,0.06,0.03,1.0,57.95,3.96,2.73,4.58,4.29,10.39,1.04,1.17,1.0,0.18,0.2,0.13,3.79,76.34,5.21,3.93,5.26,5.63,8.99,2.25,1.27,1.1,0.18,0.24,0.2,4.97,94.73,6.47,5.27,6.0,6.96,8.74,2.32,0.77,1.78,0.18,0.28,0.37,6.24,4
Mack Hollins ,ATL,WR,2.0,16.62,40.52,2.4,68.15,4.05,502.07,29.82,12.96,57.09,14.7,11.79,0.7,3.55,0.22,2.46,0.15,24.63,1.45,6.16,0.0,0.0,42.98,2.55,70.61,4.19,0.1,0.01,0.01,1.0,73.88,4.4,2.47,4.74,4.66,10.84,3.07,2.09,0.0,0.62,0.21,0.06,3.74,94.14,5.6,3.72,5.44,5.89,10.18,3.72,2.09,0.0,0.62,0.21,0.07,4.87,114.39,6.8,5.1,6.21,7.13,9.81,3.48,2.71,0.0,0.62,0.28,0.07,6.08,4
A.J. Green ,FA,WR,5.0,13.56,32.71,2.26,61.85,4.29,405.71,27.45,11.02,61.01,15.18,9.85,0.65,2.17,0.15,0.0,0.0,0.0,0.0,0.0,0.0,0.0,32.71,2.26,61.85,4.29,0.0,0.0,0.0,0.97,54.81,3.76,2.72,4.09,4.15,9.62,1.8,1.28,0.86,0.0,0.18,0.09,3.64,71.16,4.89,3.91,4.66,5.38,8.66,2.66,1.03,1.21,0.0,0.19,0.15,4.74,87.52,6.02,5.13,5.29,6.59,8.56,2.76,0.69,1.55,0.0,0.19,0.21,5.85,4
Olamide Zaccheaus ,FA,WR,13.0,15.64,34.35,2.15,53.97,3.39,459.73,28.88,14.29,48.47,17.64,11.68,0.73,2.72,0.17,1.58,0.1,4.8,0.28,2.65,0.0,0.0,35.93,2.25,55.54,3.49,0.62,0.04,0.01,1.0,61.57,3.87,2.55,3.87,4.42,12.45,1.58,1.23,0.38,0.0,0.11,0.03,3.55,78.74,4.94,3.77,4.31,5.65,11.83,1.48,1.95,0.38,0.0,0.17,0.03,4.68,95.92,6.02,4.99,4.82,6.89,11.73,1.95,1.62,0.34,0.0,0.14,0.03,5.77,4
T.Y. Hilton ,FA,WR,10.0,6.18,17.27,2.55,27.11,3.84,250.85,39.97,15.97,51.13,27.79,7.88,1.45,1.43,0.13,0.0,0.0,0.0,0.0,0.0,0.0,0.0,17.27,2.55,27.11,3.84,0.0,0.0,0.0,0.72,33.85,4.77,4.65,2.95,5.84,4.31,0.83,0.71,0.2,0.14,0.12,0.05,3.75,42.49,6.04,5.57,3.31,7.42,3.6,1.3,0.88,0.18,0.24,0.17,0.07,4.61,51.12,7.32,6.35,3.79,8.9,3.4,1.39,0.98,0.18,0.24,0.18,0.08,5.39,4
Tre'Quan Smith ,NO,WR,3.0,10.43,23.64,2.26,34.85,3.34,317.4,30.39,13.72,42.25,15.17,6.56,0.63,1.95,0.18,0.1,0.01,0.3,0.02,0.3,0.0,0.0,23.74,2.27,34.95,3.34,0.0,0.0,0.0,0.97,43.44,4.13,2.53,4.22,4.58,7.53,0.95,1.62,0.34,0.0,0.24,0.05,3.56,55.26,5.26,3.53,4.87,5.8,6.81,1.32,1.96,0.34,0.0,0.29,0.05,4.55,67.08,6.39,4.5,5.55,7.02,6.37,1.76,1.96,0.34,0.0,0.29,0.07,5.52,4
Terrace Marshall Jr. ,CAR,WR,5.0,12.71,24.86,1.94,42.14,3.3,389.43,30.21,14.82,37.29,18.67,12.43,0.96,0.71,0.06,0.0,0.0,0.0,0.0,0.0,0.0,0.0,24.86,1.94,42.14,3.3,0.0,0.0,0.0,1.0,43.8,3.4,2.54,2.78,4.11,10.57,1.43,0.71,0.0,0.0,0.06,0.0,3.35,56.23,4.37,3.91,3.26,5.25,10.57,1.43,0.71,0.0,0.0,0.06,0.0,4.48,68.66,5.34,4.34,3.78,6.39,9.57,1.71,1.43,0.0,0.0,0.13,0.0,5.22,2
Isaiah McKenzie ,IND,WR,3.0,15.71,34.81,2.2,51.93,3.27,342.1,21.61,9.69,31.71,10.75,4.01,0.25,3.24,0.2,9.06,0.57,48.26,3.07,5.38,0.86,0.05,43.87,2.78,60.99,3.86,0.25,0.02,0.01,1.0,64.2,4.05,2.5,4.95,4.33,11.71,2.39,0.04,1.23,0.34,0.11,0.14,3.55,81.6,5.15,3.45,5.87,5.44,11.09,3.0,0.04,1.23,0.34,0.11,0.15,4.48,99.01,6.25,4.49,6.83,6.55,10.48,3.0,0.66,0.62,0.96,0.17,0.16,5.47,4
Nelson Agholor ,BAL,WR,2.0,14.94,34.47,2.32,59.2,3.98,441.99,29.44,12.55,48.0,15.95,11.73,0.78,2.88,0.19,0.82,0.06,2.99,0.21,1.04,0.0,0.0,35.29,2.37,60.01,4.03,1.27,0.08,0.04,1.0,59.3,3.95,1.97,4.95,4.19,11.82,0.38,1.65,0.99,0.1,0.24,0.11,3.33,76.53,5.11,3.27,5.79,5.39,11.47,0.73,0.79,1.2,0.75,0.24,0.18,4.47,93.76,6.26,4.72,6.66,6.59,10.68,1.52,0.79,1.16,0.79,0.24,0.21,5.67,4
Demarcus Robinson ,FA,WR,7.0,15.66,41.41,2.63,64.26,4.08,410.65,26.13,10.05,31.71,12.9,5.23,0.33,2.42,0.15,0.0,0.0,0.0,0.0,0.0,0.0,0.0,41.41,2.63,64.26,4.08,0.71,0.04,0.01,1.0,54.18,3.46,2.16,3.67,3.98,11.94,2.43,1.25,0.0,0.04,0.09,0.0,3.22,74.88,4.77,3.44,4.43,5.4,10.47,3.9,0.63,0.62,0.04,0.09,0.06,4.45,95.59,6.09,4.68,5.3,6.76,10.99,2.76,1.25,0.62,0.04,0.14,0.06,5.65,4
Chris Moore ,FA,WR,12.0,12.55,34.85,2.5,51.18,3.59,394.18,28.14,9.97,49.03,15.91,11.58,0.83,1.72,0.13,1.89,0.13,1.85,0.12,0.62,0.0,0.0,36.73,2.62,53.07,3.72,0.0,0.0,0.0,0.95,49.95,3.61,2.2,3.65,4.06,8.98,1.85,1.48,0.25,0.0,0.15,0.03,3.26,67.37,4.86,3.46,4.35,5.37,8.98,1.85,0.86,0.86,0.0,0.15,0.09,4.42,84.79,6.11,5.18,5.11,6.66,8.11,2.71,0.86,0.25,0.62,0.15,0.1,5.77,4
Kadarius Toney ,KC,WR,2.0,9.0,22.57,2.51,30.57,3.39,242.14,26.91,10.71,38.0,11.59,5.57,0.62,1.43,0.16,5.86,0.65,60.29,6.7,8.94,0.71,0.08,28.43,3.16,36.43,4.05,0.71,0.08,0.03,0.93,41.9,4.66,2.61,5.49,4.84,6.29,1.0,0.71,0.71,0.29,0.24,0.16,3.63,53.19,5.91,3.1,6.2,6.12,5.29,1.71,1.0,0.71,0.29,0.29,0.19,4.4,64.47,7.17,4.23,6.96,7.41,6.0,1.0,1.0,0.71,0.29,0.29,0.17,5.4,2
Marquise Goodwin ,CLE,WR,4.0,13.1,24.43,1.87,40.54,3.09,357.99,27.35,14.74,41.28,15.06,9.74,0.74,3.05,0.24,1.96,0.15,3.8,0.31,2.23,0.0,0.0,26.39,2.02,42.49,3.24,0.0,0.0,0.0,1.0,54.47,4.17,2.15,5.5,4.31,10.73,0.0,0.68,1.0,0.68,0.23,0.16,3.38,66.69,5.11,3.06,6.09,5.29,10.01,0.73,0.68,1.0,0.68,0.23,0.18,4.24,78.91,6.04,3.97,6.72,6.29,9.73,1.68,0.0,1.0,0.68,0.15,0.18,5.05,4
Jamison Crowder ,NYG,WR,6.0,7.23,25.14,2.65,39.07,4.49,248.74,26.2,9.9,25.41,13.83,3.0,0.24,1.32,0.11,0.14,0.01,1.54,0.13,1.54,0.0,0.0,25.28,2.66,39.21,4.5,0.25,0.02,0.0,0.78,34.0,3.35,2.68,2.46,4.07,5.24,0.73,0.71,0.41,0.14,0.15,0.1,3.16,46.57,4.68,3.86,3.11,5.53,5.14,0.58,0.63,0.54,0.33,0.18,0.16,4.23,59.15,6.0,5.06,3.8,6.96,4.36,1.26,0.63,0.56,0.41,0.21,0.21,5.31,4
Jauan Jennings ,SF,WR,3.0,15.14,31.86,2.09,50.86,3.33,377.71,24.77,11.85,41.14,13.89,5.71,0.38,2.14,0.15,0.0,0.0,0.0,0.0,0.0,0.0,0.0,31.86,2.09,50.86,3.33,0.0,0.0,0.0,1.0,50.63,3.41,2.19,3.7,3.92,12.57,1.57,0.71,0.0,0.29,0.07,0.03,3.12,66.56,4.45,3.19,4.39,5.06,12.57,1.57,0.71,0.0,0.29,0.07,0.03,4.09,82.49,5.49,4.19,5.11,6.19,11.86,2.29,0.0,0.71,0.29,0.07,0.09,5.06,2
Kenny Golladay ,FA,WR,8.0,8.27,17.34,1.82,36.91,4.0,258.4,27.07,14.17,31.95,13.01,4.48,0.45,1.25,0.17,0.0,0.0,0.0,0.0,0.0,0.0,0.0,17.34,1.82,36.91,4.0,0.04,0.0,0.0,0.84,33.24,3.72,3.06,3.7,4.17,6.04,1.19,0.84,0.04,0.16,0.48,0.05,3.31,41.91,4.63,4.04,4.28,5.15,6.04,1.19,0.8,0.04,0.2,0.48,0.06,4.06,50.58,5.54,4.98,4.89,6.13,5.55,1.68,0.28,0.56,0.2,0.48,0.3,4.87,4
Marquez Callaway ,DEN,WR,4.0,11.9,24.21,1.92,44.82,3.57,302.1,22.64,11.26,38.79,12.95,6.64,0.47,2.18,0.15,0.0,0.0,0.0,0.0,0.0,0.0,0.0,24.21,1.92,44.82,3.57,0.0,0.0,0.0,0.97,43.29,3.19,2.25,3.05,3.74,9.1,1.51,1.03,0.0,0.26,0.11,0.03,3.06,55.39,4.15,3.35,3.53,4.86,9.74,1.03,0.87,0.0,0.26,0.09,0.03,4.03,67.49,5.11,4.56,4.08,5.97,8.74,2.03,0.62,0.26,0.26,0.09,0.06,5.07,3
Quez Watkins ,PHI,WR,3.0,15.87,32.9,2.01,49.92,3.08,403.69,24.92,12.29,61.72,17.45,13.85,0.87,2.28,0.15,2.18,0.13,1.41,0.08,0.98,0.0,0.0,35.08,2.14,52.1,3.21,0.64,0.04,0.02,0.98,53.43,3.33,2.11,3.94,3.76,12.18,1.79,1.64,0.26,0.0,0.14,0.02,2.99,69.88,4.33,3.25,4.34,4.92,12.18,1.79,1.64,0.26,0.0,0.14,0.02,4.02,86.33,5.34,4.65,4.82,6.08,11.54,2.44,1.64,0.26,0.0,0.14,0.02,5.16,3
Cole Beasley ,BUF,WR,4.0,9.09,34.61,2.72,47.23,3.69,318.17,23.37,7.29,18.14,9.63,3.46,0.22,0.88,0.06,0.0,0.0,0.0,0.0,0.0,0.0,0.0,34.61,2.72,47.23,3.69,0.0,0.0,0.0,0.83,38.2,2.75,2.44,1.92,3.39,6.54,1.02,1.0,0.42,0.1,0.14,0.07,2.89,55.51,4.11,3.57,2.71,4.85,5.85,1.39,0.64,0.98,0.24,0.18,0.2,4.01,72.81,5.47,4.7,3.55,6.26,5.71,1.04,1.08,0.92,0.33,0.27,0.25,5.1,4
DeAndre Carter ,FA,WR,14.0,16.57,34.77,2.05,51.61,3.04,411.36,24.24,11.61,30.56,13.6,10.74,0.63,2.59,0.16,3.69,0.22,12.68,0.75,-2.43,0.0,0.0,38.46,2.26,55.31,3.26,1.37,0.08,0.13,1.0,56.66,3.33,1.91,3.94,3.66,13.45,0.78,2.34,0.0,0.0,0.16,0.0,2.91,74.04,4.36,2.96,4.51,4.77,12.22,2.01,1.72,0.62,0.0,0.16,0.05,3.9,91.43,5.38,4.05,5.12,5.87,11.97,2.22,1.76,0.62,0.0,0.16,0.05,4.89,4
Noah Brown ,HOU,WR,3.0,13.93,31.8,2.14,54.09,3.61,402.24,26.84,11.87,40.02,13.95,8.23,0.54,1.85,0.12,0.1,0.01,0.39,0.02,0.39,0.0,0.0,31.9,2.14,54.19,3.61,0.62,0.04,0.01,0.96,50.12,3.3,1.67,3.86,3.64,10.85,1.85,0.0,1.23,0.0,0.09,0.11,2.81,66.01,4.37,2.83,4.65,4.74,9.99,2.71,0.0,1.23,0.0,0.09,0.12,3.82,81.91,5.44,3.57,5.47,5.84,9.28,2.81,0.62,0.62,0.62,0.14,0.14,4.68,4
Tyquan Thornton ,NE,WR,4.0,12.0,22.0,1.83,45.0,3.75,247.0,20.58,11.23,29.0,14.17,4.0,0.33,2.0,0.17,3.0,0.25,16.0,1.33,5.33,1.0,0.08,25.0,2.08,48.0,4.0,0.0,0.0,0.0,1.0,44.3,3.69,1.6,5.31,3.87,10.0,0.0,1.0,1.0,0.0,0.2,0.1,2.98,55.3,4.61,2.1,5.76,4.87,10.0,0.0,1.0,1.0,0.0,0.2,0.1,3.66,66.3,5.52,2.8,6.24,5.89,10.0,0.0,1.0,1.0,0.0,0.2,0.1,4.44,1
Damiere Byrd ,FA,WR,20.0,12.11,20.3,1.65,32.92,2.67,319.71,26.12,17.52,65.91,16.92,8.28,0.68,1.62,0.14,0.2,0.01,1.48,0.09,0.74,0.0,0.0,20.5,1.66,33.12,2.68,0.29,0.03,0.01,1.0,41.73,3.42,1.87,4.57,3.73,10.12,0.37,0.66,0.86,0.1,0.16,0.09,2.89,51.89,4.25,2.49,5.0,4.67,9.12,1.33,1.56,0.0,0.1,0.16,0.01,3.57,62.04,5.08,3.3,5.49,5.6,8.59,1.67,1.71,0.04,0.1,0.18,0.02,4.36,4
Braxton Berrios ,MIA,WR,3.0,16.62,26.3,1.6,41.65,2.53,238.79,14.6,9.08,33.68,8.99,4.14,0.26,0.79,0.05,7.56,0.45,68.74,4.09,8.58,1.72,0.1,33.86,2.06,49.21,2.98,0.29,0.02,0.01,1.0,49.26,2.99,2.01,3.32,3.47,13.82,1.76,0.79,0.25,0.0,0.08,0.02,2.81,62.41,3.79,2.64,3.83,4.37,13.23,2.35,0.79,0.0,0.25,0.08,0.03,3.5,75.55,4.59,3.31,4.44,5.24,12.65,2.93,0.69,0.1,0.25,0.08,0.03,4.2,4
Nick Westbrook-Ikhine ,TEN,WR,3.0,15.54,26.08,1.67,47.49,3.03,379.92,24.28,14.52,54.13,14.43,9.1,0.58,2.95,0.19,0.0,0.0,0.0,0.0,0.0,0.0,0.0,26.08,1.67,47.49,3.03,0.26,0.02,0.01,1.0,55.38,3.54,1.63,5.05,3.73,12.33,2.05,0.26,0.26,0.64,0.08,0.08,2.77,68.42,4.38,2.33,5.65,4.61,11.69,2.44,0.51,0.26,0.64,0.11,0.08,3.5,81.45,5.21,2.99,6.29,5.5,11.69,2.44,0.26,0.51,0.64,0.11,0.1,4.2,3
Jamal Agnew ,JAC,WR,4.0,14.08,21.39,1.53,30.13,2.18,180.24,13.0,7.95,23.89,7.49,1.7,0.13,2.09,0.14,9.74,0.68,83.9,6.07,9.22,0.25,0.02,31.14,2.21,39.87,2.86,0.14,0.01,0.02,1.0,45.18,3.24,1.78,4.28,3.55,11.07,1.29,0.86,0.86,0.0,0.14,0.08,2.77,55.88,4.0,2.5,4.8,4.39,11.25,1.11,1.11,0.62,0.0,0.14,0.05,3.48,66.58,4.77,3.2,5.41,5.22,11.25,0.86,1.35,0.62,0.0,0.17,0.05,4.18,4
Ben Skowronek ,LAR,WR,4.0,13.43,31.0,2.26,49.29,3.59,306.57,22.35,10.34,32.86,11.58,5.86,0.43,0.0,0.0,0.71,0.05,12.14,0.86,12.14,0.71,0.05,31.71,2.31,50.0,3.64,0.0,0.0,0.0,1.0,36.16,2.63,1.46,2.98,3.13,11.29,1.43,0.71,0.0,0.0,0.06,0.0,2.46,51.66,3.76,2.36,3.79,4.34,10.57,1.43,1.43,0.0,0.0,0.12,0.0,3.43,67.16,4.88,3.07,4.65,5.51,10.29,1.71,0.71,0.71,0.0,0.12,0.07,4.3,2
Greg Ward ,PHI,WR,4.0,11.23,20.95,1.71,31.41,2.56,194.38,16.53,11.66,29.41,9.78,1.87,0.16,3.56,0.3,0.62,0.05,-0.51,0.01,0.0,0.0,0.0,21.56,1.76,32.03,2.6,0.0,0.0,0.0,0.96,41.5,3.52,1.39,4.02,3.93,7.82,2.28,0.87,0.26,0.0,0.1,0.02,2.6,51.98,4.37,2.32,4.51,4.87,7.62,2.49,0.51,0.62,0.0,0.1,0.08,3.41,62.45,5.23,3.2,5.03,5.8,7.1,2.74,0.77,0.62,0.0,0.13,0.09,4.19,4
Preston Williams ,CAR,WR,4.0,6.72,11.74,1.63,25.38,3.6,163.26,22.3,13.06,37.44,12.52,5.21,0.73,1.33,0.17,0.64,0.11,4.49,0.75,4.49,0.0,0.0,12.38,1.74,26.03,3.71,0.1,0.01,0.0,0.82,25.59,3.41,2.28,3.5,3.77,4.54,1.56,0.26,0.26,0.1,0.1,0.1,2.73,31.47,4.22,3.03,3.99,4.7,4.54,1.56,0.26,0.26,0.1,0.1,0.1,3.36,37.34,5.04,3.81,4.49,5.65,4.33,1.67,0.36,0.26,0.1,0.12,0.17,4.05,4
Kendall Hinton ,DEN,WR,7.0,9.97,19.23,1.75,27.05,2.46,244.23,22.2,11.3,32.69,15.41,6.15,0.56,0.26,0.02,1.49,0.32,9.05,1.47,4.53,0.0,0.0,20.72,2.07,28.54,2.78,0.0,0.0,0.0,0.93,26.71,2.36,2.03,1.98,3.19,9.08,0.9,0.0,0.0,0.0,0.0,0.0,2.65,36.33,3.23,2.48,2.59,4.17,7.79,2.18,0.0,0.0,0.0,0.0,0.0,3.29,45.94,4.1,2.93,3.24,5.11,6.9,3.08,0.0,0.0,0.0,0.0,0.0,3.91,3
Byron Pringle ,FA,WR,23.0,11.91,18.26,1.4,26.94,2.09,245.49,18.79,13.41,36.15,13.06,6.52,0.51,2.6,0.21,0.0,0.0,0.0,0.0,0.0,0.0,0.0,18.26,1.4,26.94,2.09,0.25,0.01,0.0,0.98,40.25,3.16,1.68,3.84,3.56,9.46,0.96,1.21,0.04,0.25,0.14,0.02,2.59,49.38,3.86,2.29,4.28,4.35,9.06,1.35,1.21,0.04,0.25,0.14,0.03,3.21,58.51,4.56,2.93,4.75,5.15,9.06,1.72,0.84,0.0,0.29,0.09,0.03,3.83,4
Keelan Cole Sr. ,LV,WR,6.0,13.04,19.42,1.4,35.58,2.6,274.89,19.98,14.38,38.97,12.71,7.03,0.52,1.47,0.1,0.14,0.01,0.43,0.03,0.43,0.0,0.0,19.56,1.41,35.72,2.61,0.0,0.0,0.0,1.0,36.96,2.68,1.63,3.39,3.1,10.9,0.75,1.2,0.2,0.0,0.12,0.02,2.45,46.67,3.38,2.43,3.78,3.91,10.94,0.71,1.1,0.3,0.0,0.12,0.03,3.18,56.38,4.09,3.18,4.21,4.72,10.7,0.66,1.29,0.39,0.0,0.15,0.05,3.9,4
Cedrick Wilson Jr. ,MIA,WR,4.0,13.27,20.34,1.49,29.18,2.15,252.45,18.5,11.73,35.6,11.32,5.76,0.41,1.67,0.12,1.4,0.1,6.45,0.5,5.89,0.0,0.0,21.75,1.6,30.59,2.25,0.0,0.0,0.0,0.99,37.78,2.73,1.58,2.97,3.1,11.59,0.59,0.49,0.25,0.34,0.11,0.07,2.39,47.95,3.48,2.22,3.49,3.95,11.55,0.63,0.25,0.49,0.34,0.11,0.1,3.07,58.12,4.23,3.02,4.03,4.79,11.31,0.88,0.0,0.74,0.34,0.11,0.15,3.82,4
Tyler Johnson ,LV,WR,5.0,15.43,29.14,1.85,44.14,2.8,305.43,19.52,11.17,32.14,10.98,5.71,0.37,0.57,0.04,0.0,0.0,0.0,0.0,0.0,0.0,0.0,29.14,1.85,44.14,2.8,0.0,0.0,0.0,1.0,33.97,2.2,1.34,2.36,2.82,13.14,2.29,0.0,0.0,0.0,0.0,0.0,2.15,48.54,3.13,2.3,3.03,3.87,12.43,3.0,0.0,0.0,0.0,0.0,0.0,3.06,63.11,4.05,3.26,3.74,4.9,12.0,3.43,0.0,0.0,0.0,0.0,0.0,3.96,3
Trent Sherfield ,BUF,WR,5.0,14.92,21.34,1.38,37.53,2.45,286.28,18.36,12.71,54.67,12.99,5.76,0.36,1.48,0.09,0.0,0.0,0.0,0.0,0.0,0.0,0.0,21.34,1.38,37.53,2.45,0.0,0.0,0.0,1.0,37.5,2.42,1.71,3.21,2.79,13.44,0.25,0.62,0.62,0.0,0.09,0.04,2.33,48.17,3.11,2.45,3.52,3.62,12.82,0.86,1.23,0.0,0.0,0.09,0.0,3.02,58.83,3.8,3.19,3.88,4.45,12.72,0.96,1.23,0.0,0.0,0.09,0.0,3.73,4
Greg Dortch ,ARI,WR,4.0,12.38,36.34,2.38,44.54,2.9,323.09,20.76,7.5,34.84,9.22,5.46,0.34,1.37,0.08,5.05,0.36,36.61,3.19,10.85,0.0,0.0,41.39,2.74,49.59,3.25,0.73,0.06,inf,0.9,42.71,2.78,0.67,3.66,3.06,8.28,2.05,2.05,0.0,0.0,0.16,0.0,2.07,60.88,3.97,1.53,4.8,4.21,8.28,1.37,2.05,0.68,0.0,0.23,0.07,3.01,79.05,5.16,2.38,6.03,5.31,8.28,0.68,1.37,1.37,0.68,0.31,0.2,3.95,4
Zach Pascal ,ARI,WR,5.0,15.38,24.55,1.57,38.53,2.46,272.84,17.44,10.64,36.63,11.13,6.19,0.39,2.04,0.13,1.19,0.08,5.8,0.36,2.9,0.0,0.0,25.73,1.65,39.71,2.53,0.25,0.01,0.0,1.0,39.72,2.54,1.45,3.62,2.84,13.65,0.14,1.14,0.33,0.14,0.12,0.04,2.25,51.99,3.32,2.12,4.0,3.75,13.2,0.58,1.14,0.33,0.14,0.12,0.04,2.96,64.26,4.11,2.88,4.44,4.66,12.57,1.21,1.1,0.36,0.14,0.12,0.05,3.72,4
Laquon Treadwell ,SEA,WR,3.0,5.85,12.77,2.05,20.04,3.28,144.84,19.01,9.16,24.23,11.32,2.74,0.22,0.48,0.06,0.0,0.0,0.0,0.0,0.0,0.0,0.0,12.77,2.05,20.04,3.28,0.0,0.0,0.0,0.7,17.38,2.28,2.39,2.06,2.96,4.63,1.18,0.04,0.0,0.0,0.0,0.0,2.13,23.76,3.3,3.6,2.65,4.19,3.85,1.71,0.29,0.0,0.0,0.03,0.0,2.94,30.15,4.33,4.8,3.26,5.4,3.95,1.62,0.29,0.0,0.0,0.03,0.0,3.73,4
DeSean Jackson ,FA,WR,19.0,8.37,12.2,1.54,21.8,2.74,235.55,28.19,18.42,66.72,20.9,8.67,1.0,0.67,0.08,0.34,0.04,2.17,0.31,2.17,0.0,0.0,12.55,1.58,22.14,2.78,0.25,0.02,0.01,0.86,27.3,3.3,1.48,4.09,3.65,6.78,0.96,0.0,0.34,0.29,0.09,0.1,2.23,33.4,4.07,2.39,4.42,4.57,6.78,0.96,0.1,0.49,0.04,0.09,0.06,2.91,39.5,4.84,3.05,4.8,5.51,6.78,0.86,0.2,0.49,0.04,0.13,0.06,3.52,4
Tutu Atwell ,LAR,WR,5.0,10.29,12.86,1.07,25.0,2.09,212.86,17.74,11.83,44.29,13.51,8.57,0.71,0.71,0.06,6.43,0.54,24.29,2.02,2.7,0.71,0.06,19.29,1.61,31.43,2.62,0.0,0.0,0.0,0.94,32.29,2.69,1.32,2.92,3.01,8.14,0.71,1.43,0.0,0.0,0.14,0.0,2.28,38.71,3.23,2.04,3.09,3.66,7.43,1.43,1.43,0.0,0.0,0.14,0.0,2.9,45.14,3.76,2.75,3.31,4.32,7.43,2.14,0.71,0.0,0.0,0.06,0.0,3.48,2
Breshad Perriman ,FA,WR,15.0,7.89,12.63,1.58,24.76,3.04,184.04,22.65,13.63,38.48,15.48,5.73,0.72,1.39,0.16,1.66,0.22,-3.83,-0.6,-1.99,0.0,0.0,14.28,1.8,26.42,3.25,0.62,0.07,0.06,0.86,25.15,3.06,1.7,4.28,3.32,6.3,0.33,1.08,0.0,0.18,0.19,0.02,2.27,31.47,3.85,2.41,4.67,4.23,6.3,0.3,1.12,0.0,0.18,0.2,0.02,2.89,37.78,4.64,3.11,5.12,5.16,6.05,0.54,1.08,0.04,0.18,0.2,0.03,3.51,4
Dante Pettis ,FA,WR,16.0,12.33,14.99,1.61,30.72,2.97,184.07,17.48,12.34,42.13,11.13,4.93,0.38,2.27,0.21,1.23,0.07,22.78,1.34,11.39,0.0,0.0,16.22,1.68,31.96,3.04,0.1,0.01,0.02,0.88,34.29,3.18,2.01,4.41,3.46,10.06,0.69,0.96,0.62,0.0,0.22,0.04,2.29,41.78,3.98,2.95,5.04,4.3,9.81,0.94,0.96,0.62,0.0,0.22,0.04,2.88,49.28,4.78,3.89,5.71,5.14,9.81,0.9,1.0,0.62,0.0,0.22,0.04,3.49,4
Trenton Irwin ,CIN,WR,4.0,6.91,9.83,1.23,15.59,2.02,151.11,17.97,14.16,34.36,14.28,3.94,0.46,2.46,0.27,0.62,0.07,6.77,0.75,6.77,0.0,0.0,10.44,1.29,16.21,2.09,0.0,0.0,0.0,0.79,30.57,3.52,1.59,3.89,3.63,5.06,0.0,1.23,0.62,0.0,0.31,0.1,2.47,35.48,4.13,1.95,4.18,4.27,5.06,0.0,1.23,0.62,0.0,0.31,0.1,2.86,40.39,4.74,2.3,4.48,4.94,5.06,0.0,1.23,0.62,0.0,0.31,0.1,3.26,4
Anthony Miller ,PIT,WR,3.0,7.67,21.74,2.4,35.9,4.33,207.67,17.32,6.51,18.72,8.53,2.92,0.18,1.36,0.25,0.62,0.04,2.97,0.19,1.44,0.0,0.0,22.36,2.44,36.51,4.37,0.36,0.02,0.01,0.72,28.5,3.25,1.11,4.42,3.58,5.74,1.1,0.36,0.46,0.0,0.06,0.04,2.04,39.37,4.45,1.91,5.24,4.84,5.28,1.31,0.62,0.36,0.1,0.08,0.04,2.78,50.24,5.65,2.72,6.1,6.09,4.92,0.92,1.36,0.26,0.21,0.41,0.05,3.61,4
Steven Sims Jr. ,HOU,WR,4.0,12.21,16.75,1.36,26.56,2.15,135.82,10.98,7.83,30.2,7.58,1.65,0.13,0.34,0.02,11.22,0.92,63.99,5.24,7.24,0.05,0.0,27.97,2.28,37.78,3.08,0.26,0.02,0.01,1.0,22.12,1.76,1.73,1.68,2.44,11.82,0.18,0.1,0.05,0.05,0.02,0.01,2.19,30.5,2.44,2.14,2.23,3.24,11.74,0.26,0.1,0.05,0.05,0.02,0.01,2.74,38.87,3.12,2.68,2.85,4.02,11.56,0.44,0.1,0.05,0.05,0.02,0.01,3.33,4
KJ Hamler ,DEN,WR,5.0,6.59,8.85,1.31,17.28,2.58,163.82,24.44,20.21,47.46,21.23,7.85,1.16,0.31,0.02,2.21,0.26,18.85,2.42,7.83,0.0,0.0,11.05,1.56,19.49,2.83,0.0,0.0,0.0,0.78,20.11,2.83,2.22,2.71,3.51,5.64,0.85,0.0,0.0,0.1,0.01,0.01,2.25,24.54,3.48,2.77,3.1,4.3,5.44,0.95,0.1,0.0,0.1,0.02,0.01,2.73,28.96,4.14,3.36,3.52,5.08,5.44,0.95,0.1,0.0,0.1,0.02,0.01,3.22,3
John Brown ,FA,WR,28.0,3.45,6.7,0.86,11.63,1.73,112.76,20.73,27.81,32.48,16.19,4.05,1.12,1.15,0.36,0.08,0.01,0.28,0.02,0.14,0.0,0.0,6.78,0.86,11.7,1.74,0.0,0.0,0.0,0.54,18.39,4.23,4.15,5.24,4.16,1.87,0.33,1.03,0.14,0.08,0.72,0.06,2.47,21.74,4.66,4.7,5.59,4.64,1.79,1.03,0.22,0.33,0.08,0.11,0.19,2.72,25.1,5.09,5.24,5.95,5.11,1.69,0.95,0.26,0.47,0.08,0.17,0.29,3.12,4
Lawrence Cager ,NYG,WR,7.0,5.45,11.48,2.01,17.21,3.15,106.55,19.37,10.24,19.86,9.65,0.86,0.15,0.86,0.15,0.0,0.0,0.0,0.0,0.0,0.0,0.0,11.48,2.01,17.21,3.15,0.0,0.0,0.0,0.73,15.83,2.8,1.97,3.08,3.35,3.72,1.72,0.0,0.0,0.0,0.0,0.0,2.02,21.57,3.8,2.68,4.26,4.32,3.72,0.86,0.86,0.0,0.0,0.17,0.0,2.66,27.31,4.8,3.4,5.54,5.26,3.72,0.86,0.86,0.0,0.0,0.17,0.0,3.22,3
N'Keal Harry ,FA,WR,24.0,7.81,10.99,1.32,17.52,2.0,151.33,19.2,15.25,44.43,16.34,3.37,0.45,0.89,0.13,0.39,0.04,1.93,0.28,0.39,0.0,0.0,11.38,1.36,17.92,2.04,0.34,0.03,0.02,0.85,19.99,2.65,1.61,2.82,3.23,6.82,0.95,0.04,0.0,0.0,0.01,0.0,2.02,25.48,3.31,2.38,3.1,4.07,6.82,0.89,0.1,0.0,0.0,0.01,0.0,2.66,30.98,3.97,3.08,3.39,4.91,6.72,0.99,0.1,0.0,0.0,0.01,0.0,3.26,4
Jakeem Grant Sr. ,CLE,WR,5.0,14.23,18.23,1.32,28.13,2.05,197.08,14.15,11.23,39.03,8.99,4.23,0.29,1.54,0.1,4.38,0.31,26.79,1.83,6.07,0.1,0.01,22.62,1.64,32.51,2.37,2.03,0.14,0.13,1.0,34.18,2.43,1.08,4.72,2.72,12.33,0.26,0.9,0.74,0.0,0.13,0.06,2.01,43.3,3.1,1.62,5.1,3.5,12.33,0.26,0.9,0.74,0.0,0.13,0.06,2.61,52.41,3.76,2.02,5.55,4.27,11.82,0.77,0.26,1.38,0.0,0.13,0.11,3.14,4
Jalen Guyton ,FA,WR,21.0,6.87,11.63,1.27,19.78,2.34,200.1,29.75,25.06,54.88,23.17,6.7,1.49,1.03,0.07,1.92,0.12,8.37,0.52,1.2,0.0,0.0,13.55,1.39,21.7,2.46,0.0,0.0,0.0,0.64,27.05,3.42,2.81,4.35,3.72,5.12,0.96,0.2,0.59,0.0,0.06,0.04,2.12,32.87,4.05,3.53,4.93,4.41,4.87,1.21,0.2,0.59,0.0,0.06,0.05,2.6,38.68,4.68,4.14,5.53,5.1,4.87,1.21,0.3,0.49,0.0,0.06,0.04,3.03,4
Phillip Dorsett II ,LV,WR,4.0,12.22,16.84,1.38,33.51,2.76,222.96,18.95,13.67,35.6,12.02,5.76,0.53,0.9,0.06,0.4,0.06,0.92,0.07,0.31,0.0,0.0,17.25,1.45,33.91,2.82,0.0,0.0,0.0,0.92,27.8,2.27,1.33,3.02,2.73,10.68,0.73,0.77,0.0,0.04,0.06,0.0,1.99,36.22,2.96,1.93,3.48,3.54,10.41,0.96,0.77,0.04,0.04,0.07,0.01,2.58,44.64,3.65,2.44,3.97,4.35,10.41,0.96,0.77,0.04,0.04,0.07,0.01,3.13,4
Equanimeous St. Brown ,CHI,WR,4.0,14.03,15.84,1.05,28.87,1.92,234.56,15.41,13.8,43.25,10.97,6.08,0.39,0.71,0.04,4.53,0.3,37.39,2.43,7.38,0.0,0.0,20.37,1.35,33.4,2.22,0.0,0.0,0.0,0.97,31.48,2.06,1.35,2.36,2.58,12.08,1.95,0.0,0.0,0.0,0.0,0.0,1.99,39.4,2.59,1.96,2.69,3.24,12.7,1.33,0.0,0.0,0.0,0.0,0.0,2.56,47.32,3.11,2.52,3.05,3.89,12.08,1.95,0.0,0.0,0.0,0.0,0.0,3.1,4
Denzel Mims ,NYJ,WR,5.0,9.26,11.46,1.25,26.44,2.87,189.95,20.73,16.69,53.72,15.67,5.85,0.64,0.0,0.0,0.0,0.0,0.0,0.0,0.0,0.0,0.0,11.46,1.25,26.44,2.87,0.0,0.0,0.0,0.94,19.2,2.1,1.33,2.25,2.7,8.21,1.05,0.0,0.0,0.0,0.0,0.0,1.96,24.93,2.72,1.98,2.63,3.48,8.21,1.05,0.0,0.0,0.0,0.0,0.0,2.56,30.66,3.35,2.62,3.04,4.24,8.1,1.15,0.0,0.0,0.0,0.0,0.0,3.15,3
Ashton Dulin ,IND,WR,4.0,11.89,12.81,1.15,19.64,1.75,175.97,15.86,13.85,43.15,10.72,3.28,0.28,1.11,0.09,2.17,0.18,13.89,1.07,5.63,0.0,0.0,14.98,1.34,21.8,1.93,0.0,0.0,0.0,0.98,25.64,2.25,1.39,2.79,2.72,10.17,1.48,0.25,0.0,0.0,0.02,0.0,2.0,32.04,2.82,2.01,3.22,3.39,10.41,1.23,0.25,0.0,0.0,0.02,0.0,2.56,38.45,3.4,2.6,3.71,4.05,10.41,0.62,0.86,0.0,0.0,0.08,0.0,3.14,4
Chris Conley ,TEN,WR,4.0,8.02,13.67,1.38,23.18,2.36,184.83,17.77,12.51,34.51,11.56,4.79,0.44,0.89,0.06,0.25,0.02,0.74,0.05,0.74,0.0,0.0,13.92,1.4,23.42,2.38,0.34,0.02,0.01,0.78,23.27,2.1,1.62,2.38,2.61,7.0,0.33,0.57,0.12,0.0,0.06,0.01,1.88,30.1,2.79,2.48,2.9,3.41,6.82,0.41,0.67,0.12,0.0,0.07,0.01,2.51,36.94,3.48,3.05,3.51,4.19,6.58,0.55,0.77,0.12,0.0,0.07,0.02,3.04,4
David Bell ,CLE,WR,6.0,15.0,24.0,1.6,35.0,2.33,214.0,14.27,8.92,20.0,8.87,1.0,0.07,0.0,0.0,0.0,0.0,0.0,0.0,0.0,0.0,0.0,24.0,1.6,35.0,2.33,0.0,0.0,0.0,1.0,21.4,1.43,1.3,1.16,2.19,15.0,0.0,0.0,0.0,0.0,0.0,0.0,1.8,33.4,2.23,1.8,1.74,3.18,15.0,0.0,0.0,0.0,0.0,0.0,0.0,2.47,45.4,3.03,2.3,2.37,4.11,15.0,0.0,0.0,0.0,0.0,0.0,0.0,3.12,1
Scotty Miller ,FA,WR,17.0,10.84,19.16,1.64,33.09,2.85,180.52,14.93,8.92,23.99,8.73,3.04,0.23,0.33,0.02,1.48,0.16,17.53,2.33,11.0,0.25,0.04,20.64,1.8,34.58,3.01,0.0,0.0,0.0,0.94,23.29,2.11,0.76,2.9,2.56,10.02,0.24,0.38,0.2,0.0,0.08,0.02,1.74,32.87,2.93,1.4,3.63,3.46,9.4,0.85,0.38,0.2,0.0,0.08,0.02,2.42,42.45,3.74,2.07,4.4,4.35,9.4,0.24,1.0,0.1,0.1,0.13,0.02,3.12,4
Khalil Shakir ,BUF,WR,6.0,10.0,10.0,1.0,20.0,2.0,161.0,16.1,16.1,31.0,10.8,5.0,0.5,1.0,0.1,0.0,0.0,0.0,0.0,0.0,0.0,0.0,10.0,1.0,20.0,2.0,0.0,0.0,0.0,0.96,24.1,2.41,1.2,4.04,2.7,9.0,0.0,0.0,1.0,0.0,0.11,0.11,1.97,29.1,2.91,1.7,4.45,3.28,9.0,0.0,1.0,0.0,0.0,0.11,0.0,2.41,34.1,3.41,2.2,4.87,3.87,9.0,0.0,1.0,0.0,0.0,0.11,0.0,2.88,1
Auden Tate ,ARI,WR,7.0,6.21,9.62,1.2,16.41,1.9,122.44,15.06,12.55,19.79,10.6,1.03,0.08,0.74,0.17,0.0,0.0,0.0,0.0,0.0,0.0,0.0,9.62,1.2,16.41,1.9,0.1,0.01,0.0,0.76,16.5,2.5,1.91,2.73,3.08,4.69,1.51,0.0,0.0,0.0,0.0,0.0,1.91,21.31,3.1,2.56,3.18,3.78,4.49,1.62,0.1,0.0,0.0,0.01,0.0,2.4,26.12,3.69,3.21,3.65,4.48,5.13,0.62,0.46,0.0,0.0,0.05,0.0,2.92,4
Ray-Ray McCloud III ,SF,WR,4.0,16.22,20.2,1.23,33.82,2.06,225.44,13.54,12.82,33.05,9.86,5.42,0.32,0.62,0.04,3.35,0.2,58.13,3.46,15.46,0.62,0.04,23.55,1.43,37.17,2.26,0.38,0.03,inf,0.99,34.98,2.08,1.07,3.17,2.44,14.65,0.34,1.23,0.0,0.0,0.08,0.0,1.85,45.08,2.7,1.58,3.67,3.15,14.65,0.1,1.48,0.0,0.0,0.1,0.0,2.4,55.17,3.31,2.14,4.2,3.84,14.4,0.34,1.48,0.0,0.0,0.1,0.0,2.97,4
Quintez Cephus ,DET,WR,4.0,4.54,7.18,1.36,11.15,2.05,97.72,16.42,10.08,22.59,9.75,3.28,0.5,0.72,0.12,0.0,0.0,0.0,0.0,0.0,0.0,0.0,7.18,1.36,11.15,2.05,0.0,0.0,0.0,0.65,14.59,2.45,2.41,2.13,2.86,3.56,0.51,0.46,0.0,0.0,0.08,0.0,1.93,18.18,3.13,3.02,2.66,3.65,3.56,0.51,0.46,0.0,0.0,0.08,0.0,2.4,21.77,3.81,3.6,3.21,4.44,3.46,0.1,0.97,0.0,0.0,0.4,0.0,2.96,3
Deonte Harty ,BUF,WR,7.0,7.1,12.31,1.23,18.46,1.72,167.67,14.91,8.98,27.73,10.12,4.24,0.34,0.84,0.07,1.98,0.17,16.34,1.42,3.16,0.0,0.0,14.29,1.4,20.44,1.89,1.0,0.19,0.32,0.78,21.66,1.68,1.65,2.38,1.79,6.02,0.25,0.59,0.25,0.0,0.09,0.03,1.76,27.82,2.29,2.37,2.59,2.57,5.28,0.99,0.59,0.25,0.0,0.09,0.04,2.37,33.97,2.91,3.03,2.85,3.36,5.28,0.99,0.59,0.25,0.0,0.09,0.04,2.96,4
Samori Toure ,GB,WR,3.0,4.0,5.0,1.25,10.0,2.5,82.0,20.5,16.4,37.0,20.0,4.0,1.0,1.0,0.25,0.0,0.0,0.0,0.0,0.0,0.0,0.0,5.0,1.25,10.0,2.5,0.0,0.0,0.0,0.65,14.2,3.55,2.05,4.32,3.92,3.0,0.0,1.0,0.0,0.0,0.33,0.0,2.01,16.7,4.18,2.8,4.32,4.74,3.0,1.0,0.0,0.0,0.0,0.0,0.0,2.36,19.2,4.8,3.55,4.33,5.61,3.0,1.0,0.0,0.0,0.0,0.0,0.0,2.83,1
Shi Smith ,CAR,WR,6.0,13.57,17.43,1.26,32.43,2.35,241.14,18.38,14.56,45.14,13.26,6.86,0.56,1.43,0.09,0.29,0.06,-0.86,-0.17,-0.86,0.0,0.0,17.71,1.32,32.71,2.41,0.71,0.04,0.04,0.92,31.17,2.24,0.86,3.65,2.58,11.14,1.71,0.71,0.0,0.0,0.04,0.0,1.71,39.89,2.88,1.66,4.21,3.29,11.14,1.71,0.71,0.0,0.0,0.04,0.0,2.35,48.6,3.51,2.16,4.81,3.99,11.14,1.71,0.0,0.71,0.0,0.04,0.05,2.87,2
Justin Watson ,FA,WR,27.0,16.16,13.95,0.85,30.58,1.85,277.95,16.78,19.47,60.33,12.93,10.07,0.6,1.74,0.1,0.0,0.0,0.0,0.0,0.0,0.0,0.0,13.95,0.85,30.58,1.85,0.0,0.0,0.0,1.0,38.23,2.29,0.98,3.12,2.73,12.79,2.45,0.92,0.0,0.0,0.06,0.0,1.88,45.2,2.72,1.39,3.52,3.24,13.61,1.63,0.92,0.0,0.0,0.06,0.0,2.3,52.18,3.15,1.8,3.96,3.75,14.29,0.95,0.87,0.05,0.0,0.06,0.0,2.71,4
Jalen Reagor ,MIN,WR,3.0,16.38,16.77,1.09,28.49,1.85,183.95,12.13,11.97,38.72,8.84,4.13,0.27,1.26,0.08,5.54,0.34,26.9,1.67,5.49,0.0,0.0,22.31,1.43,34.03,2.19,0.0,0.0,0.0,1.0,29.44,1.92,1.02,2.35,2.4,14.92,1.0,0.46,0.0,0.0,0.04,0.0,1.78,37.83,2.46,1.32,2.65,3.09,14.95,0.97,0.46,0.0,0.0,0.04,0.0,2.22,46.21,3.0,1.67,3.0,3.77,14.64,1.38,0.1,0.26,0.0,0.03,0.02,2.69,3
Dyami Brown ,WAS,WR,4.0,9.29,7.0,0.74,17.14,1.83,149.29,16.06,24.36,67.29,12.77,5.71,0.62,1.43,0.16,1.0,0.11,9.57,1.08,9.57,0.0,0.0,8.0,0.85,18.14,1.94,0.0,0.0,0.0,0.94,24.46,2.67,0.79,5.78,2.76,8.57,0.0,0.0,0.0,0.71,0.09,0.09,1.74,27.96,3.04,1.29,6.11,3.2,8.57,0.0,0.0,0.0,0.71,0.09,0.09,2.13,31.46,3.4,1.71,6.47,3.65,8.57,0.0,0.0,0.0,0.71,0.09,0.09,2.51,2
Bryan Edwards ,NO,WR,5.0,7.9,11.77,1.12,19.87,1.88,175.82,13.2,9.31,22.97,8.32,5.49,0.36,0.87,0.06,0.26,0.02,0.0,0.0,0.0,0.0,0.0,12.03,1.14,20.13,1.89,0.0,0.0,0.0,0.78,22.81,1.66,1.16,1.73,2.05,6.0,1.28,0.36,0.26,0.0,0.05,0.03,1.54,28.7,2.22,1.92,2.01,2.83,6.0,1.28,0.36,0.26,0.0,0.05,0.03,2.11,34.58,2.78,2.67,2.33,3.58,6.0,1.03,0.62,0.26,0.0,0.07,0.03,2.68,3
Collin Johnson ,NYG,WR,8.0,9.71,13.0,1.35,23.86,2.5,152.71,14.92,11.14,24.57,8.53,2.29,0.16,0.57,0.04,0.0,0.0,0.0,0.0,0.0,0.0,0.0,13.0,1.35,23.86,2.5,0.0,0.0,0.0,0.91,19.27,1.78,0.85,2.59,2.21,8.86,0.57,0.0,0.29,0.0,0.02,0.03,1.53,25.77,2.45,1.53,3.36,2.95,8.14,1.29,0.0,0.29,0.0,0.02,0.03,2.11,32.27,3.13,2.06,4.15,3.68,8.14,0.71,0.57,0.29,0.0,0.08,0.03,2.66,3
Jalen Nailor ,MIN,WR,5.0,8.0,9.0,1.12,13.0,1.62,179.0,22.38,19.89,47.0,12.62,6.0,0.75,1.0,0.12,0.0,0.0,0.0,0.0,0.0,0.0,0.0,9.0,1.12,13.0,1.62,0.0,0.0,0.0,0.88,23.9,2.99,0.65,5.25,3.14,6.0,1.0,0.0,1.0,0.0,0.14,0.17,1.75,28.4,3.55,0.9,5.89,3.73,6.0,1.0,0.0,1.0,0.0,0.14,0.17,2.09,32.9,4.11,1.15,6.55,4.33,6.0,1.0,0.0,1.0,0.0,0.14,0.17,2.42,1
Freddie Swain ,MIA,WR,5.0,7.92,10.31,1.31,16.26,2.02,151.69,22.01,16.63,53.13,20.5,6.21,1.07,1.23,0.07,1.28,0.07,8.21,0.48,1.64,0.0,0.0,11.59,1.39,17.54,2.1,0.0,0.0,0.0,0.72,23.37,2.69,1.18,3.08,3.22,6.44,1.23,0.0,0.26,0.0,0.02,0.02,1.61,28.53,3.34,1.73,3.44,4.02,6.44,1.23,0.0,0.26,0.0,0.02,0.02,2.05,33.68,4.0,2.21,3.82,4.84,6.18,1.49,0.0,0.26,0.0,0.02,0.02,2.45,3
KhaDarel Hodge ,FA,WR,29.0,12.48,12.45,1.01,21.03,1.71,183.78,14.95,14.9,40.11,10.15,3.34,0.27,0.62,0.05,0.0,0.0,0.0,0.0,0.0,0.0,0.0,12.45,1.01,21.03,1.71,0.0,0.0,0.0,0.99,23.8,1.92,0.65,2.73,2.35,11.52,0.34,0.62,0.0,0.0,0.05,0.0,1.53,30.02,2.42,1.13,3.24,2.94,11.52,0.96,0.0,0.0,0.0,0.0,0.0,1.99,36.25,2.93,1.61,3.78,3.52,10.9,1.33,0.25,0.0,0.0,0.02,0.0,2.47,4
Cam Sims ,LV,WR,7.0,12.85,11.85,0.9,21.6,1.63,154.83,11.62,12.31,29.04,8.92,3.37,0.24,0.59,0.05,0.34,0.03,2.22,0.17,2.22,0.0,0.0,12.2,0.92,21.94,1.66,0.0,0.0,0.0,1.0,19.25,1.46,0.95,1.84,1.9,11.97,0.54,0.34,0.0,0.0,0.03,0.0,1.46,25.18,1.91,1.48,2.16,2.48,11.87,0.54,0.44,0.0,0.0,0.04,0.0,1.97,31.1,2.36,2.07,2.51,3.05,11.52,0.89,0.44,0.0,0.0,0.04,0.0,2.49,4
Tom Kennedy ,DET,WR,5.0,6.74,7.1,1.01,12.98,1.85,111.07,15.86,14.49,34.15,12.33,2.73,0.39,0.0,0.0,0.0,0.0,0.0,0.0,0.0,0.0,0.0,7.1,1.01,12.98,1.85,0.0,0.0,0.0,0.82,13.02,1.86,1.15,2.27,2.4,6.46,0.27,0.0,0.0,0.0,0.0,0.0,1.49,16.57,2.37,1.76,2.66,3.02,6.46,0.27,0.0,0.0,0.0,0.0,0.0,1.95,20.12,2.88,2.24,3.08,3.63,5.78,0.96,0.0,0.0,0.0,0.0,0.0,2.37,4
Dez Fitzpatrick ,PIT,WR,4.0,3.0,5.0,1.67,8.0,2.67,49.0,16.33,9.8,18.0,10.67,0.0,0.0,1.0,0.33,0.0,0.0,0.0,0.0,0.0,0.0,0.0,5.0,1.67,8.0,2.67,0.0,0.0,0.0,0.56,10.9,3.63,1.4,5.13,3.84,2.0,0.0,1.0,0.0,0.0,0.5,0.0,1.6,13.4,4.47,1.9,5.7,4.73,2.0,0.0,1.0,0.0,0.0,0.5,0.0,1.95,15.9,5.3,2.4,6.27,5.64,2.0,0.0,1.0,0.0,0.0,0.5,0.0,2.31,2
Skyy Moore ,KC,WR,3.0,16.0,22.0,1.38,33.0,2.06,250.0,15.62,11.36,30.0,9.38,3.0,0.19,0.0,0.0,3.0,0.19,24.0,1.5,8.0,0.0,0.0,25.0,1.56,36.0,2.25,3.0,0.19,0.12,1.0,21.4,1.34,1.2,2.05,1.78,15.0,1.0,0.0,0.0,0.0,0.0,0.0,1.56,32.4,2.02,1.2,2.71,2.58,15.0,1.0,0.0,0.0,0.0,0.0,0.0,1.93,43.4,2.71,1.65,3.44,3.36,15.0,1.0,0.0,0.0,0.0,0.0,0.0,2.48,1
Velus Jones Jr. ,CHI,WR,5.0,11.0,7.0,0.64,14.0,1.27,107.0,9.73,15.29,44.0,9.0,4.0,0.36,1.0,0.09,9.0,0.82,103.0,9.36,11.44,1.0,0.09,16.0,1.45,23.0,2.09,3.0,0.27,0.19,1.0,27.0,2.45,0.6,4.48,2.68,9.0,1.0,1.0,0.0,0.0,0.1,0.0,1.74,30.5,2.77,0.6,4.66,3.09,9.0,1.0,1.0,0.0,0.0,0.1,0.0,1.92,34.0,3.09,0.8,4.85,3.51,10.0,0.0,1.0,0.0,0.0,0.1,0.0,2.2,1
David Sills V ,NYG,WR,9.0,6.14,8.43,1.26,13.86,2.16,80.57,12.03,9.31,20.57,9.58,0.71,0.1,0.0,0.0,0.0,0.0,0.0,0.0,0.0,0.0,0.0,8.43,1.26,13.86,2.16,0.0,0.0,0.0,0.79,8.06,1.2,0.93,0.98,1.89,6.14,0.0,0.0,0.0,0.0,0.0,0.0,1.21,12.27,1.84,1.71,1.3,2.77,6.14,0.0,0.0,0.0,0.0,0.0,0.0,1.82,16.49,2.47,2.29,1.64,3.62,6.14,0.0,0.0,0.0,0.0,0.0,0.0,2.34,2
Rashard Higgins ,FA,WR,31.0,5.25,9.71,0.79,17.13,1.4,128.92,10.4,4.96,10.79,5.13,2.1,0.16,0.68,0.05,0.0,0.0,0.0,0.0,0.0,0.0,0.0,9.71,0.79,17.13,1.4,0.0,0.0,0.0,0.56,16.97,1.37,1.23,1.27,1.58,4.02,0.93,0.2,0.1,0.0,0.03,0.02,1.42,21.83,1.76,1.64,1.54,2.0,3.78,1.17,0.1,0.2,0.0,0.03,0.03,1.8,26.68,2.16,1.94,1.82,2.42,3.82,1.03,0.1,0.3,0.0,0.04,0.05,2.14,4
Jeff Smith ,NYJ,WR,6.0,7.75,8.61,1.1,14.68,1.81,127.27,16.72,15.23,41.95,12.93,3.67,0.5,0.0,0.0,0.25,0.03,-0.25,-0.03,-0.25,0.0,0.0,8.86,1.13,14.93,1.84,0.0,0.0,0.0,0.86,12.7,1.67,1.01,2.26,2.08,7.03,0.71,0.0,0.0,0.0,0.0,0.0,1.34,17.01,2.22,1.51,2.87,2.68,7.03,0.62,0.1,0.0,0.0,0.01,0.0,1.78,21.31,2.77,2.01,3.48,3.28,7.03,0.62,0.1,0.0,0.0,0.01,0.0,2.2,4
Lil'Jordan Humphrey ,DEN,WR,8.0,4.93,4.73,0.81,7.43,1.34,78.18,12.25,12.38,22.24,9.74,2.22,0.28,0.59,0.09,0.0,0.0,0.0,0.0,0.0,0.0,0.0,4.73,0.81,7.43,1.34,0.0,0.0,0.0,0.7,11.36,1.79,1.36,1.66,2.27,4.09,0.59,0.25,0.0,0.0,0.03,0.0,1.39,13.73,2.19,1.85,1.97,2.79,4.33,0.34,0.25,0.0,0.0,0.03,0.0,1.74,16.09,2.6,2.33,2.28,3.31,4.33,0.34,0.25,0.0,0.0,0.03,0.0,2.08,4
River Cracraft ,MIA,WR,8.0,6.63,6.13,0.76,9.51,1.18,66.85,8.3,7.65,14.73,4.77,0.62,0.07,1.23,0.15,0.0,0.0,0.0,0.0,0.0,0.0,0.0,6.13,0.76,9.51,1.18,0.0,0.0,0.0,0.79,14.07,1.76,1.05,1.96,2.13,5.4,1.23,0.0,0.0,0.0,0.0,0.0,1.37,17.14,2.13,1.51,2.28,2.58,5.4,1.23,0.0,0.0,0.0,0.0,0.0,1.73,20.21,2.51,1.97,2.63,3.03,5.4,1.23,0.0,0.0,0.0,0.0,0.0,2.1,4
Marcus Johnson ,FA,WR,18.0,8.09,9.81,1.21,22.29,2.76,136.41,16.75,13.59,30.79,8.79,2.78,0.34,0.08,0.01,0.49,0.07,-0.49,-0.07,-0.25,0.0,0.0,10.3,1.28,22.78,2.83,0.0,0.0,0.0,0.88,14.06,1.72,0.48,2.54,2.14,7.67,0.0,0.38,0.04,0.0,0.06,0.01,1.33,18.97,2.32,0.72,3.29,2.81,7.63,0.04,0.38,0.04,0.0,0.06,0.01,1.7,23.87,2.93,0.96,4.05,3.46,7.28,0.38,0.38,0.04,0.0,0.06,0.01,2.06,4
Brandon Powell ,MIN,WR,4.0,13.97,16.62,0.99,22.36,1.33,107.08,6.36,4.76,11.59,3.98,0.0,0.0,0.21,0.01,11.1,0.65,52.0,3.07,3.38,0.0,0.0,27.72,1.64,33.46,1.98,0.1,0.01,0.01,0.94,18.47,1.27,0.61,2.29,1.64,12.87,1.1,0.0,0.0,0.0,0.0,0.0,1.18,26.78,1.76,0.93,2.67,2.25,13.13,0.85,0.0,0.0,0.0,0.0,0.0,1.6,35.09,2.25,1.25,3.09,2.84,12.49,0.85,0.64,0.0,0.0,0.04,0.0,2.02,3
James Washington ,FA,WR,25.0,6.48,10.6,0.69,20.12,1.89,137.78,9.02,4.87,18.38,5.23,3.92,0.26,1.1,0.07,0.49,0.03,3.2,0.21,1.6,0.0,0.0,11.09,0.73,20.62,1.93,0.04,0.0,0.0,0.56,20.64,1.35,0.67,1.59,1.49,5.05,0.87,0.38,0.18,0.0,0.04,0.02,1.13,25.94,1.7,1.12,1.79,1.88,5.05,0.83,0.48,0.12,0.0,0.05,0.01,1.51,31.24,2.04,1.55,2.0,2.27,4.87,1.0,0.38,0.22,0.0,0.05,0.02,1.88,4
Andre Baccellia ,ARI,WR,6.0,5.0,7.0,1.4,10.0,2.0,45.0,9.0,6.43,11.0,8.2,0.0,0.0,0.0,0.0,0.0,0.0,0.0,0.0,0.0,0.0,0.0,7.0,1.4,10.0,2.0,0.0,0.0,0.0,0.72,4.5,0.9,0.7,0.32,1.9,5.0,0.0,0.0,0.0,0.0,0.0,0.0,0.99,8.0,1.6,1.2,0.6,2.98,5.0,0.0,0.0,0.0,0.0,0.0,0.0,1.5,11.5,2.3,1.7,0.87,4.01,5.0,0.0,0.0,0.0,0.0,0.0,0.0,2.0,1
Dee Eskridge ,SEA,WR,4.0,8.71,7.86,0.91,15.0,1.74,59.71,6.89,7.75,16.29,4.64,0.0,0.0,0.29,0.03,2.57,0.3,24.0,2.9,7.79,0.0,0.0,10.43,1.21,17.57,2.05,0.0,0.0,0.0,0.92,10.09,1.2,0.6,1.85,1.58,8.43,0.0,0.29,0.0,0.0,0.04,0.0,1.09,14.01,1.65,1.03,2.28,2.15,8.43,0.0,0.29,0.0,0.0,0.04,0.0,1.5,17.94,2.1,1.67,2.73,2.71,8.43,0.0,0.29,0.0,0.0,0.04,0.0,1.99,2
Anthony Schwartz ,CLE,WR,7.0,8.71,5.71,0.63,13.71,1.53,75.0,8.17,12.96,26.14,7.38,0.86,0.07,0.29,0.02,4.57,0.54,51.86,6.67,12.04,0.71,0.1,10.29,1.17,18.29,2.07,0.71,0.1,0.09,0.89,17.26,2.02,0.0,3.83,2.3,7.43,0.57,0.71,0.0,0.0,0.12,0.0,1.15,20.11,2.34,0.21,4.03,2.7,7.43,0.57,0.71,0.0,0.0,0.12,0.0,1.39,22.97,2.66,0.57,4.25,3.12,7.43,1.29,0.0,0.0,0.0,0.0,0.0,1.64,2
Brandon Johnson ,DEN,WR,6.0,5.0,6.0,1.2,14.0,2.8,42.0,8.4,7.0,12.0,4.6,0.0,0.0,1.0,0.2,0.0,0.0,0.0,0.0,0.0,0.0,0.0,6.0,1.2,14.0,2.8,1.0,0.2,0.17,0.72,8.2,1.64,0.2,3.49,1.91,4.0,1.0,0.0,0.0,0.0,0.0,0.0,0.89,11.2,2.24,0.7,3.99,2.59,4.0,1.0,0.0,0.0,0.0,0.0,0.0,1.27,14.2,2.84,1.2,4.53,3.28,4.0,1.0,0.0,0.0,0.0,0.0,0.0,1.66,1
James Proche II ,BAL,WR,5.0,10.92,9.33,1.02,16.33,1.67,92.97,10.82,9.64,17.33,5.69,0.77,0.11,0.0,0.0,0.0,0.0,0.0,0.0,0.0,0.0,0.0,9.33,1.02,16.33,1.67,0.0,0.0,0.0,0.96,8.66,1.03,0.38,1.46,1.35,10.41,0.51,0.0,0.0,0.0,0.0,0.0,0.84,13.32,1.54,0.64,2.11,1.92,10.41,0.26,0.26,0.0,0.0,0.04,0.0,1.19,17.99,2.05,0.9,2.79,2.48,10.41,0.0,0.51,0.0,0.0,0.1,0.0,1.54,3
Amari Rodgers ,HOU,WR,5.0,15.29,12.57,0.84,20.14,1.34,158.57,10.52,12.32,31.86,8.0,2.86,0.19,0.71,0.05,1.71,0.11,8.14,0.53,5.64,0.0,0.0,14.29,0.95,21.86,1.45,1.43,0.09,0.08,1.0,18.1,1.2,0.0,2.52,1.47,14.57,0.0,0.71,0.0,0.0,0.05,0.0,0.84,24.39,1.62,0.29,2.94,1.97,14.57,0.0,0.71,0.0,0.0,0.05,0.0,1.18,30.67,2.04,1.0,3.39,2.46,14.57,0.0,0.71,0.0,0.0,0.05,0.0,1.73,2
Ja'Marcus Bradley ,PIT,WR,5.0,3.71,4.29,1.19,6.0,1.76,62.86,17.14,14.86,32.71,10.49,1.71,0.45,0.0,0.0,0.0,0.0,0.0,0.0,0.0,0.0,0.0,4.29,1.19,6.0,1.76,0.0,0.0,0.0,0.62,6.29,1.71,0.64,2.54,2.17,3.43,0.29,0.0,0.0,0.0,0.0,0.0,0.9,8.43,2.31,1.0,3.32,2.81,3.43,0.29,0.0,0.0,0.0,0.0,0.0,1.18,10.57,2.91,1.36,4.11,3.45,3.43,0.29,0.0,0.0,0.0,0.0,0.0,1.46,3
Albert Wilson ,FA,WR,32.0,5.35,8.71,0.83,13.37,1.27,73.54,7.0,2.68,19.02,4.45,1.31,0.13,0.04,0.0,1.31,0.13,6.61,0.62,1.55,0.0,0.0,10.02,0.95,14.68,1.4,0.0,0.0,0.0,0.69,8.31,0.78,0.51,0.95,0.95,4.9,0.17,0.27,0.0,0.0,0.03,0.0,0.79,12.67,1.2,0.92,1.12,1.43,4.86,0.17,0.32,0.0,0.0,0.03,0.0,1.18,17.02,1.61,1.36,1.33,1.9,4.86,0.17,0.32,0.0,0.0,0.03,0.0,1.58,4
Jameson Williams ,DET,WR,6.0,6.0,1.0,0.17,9.0,1.5,41.0,6.83,41.0,41.0,6.83,3.0,0.5,1.0,0.17,1.0,0.17,40.0,6.67,40.0,0.0,0.0,2.0,0.33,10.0,1.67,0.0,0.0,0.0,0.78,14.1,2.35,0.0,4.12,2.62,5.0,0.0,1.0,0.0,0.0,0.2,0.0,1.13,14.6,2.43,0.0,4.31,2.76,5.0,1.0,0.0,0.0,0.0,0.0,0.0,1.1,15.1,2.52,0.0,4.5,2.91,5.0,1.0,0.0,0.0,0.0,0.0,0.0,1.16,1
Kyle Philips ,TEN,WR,2.0,4.0,8.0,2.0,13.0,3.25,78.0,19.5,9.75,21.0,8.25,2.0,0.5,0.0,0.0,0.0,0.0,0.0,0.0,0.0,0.0,0.0,8.0,2.0,13.0,3.25,2.0,0.5,0.25,0.65,3.8,0.95,0.35,2.6,1.19,4.0,0.0,0.0,0.0,0.0,0.0,0.0,0.66,7.8,1.95,0.6,3.87,2.28,3.0,1.0,0.0,0.0,0.0,0.0,0.0,1.05,11.8,2.95,0.85,5.19,3.29,3.0,1.0,0.0,0.0,0.0,0.0,0.0,1.42,1
Simi Fehoko ,DAL,WR,5.0,3.0,3.0,1.0,4.0,1.33,24.0,8.0,8.0,12.0,6.33,0.0,0.0,0.0,0.0,0.0,0.0,0.0,0.0,0.0,0.0,0.0,3.0,1.0,4.0,1.33,0.0,0.0,0.0,0.56,2.4,0.8,1.2,0.69,1.39,3.0,0.0,0.0,0.0,0.0,0.0,0.0,0.73,3.9,1.3,1.7,1.15,2.05,3.0,0.0,0.0,0.0,0.0,0.0,0.0,1.02,5.4,1.8,2.2,1.64,2.68,3.0,0.0,0.0,0.0,0.0,0.0,0.0,1.3,1
Keke Coutee ,FA,WR,36.0,5.74,4.98,0.83,6.22,0.97,62.97,8.92,15.2,21.86,5.65,1.68,0.21,0.3,0.04,0.08,0.01,0.55,0.06,0.28,0.04,0.0,5.06,0.83,6.3,0.97,0.95,0.13,0.63,0.71,6.66,0.91,0.87,0.56,0.88,5.17,0.47,0.0,0.1,0.0,0.01,0.03,0.73,9.15,1.32,1.16,0.79,1.24,5.03,0.41,0.2,0.1,0.0,0.06,0.05,0.97,11.64,1.74,1.51,1.03,1.57,5.03,0.41,0.2,0.0,0.1,0.06,0.05,1.19,4
Michael Woods II ,CLE,WR,9.0,8.0,5.0,0.62,10.0,1.25,45.0,5.62,9.0,15.0,5.62,0.0,0.0,0.0,0.0,1.0,0.12,-5.0,-0.62,-5.0,0.0,0.0,6.0,0.75,11.0,1.38,0.0,0.0,0.0,0.88,4.0,0.5,0.25,0.67,0.88,8.0,0.0,0.0,0.0,0.0,0.0,0.0,0.57,6.5,0.81,0.7,0.85,1.38,8.0,0.0,0.0,0.0,0.0,0.0,0.0,0.95,9.0,1.12,1.2,1.07,1.86,8.0,0.0,0.0,0.0,0.0,0.0,0.0,1.34,1
Michael Bandy ,FA,WR,26.0,6.29,7.14,0.89,15.0,1.87,63.57,7.94,6.36,17.86,4.91,1.43,0.18,0.0,0.0,0.0,0.0,0.0,0.0,0.0,0.0,0.0,7.14,0.89,15.0,1.87,0.0,0.0,0.0,0.75,6.36,0.79,0.14,1.31,1.09,6.29,0.0,0.0,0.0,0.0,0.0,0.0,0.66,9.93,1.24,0.32,1.74,1.63,6.29,0.0,0.0,0.0,0.0,0.0,0.0,0.94,13.5,1.69,0.68,2.24,2.14,6.29,0.0,0.0,0.0,0.0,0.0,0.0,1.29,2
Dazz Newsome ,SF,WR,5.0,3.0,2.0,0.67,5.0,1.67,23.0,7.67,11.5,13.0,7.67,0.0,0.0,0.0,0.0,0.0,0.0,0.0,0.0,0.0,0.0,0.0,2.0,0.67,5.0,1.67,0.0,0.0,0.0,0.56,2.3,0.77,1.0,0.68,1.34,3.0,0.0,0.0,0.0,0.0,0.0,0.0,0.68,3.3,1.1,1.5,0.96,1.82,3.0,0.0,0.0,0.0,0.0,0.0,0.0,0.93,4.3,1.43,2.0,1.25,2.28,3.0,0.0,0.0,0.0,0.0,0.0,0.0,1.17,2
Tyron Johnson ,SF,WR,7.0,4.31,3.21,0.57,4.59,0.73,50.05,6.55,9.22,13.33,5.76,1.95,0.16,0.31,0.03,0.31,0.03,1.74,0.15,0.58,0.0,0.0,3.51,0.59,4.9,0.75,0.0,0.0,0.0,0.6,7.03,0.82,0.69,0.94,1.14,3.9,0.1,0.31,0.0,0.0,0.03,0.0,0.71,8.63,1.11,0.93,1.28,1.52,3.9,0.1,0.31,0.0,0.0,0.03,0.0,0.88,10.23,1.39,1.17,1.64,1.88,3.9,0.1,0.21,0.1,0.0,0.03,0.01,1.06,3
Mike Thomas ,BAL,WR,4.0,6.81,3.82,0.52,11.13,1.78,49.76,7.47,15.54,28.21,7.13,1.43,0.26,0.1,0.01,0.1,0.01,0.1,0.01,0.1,0.0,0.0,3.92,0.52,11.23,1.79,0.1,0.01,0.01,0.79,6.61,1.02,0.12,1.47,1.47,6.71,0.1,0.0,0.0,0.0,0.0,0.0,0.7,8.52,1.28,0.25,1.74,1.83,6.71,0.0,0.1,0.0,0.0,0.01,0.0,0.88,10.43,1.54,0.37,2.01,2.19,6.71,0.0,0.1,0.0,0.0,0.01,0.0,1.06,4
Brandon Zylstra ,FA,WR,39.0,6.08,5.04,0.43,7.02,0.6,69.2,5.87,5.09,17.88,3.85,1.98,0.17,0.25,0.02,0.1,0.01,0.1,0.01,0.1,0.0,0.0,5.14,0.43,7.12,0.6,0.0,0.0,0.0,0.65,8.41,0.71,0.43,0.98,0.86,5.55,0.25,0.29,0.0,0.0,0.03,0.0,0.65,10.93,0.92,0.68,1.17,1.1,5.55,0.25,0.29,0.0,0.0,0.03,0.0,0.87,13.45,1.14,0.87,1.37,1.35,5.3,0.49,0.29,0.0,0.0,0.03,0.0,1.07,4
Austin Trammell ,LAR,WR,6.0,2.0,2.0,1.0,4.0,2.0,13.0,6.5,6.5,8.0,6.5,0.0,0.0,0.0,0.0,0.0,0.0,0.0,0.0,0.0,0.0,0.0,2.0,1.0,4.0,2.0,0.0,0.0,0.0,0.44,1.3,0.65,0.65,0.21,1.52,2.0,0.0,0.0,0.0,0.0,0.0,0.0,0.52,2.3,1.15,1.15,0.21,2.77,2.0,0.0,0.0,0.0,0.0,0.0,0.0,0.87,3.3,1.65,1.65,0.21,4.1,2.0,0.0,0.0,0.0,0.0,0.0,0.0,1.23,1
Malik Turner ,IND,WR,7.0,4.14,3.55,0.46,4.81,0.62,46.35,5.89,3.7,16.33,4.24,1.3,0.16,0.78,0.11,0.0,0.0,0.0,0.0,0.0,0.0,0.0,3.55,0.46,4.81,0.62,0.0,0.0,0.0,0.59,9.31,1.24,0.32,1.8,1.24,3.61,0.04,0.0,0.49,0.0,0.1,0.1,0.72,11.08,1.47,0.47,2.01,1.47,3.61,0.04,0.0,0.49,0.0,0.1,0.1,0.86,12.85,1.7,0.61,2.22,1.71,3.57,0.08,0.0,0.49,0.0,0.1,0.1,1.01,4
Deven Thompkins ,TB,WR,4.0,5.0,5.0,1.0,10.0,2.0,32.0,6.4,6.4,13.0,4.0,0.0,0.0,0.0,0.0,2.0,0.4,26.0,5.2,13.0,0.0,0.0,7.0,1.4,12.0,2.4,0.0,0.0,0.0,0.72,5.8,1.16,0.0,1.84,1.58,5.0,0.0,0.0,0.0,0.0,0.0,0.0,0.69,8.3,1.66,0.0,2.7,2.12,5.0,0.0,0.0,0.0,0.0,0.0,0.0,0.86,10.8,2.16,0.0,3.56,2.65,4.0,1.0,0.0,0.0,0.0,0.0,0.0,1.03,1
Jalen Virgil ,DEN,WR,10.0,7.0,2.0,0.29,5.0,0.71,75.0,10.71,37.5,66.0,10.71,4.0,0.57,1.0,0.14,0.0,0.0,0.0,0.0,0.0,0.0,0.0,2.0,0.29,5.0,0.71,1.0,0.14,0.5,0.84,11.5,1.64,0.0,4.91,1.75,6.0,0.0,1.0,0.0,0.0,0.17,0.0,0.79,12.5,1.79,0.0,5.09,1.95,6.0,0.0,1.0,0.0,0.0,0.17,0.0,0.86,13.5,1.93,0.0,5.27,2.14,6.0,0.0,1.0,0.0,0.0,0.17,0.0,0.94,1
Andy Isabella ,BAL,WR,6.0,5.07,3.9,0.57,7.29,1.15,45.65,6.49,11.55,18.76,5.96,0.91,0.07,0.24,0.02,0.87,0.17,0.62,0.15,0.17,0.0,0.0,4.77,0.74,8.16,1.32,0.0,0.0,0.0,0.68,6.05,0.77,0.42,1.15,1.16,4.8,0.14,0.0,0.14,0.0,0.01,0.01,0.63,8.0,1.06,0.68,1.45,1.54,4.8,0.14,0.0,0.14,0.0,0.01,0.01,0.85,9.95,1.34,0.9,1.76,1.91,4.8,0.14,0.04,0.1,0.0,0.01,0.01,1.04,4
Dax Milne ,WAS,WR,5.0,13.29,6.86,0.57,9.0,0.78,50.14,4.4,7.04,14.86,4.14,0.29,0.03,0.71,0.05,0.29,0.03,0.29,0.03,0.29,0.0,0.0,7.14,0.6,9.29,0.81,0.29,0.03,0.03,0.98,8.76,0.67,0.14,1.44,0.98,12.57,0.71,0.0,0.0,0.0,0.0,0.0,0.57,12.19,0.95,0.31,1.59,1.42,12.57,0.71,0.0,0.0,0.0,0.0,0.0,0.83,15.61,1.24,0.46,1.78,1.84,13.29,0.0,0.0,0.0,0.0,0.0,0.0,1.07,2
Tylan Wallace ,BAL,WR,7.0,7.14,3.43,0.54,6.71,1.01,30.14,4.59,9.18,13.71,4.59,0.0,0.0,0.0,0.0,0.0,0.0,0.0,0.0,0.0,0.0,0.0,3.43,0.54,6.71,1.01,0.0,0.0,0.0,0.83,3.01,0.46,0.43,0.52,0.86,7.14,0.0,0.0,0.0,0.0,0.0,0.0,0.55,4.73,0.72,0.79,0.74,1.28,7.14,0.0,0.0,0.0,0.0,0.0,0.0,0.82,6.44,0.99,1.14,0.97,1.68,7.14,0.0,0.0,0.0,0.0,0.0,0.0,1.09,2
Cade Johnson ,SEA,WR,5.0,2.0,2.0,1.0,4.0,2.0,21.0,10.5,10.5,11.0,5.5,0.0,0.0,0.0,0.0,0.0,0.0,0.0,0.0,0.0,0.0,0.0,2.0,1.0,4.0,2.0,0.0,0.0,0.0,0.44,2.1,1.05,1.05,1.48,1.51,2.0,0.0,0.0,0.0,0.0,0.0,0.0,0.6,3.1,1.55,1.55,2.19,2.09,2.0,0.0,0.0,0.0,0.0,0.0,0.0,0.81,4.1,2.05,2.05,2.9,2.65,2.0,0.0,0.0,0.0,0.0,0.0,0.0,1.02,1
Chester Rogers ,FA,WR,37.0,6.95,8.9,0.57,12.97,0.84,90.07,5.79,3.23,11.84,3.41,1.18,0.08,0.36,0.02,0.32,0.02,3.25,0.22,3.25,0.0,0.0,9.21,0.59,13.29,0.86,1.0,0.25,inf,0.7,9.5,0.25,0.43,1.56,0.2,6.04,0.86,0.04,0.0,0.0,0.0,0.0,0.51,13.94,0.53,0.67,1.73,0.52,6.04,0.86,0.04,0.0,0.0,0.0,0.0,0.77,18.39,0.82,0.91,1.92,0.83,6.31,0.59,0.04,0.0,0.0,0.0,0.0,1.02,4
Mike Strachan ,IND,WR,5.0,4.86,2.71,0.64,7.29,1.5,49.57,10.74,17.76,21.0,7.41,1.43,0.24,0.0,0.0,0.0,0.0,0.0,0.0,0.0,0.0,0.0,2.71,0.64,7.29,1.5,0.0,0.0,0.0,0.68,4.96,1.07,0.37,1.65,1.51,4.86,0.0,0.0,0.0,0.0,0.0,0.0,0.63,6.31,1.39,0.51,2.15,1.88,4.86,0.0,0.0,0.0,0.0,0.0,0.0,0.77,7.67,1.71,0.66,2.65,2.26,4.86,0.0,0.0,0.0,0.0,0.0,0.0,0.9,2
Dennis Houston ,DAL,WR,4.0,2.0,2.0,1.0,6.0,3.0,16.0,8.0,8.0,11.0,5.5,0.0,0.0,0.0,0.0,0.0,0.0,0.0,0.0,0.0,0.0,0.0,2.0,1.0,6.0,3.0,0.0,0.0,0.0,0.44,1.6,0.8,0.8,1.13,1.23,2.0,0.0,0.0,0.0,0.0,0.0,0.0,0.54,2.6,1.3,1.3,1.84,1.83,2.0,0.0,0.0,0.0,0.0,0.0,0.0,0.75,3.6,1.8,1.8,2.55,2.4,2.0,0.0,0.0,0.0,0.0,0.0,0.0,0.97,1
Jake Kumerow ,FA,WR,34.0,5.95,3.53,0.61,6.71,1.15,57.1,9.84,16.19,31.81,7.86,1.61,0.28,0.14,0.02,0.0,0.0,0.0,0.0,0.0,0.0,0.0,3.53,0.61,6.71,1.15,0.0,0.0,0.0,0.77,6.54,1.1,0.03,1.96,1.46,5.81,0.1,0.04,0.0,0.0,0.0,0.0,0.6,8.3,1.41,0.05,2.34,1.84,5.81,0.1,0.04,0.0,0.0,0.0,0.0,0.74,10.07,1.71,0.07,2.73,2.22,5.81,0.1,0.04,0.0,0.0,0.0,0.0,0.88,4
Penny Hart ,SEA,WR,6.0,6.33,3.82,0.8,5.74,1.12,28.26,5.56,6.74,14.03,5.47,0.0,0.0,0.0,0.0,0.1,0.01,1.95,0.15,1.95,0.0,0.0,3.92,0.81,5.85,1.12,0.0,0.0,0.0,0.72,3.02,0.57,0.19,0.71,0.99,6.33,0.0,0.0,0.0,0.0,0.0,0.0,0.42,4.93,0.97,0.56,0.8,1.69,6.33,0.0,0.0,0.0,0.0,0.0,0.0,0.73,6.84,1.37,0.95,0.89,2.43,6.33,0.0,0.0,0.0,0.0,0.0,0.0,1.04,3
Cody Hollister ,TEN,WR,6.0,4.83,3.01,0.7,4.98,1.15,43.07,8.94,14.55,21.69,7.76,1.23,0.2,0.0,0.0,0.0,0.0,0.0,0.0,0.0,0.0,0.0,3.01,0.7,4.98,1.15,0.0,0.0,0.0,0.69,4.31,0.89,0.21,1.22,1.36,4.83,0.0,0.0,0.0,0.0,0.0,0.0,0.55,5.81,1.25,0.35,1.6,1.83,4.83,0.0,0.0,0.0,0.0,0.0,0.0,0.71,7.32,1.59,0.5,1.98,2.29,4.83,0.0,0.0,0.0,0.0,0.0,0.0,0.89,4
Trinity Benson ,DET,WR,7.0,2.71,2.86,0.41,6.29,0.9,29.43,4.2,2.94,6.86,2.94,0.57,0.08,0.0,0.0,0.0,0.0,0.0,0.0,0.0,0.0,0.0,2.86,0.41,6.29,0.9,0.0,0.0,0.0,0.44,2.94,0.42,0.49,0.33,0.64,2.71,0.0,0.0,0.0,0.0,0.0,0.0,0.5,4.37,0.63,0.77,0.46,0.91,2.71,0.0,0.0,0.0,0.0,0.0,0.0,0.71,5.8,0.83,0.97,0.6,1.16,2.71,0.0,0.0,0.0,0.0,0.0,0.0,0.88,2
Jalen Tolbert ,DAL,WR,6.0,3.0,2.0,0.67,3.0,1.0,12.0,4.0,6.0,8.0,4.0,0.0,0.0,0.0,0.0,0.0,0.0,0.0,0.0,0.0,0.0,0.0,2.0,0.67,3.0,1.0,0.0,0.0,0.0,0.56,1.2,0.4,0.4,0.4,0.8,3.0,0.0,0.0,0.0,0.0,0.0,0.0,0.36,2.2,0.73,0.9,0.67,1.33,3.0,0.0,0.0,0.0,0.0,0.0,0.0,0.62,3.2,1.07,1.4,0.95,1.82,3.0,0.0,0.0,0.0,0.0,0.0,0.0,0.86,1
Racey McMath ,TEN,WR,5.0,4.57,2.0,0.45,7.43,1.71,30.86,7.52,15.43,30.43,7.57,1.43,0.36,0.0,0.0,0.71,0.18,2.86,0.71,2.86,0.0,0.0,2.71,0.63,8.14,1.89,0.29,0.05,0.14,0.69,2.8,0.73,0.18,1.62,0.97,4.57,0.0,0.0,0.0,0.0,0.0,0.0,0.46,3.8,0.96,0.36,1.74,1.3,4.57,0.0,0.0,0.0,0.0,0.0,0.0,0.61,4.8,1.18,0.54,1.88,1.64,4.57,0.0,0.0,0.0,0.0,0.0,0.0,0.77,2
Ihmir Smith-Marsette ,KC,WR,4.0,4.57,2.14,0.42,4.57,1.0,43.86,8.2,17.34,23.29,5.39,1.71,0.29,0.57,0.09,0.71,0.18,-0.71,-0.18,-0.71,0.0,0.0,2.86,0.59,5.29,1.18,0.71,0.18,0.36,0.69,6.31,1.02,0.05,2.06,0.87,4.0,0.29,0.0,0.29,0.0,0.06,0.07,0.46,7.39,1.23,0.16,2.08,1.18,4.0,0.29,0.0,0.29,0.0,0.06,0.07,0.59,8.46,1.43,0.23,2.4,1.54,4.29,0.0,0.0,0.29,0.0,0.06,0.06,0.73,2
Stone Smartt ,LAC,WR,4.0,3.0,4.0,1.33,5.0,1.67,17.0,5.67,4.25,8.0,6.33,0.0,0.0,0.0,0.0,0.0,0.0,0.0,0.0,0.0,0.0,0.0,4.0,1.33,5.0,1.67,0.0,0.0,0.0,0.56,0.0,0.0,0.0,0.0,0.0,3.0,0.0,0.0,0.0,0.0,0.0,0.0,0.09,2.0,0.67,0.5,0.29,1.49,3.0,0.0,0.0,0.0,0.0,0.0,0.0,0.59,4.0,1.33,1.0,0.58,2.58,3.0,0.0,0.0,0.0,0.0,0.0,0.0,0.99,1
Miles Boykin ,FA,WR,40.0,8.86,3.86,0.4,6.21,0.57,42.26,3.54,6.84,14.46,3.09,0.83,0.05,0.51,0.03,0.0,0.0,0.0,0.0,0.0,0.0,0.0,3.86,0.4,6.21,0.57,0.0,0.0,0.0,0.84,7.3,0.55,0.23,0.79,0.76,8.34,0.32,0.2,0.0,0.0,0.01,0.0,0.44,9.23,0.74,0.35,1.02,1.05,8.44,0.32,0.1,0.0,0.0,0.01,0.0,0.59,11.16,0.94,0.47,1.27,1.33,8.52,0.3,0.04,0.0,0.0,0.0,0.0,0.73,4
Pharoh Cooper ,ARI,WR,8.0,7.14,3.69,0.48,6.03,0.74,28.59,2.94,5.7,9.8,2.05,0.35,0.02,0.04,0.0,2.75,0.53,10.05,1.95,3.13,0.0,0.0,6.44,1.0,8.78,1.26,0.0,0.0,0.0,0.8,4.1,0.51,0.07,0.78,0.84,7.1,0.0,0.04,0.0,0.0,0.0,0.0,0.44,5.95,0.74,0.11,1.17,1.15,7.1,0.0,0.04,0.0,0.0,0.0,0.0,0.58,7.8,0.98,0.14,1.59,1.45,7.0,0.1,0.04,0.0,0.0,0.0,0.0,0.7,4
Gunner Olszewski ,PIT,WR,7.0,14.77,4.14,0.28,5.7,0.39,47.72,3.29,12.24,29.39,2.93,1.71,0.11,0.1,0.01,5.67,0.38,28.5,1.91,5.67,0.0,0.0,9.81,0.67,11.36,0.77,0.66,0.05,0.07,1.0,7.49,0.52,0.12,1.25,0.76,14.67,0.0,0.0,0.1,0.0,0.01,0.01,0.48,9.57,0.66,0.12,1.46,0.96,14.67,0.0,0.0,0.1,0.0,0.01,0.01,0.57,11.64,0.8,0.12,1.7,1.16,14.67,0.0,0.0,0.1,0.0,0.01,0.01,0.66,4
Kevin White ,FA,WR,38.0,5.18,1.54,0.28,4.49,0.85,57.18,10.34,33.46,50.77,10.34,3.08,0.56,0.0,0.0,0.0,0.0,0.0,0.0,0.0,0.0,0.0,1.54,0.28,4.49,0.85,0.0,0.0,0.0,0.72,5.72,1.03,0.0,2.13,1.32,4.54,0.64,0.0,0.0,0.0,0.0,0.0,0.51,6.49,1.17,0.0,2.32,1.51,5.18,0.0,0.0,0.0,0.0,0.0,0.0,0.57,7.26,1.31,0.0,2.52,1.7,5.18,0.0,0.0,0.0,0.0,0.0,0.0,0.63,3
Trent Taylor ,CIN,WR,5.0,12.51,5.38,0.46,9.33,0.77,59.08,5.85,12.76,31.44,4.63,1.74,0.16,0.0,0.0,2.56,0.16,9.62,0.6,2.4,0.0,0.0,7.95,0.61,11.9,0.94,0.64,0.04,0.06,0.91,5.59,0.57,0.04,1.45,0.81,12.51,0.0,0.0,0.0,0.0,0.0,0.0,0.41,8.28,0.79,0.07,1.78,1.11,12.51,0.0,0.0,0.0,0.0,0.0,0.0,0.55,10.97,1.02,0.09,2.14,1.4,12.51,0.0,0.0,0.0,0.0,0.0,0.0,0.69,3
Keith Kirkwood ,NO,WR,6.0,2.72,2.07,0.76,4.38,1.59,16.55,6.37,8.22,11.63,5.55,0.0,0.0,0.0,0.0,0.0,0.0,0.0,0.0,0.0,0.0,0.0,2.07,0.76,4.38,1.59,0.0,0.0,0.0,0.52,1.66,0.64,0.37,0.68,0.86,2.72,0.0,0.0,0.0,0.0,0.0,0.0,0.35,2.69,1.01,0.73,1.04,1.32,2.72,0.0,0.0,0.0,0.0,0.0,0.0,0.55,3.72,1.4,1.09,1.41,1.76,2.72,0.0,0.0,0.0,0.0,0.0,0.0,0.74,4
Juwann Winfree ,FA,WR,30.0,3.39,2.59,0.6,5.67,1.46,24.75,6.35,12.25,13.42,5.26,0.0,0.0,0.0,0.0,0.0,0.0,0.0,0.0,0.0,0.0,0.0,2.59,0.6,5.67,1.46,0.25,0.05,0.03,0.59,1.98,0.54,0.0,0.95,0.83,3.39,0.0,0.0,0.0,0.0,0.0,0.0,0.32,3.28,0.83,0.27,1.29,1.22,3.39,0.0,0.0,0.0,0.0,0.0,0.0,0.53,4.57,1.14,0.54,1.67,1.59,3.39,0.0,0.0,0.0,0.0,0.0,0.0,0.72,4
C.J. Board ,TEN,WR,7.0,5.48,2.76,0.42,3.83,0.55,27.43,4.03,8.35,15.54,3.78,0.53,0.09,0.0,0.0,0.34,0.05,1.77,0.27,1.77,0.0,0.0,3.11,0.46,4.17,0.6,0.0,0.0,0.0,0.72,2.92,0.43,0.22,0.67,0.7,5.48,0.0,0.0,0.0,0.0,0.0,0.0,0.37,4.3,0.64,0.31,0.93,1.01,5.48,0.0,0.0,0.0,0.0,0.0,0.0,0.51,5.68,0.85,0.43,1.19,1.31,5.48,0.0,0.0,0.0,0.0,0.0,0.0,0.66,4
Josh Gordon ,FA,WR,33.0,3.62,2.55,0.26,6.56,1.3,27.37,2.67,2.44,5.54,1.99,0.61,0.06,0.32,0.03,0.04,0.0,0.04,0.0,0.04,0.0,0.0,2.59,0.26,6.61,1.3,0.0,0.0,0.0,0.49,4.6,0.47,0.15,0.78,0.58,3.26,0.32,0.04,0.0,0.0,0.0,0.0,0.38,5.87,0.6,0.19,0.89,0.73,3.22,0.32,0.09,0.0,0.0,0.01,0.0,0.47,7.15,0.73,0.24,1.01,0.89,3.22,0.32,0.09,0.0,0.0,0.01,0.0,0.55,4
Tim Jones ,JAC,WR,6.0,7.0,3.0,0.43,4.0,0.57,30.0,4.29,10.0,20.0,4.29,1.0,0.14,0.0,0.0,0.0,0.0,0.0,0.0,0.0,0.0,0.0,3.0,0.43,4.0,0.57,0.0,0.0,0.0,0.84,3.0,0.43,0.0,0.74,0.73,7.0,0.0,0.0,0.0,0.0,0.0,0.0,0.32,4.5,0.64,0.0,0.95,1.07,7.0,0.0,0.0,0.0,0.0,0.0,0.0,0.45,6.0,0.86,0.0,1.19,1.38,7.0,0.0,0.0,0.0,0.0,0.0,0.0,0.57,1
Jaelon Darden ,CLE,WR,11.0,12.57,3.14,0.29,4.86,0.48,30.86,2.69,11.33,26.14,2.6,1.0,0.08,0.0,0.0,1.0,0.08,4.57,0.45,4.57,0.0,0.0,4.14,0.37,5.86,0.56,0.0,0.0,0.0,0.98,3.54,0.31,0.0,0.75,0.52,12.57,0.0,0.0,0.0,0.0,0.0,0.0,0.28,5.11,0.46,0.14,0.93,0.75,12.57,0.0,0.0,0.0,0.0,0.0,0.0,0.43,6.69,0.61,0.29,1.15,0.95,12.57,0.0,0.0,0.0,0.0,0.0,0.0,0.58,2
John Hightower ,LAC,WR,5.0,4.43,2.86,0.22,8.29,0.64,47.71,3.67,4.77,16.86,3.14,2.29,0.18,0.0,0.0,0.29,0.02,0.29,0.02,0.29,0.0,0.0,3.14,0.24,8.57,0.66,0.0,0.0,0.0,0.49,5.37,0.41,0.03,0.61,0.54,4.43,0.0,0.0,0.0,0.0,0.0,0.0,0.32,6.8,0.52,0.09,0.69,0.69,4.43,0.0,0.0,0.0,0.0,0.0,0.0,0.41,8.23,0.63,0.23,0.77,0.83,4.43,0.0,0.0,0.0,0.0,0.0,0.0,0.54,3
Demetric Felton Jr. ,CLE,WR,10.0,8.57,6.57,0.58,8.86,0.88,57.43,4.4,5.73,13.0,3.41,0.86,0.06,0.57,0.04,2.71,0.26,4.0,-0.02,-1.88,0.0,0.0,9.29,0.83,11.57,1.13,0.0,0.0,0.0,0.84,0.0,0.0,0.0,0.0,0.0,8.57,0.0,0.0,0.0,0.0,0.0,0.0,0.1,3.29,0.29,0.14,0.35,0.59,8.57,0.0,0.0,0.0,0.0,0.0,0.0,0.41,6.57,0.58,0.29,0.7,1.03,8.57,0.0,0.0,0.0,0.0,0.0,0.0,0.65,2
Vyncint Smith ,IND,WR,6.0,3.87,2.0,0.16,4.59,0.98,26.41,2.13,4.69,7.13,1.67,0.62,0.04,0.0,0.0,0.31,0.02,5.33,0.38,1.78,0.1,0.01,2.31,0.18,4.9,1.0,0.1,0.01,0.01,0.5,3.58,0.28,0.23,0.39,0.38,3.77,0.1,0.0,0.0,0.0,0.0,0.0,0.3,4.58,0.36,0.31,0.47,0.49,3.67,0.21,0.0,0.0,0.0,0.0,0.0,0.38,5.58,0.44,0.38,0.56,0.59,3.77,0.1,0.0,0.0,0.0,0.0,0.0,0.46,4
Tyrie Cleveland ,PHI,WR,5.0,5.26,1.9,0.32,5.67,1.05,24.41,4.24,10.05,12.0,2.41,0.0,0.0,0.0,0.0,0.0,0.0,0.0,0.0,0.0,0.0,0.0,1.9,0.32,5.67,1.05,0.0,0.0,0.0,0.73,2.44,0.42,0.0,0.95,0.63,5.26,0.0,0.0,0.0,0.0,0.0,0.0,0.29,3.39,0.58,0.0,1.3,0.83,5.26,0.0,0.0,0.0,0.0,0.0,0.0,0.36,4.34,0.74,0.0,1.65,1.03,5.15,0.1,0.0,0.0,0.0,0.0,0.0,0.43,3
DJ Turner ,LV,WR,8.0,6.0,0.0,0.0,1.0,0.17,0.0,0.0,0.0,0.0,0.0,0.0,0.0,0.0,0.0,4.0,0.67,26.0,4.33,6.5,0.0,0.0,4.0,0.67,5.0,0.83,0.0,0.0,0.0,0.78,2.6,0.43,0.0,0.8,0.73,6.0,0.0,0.0,0.0,0.0,0.0,0.0,0.32,2.6,0.43,0.0,0.8,0.75,6.0,0.0,0.0,0.0,0.0,0.0,0.0,0.33,2.6,0.43,0.0,0.8,0.77,6.0,0.0,0.0,0.0,0.0,0.0,0.0,0.34,1
Danny Gray ,SF,WR,6.0,7.0,1.0,0.14,7.0,1.0,10.0,1.43,10.0,10.0,1.43,0.0,0.0,0.0,0.0,1.0,0.14,9.0,1.29,9.0,0.0,0.0,2.0,0.29,8.0,1.14,0.0,0.0,0.0,0.84,1.9,0.27,0.0,0.46,0.52,7.0,0.0,0.0,0.0,0.0,0.0,0.0,0.29,2.4,0.34,0.0,0.61,0.63,7.0,0.0,0.0,0.0,0.0,0.0,0.0,0.33,2.9,0.41,0.0,0.78,0.74,7.0,0.0,0.0,0.0,0.0,0.0,0.0,0.38,1
Alex Erickson ,WAS,WR,6.0,7.63,3.62,0.22,5.73,0.36,48.09,2.96,6.14,12.34,1.98,1.07,0.07,0.0,0.0,0.69,0.04,1.99,0.12,0.4,0.0,0.0,4.31,0.27,6.42,0.4,0.28,0.02,0.01,0.66,4.5,0.27,0.07,0.57,0.37,7.41,0.14,0.04,0.04,0.0,0.01,0.0,0.24,6.3,0.39,0.11,0.74,0.49,7.33,0.12,0.14,0.04,0.0,0.01,0.0,0.32,8.11,0.5,0.14,0.9,0.62,7.33,0.12,0.14,0.04,0.0,0.01,0.0,0.39,4
Dareke Young ,SEA,WR,8.0,7.0,2.0,0.29,2.0,0.29,24.0,3.43,12.0,12.0,1.71,0.0,0.0,0.0,0.0,0.0,0.0,0.0,0.0,0.0,0.0,0.0,2.0,0.29,2.0,0.29,0.0,0.0,0.0,0.84,2.4,0.34,0.0,0.91,0.56,7.0,0.0,0.0,0.0,0.0,0.0,0.0,0.23,3.4,0.49,0.0,1.29,0.75,7.0,0.0,0.0,0.0,0.0,0.0,0.0,0.31,4.4,0.63,0.0,1.66,0.93,7.0,0.0,0.0,0.0,0.0,0.0,0.0,0.38,1
Ty Montgomery ,NE,WR,3.0,5.29,6.6,2.21,10.13,3.06,38.84,11.57,5.7,11.99,5.84,0.29,0.02,0.62,0.62,8.06,1.89,23.62,1.45,0.76,0.0,0.0,14.66,4.1,18.19,4.95,0.0,0.0,0.0,0.53,0.0,0.0,0.0,0.0,0.0,5.29,0.0,0.0,0.0,0.0,0.0,0.0,0.12,3.3,1.1,0.99,0.27,0.32,5.29,0.0,0.0,0.0,0.0,0.0,0.0,0.29,6.6,2.21,1.97,0.54,0.56,5.29,0.0,0.0,0.0,0.0,0.0,0.0,0.41,4
Jaydon Mickens ,NYG,WR,10.0,10.36,3.08,0.29,4.49,0.42,21.28,2.02,5.33,10.51,1.15,0.0,0.0,0.0,0.0,0.0,0.0,0.0,0.0,0.0,0.0,0.0,3.08,0.29,4.49,0.42,0.0,0.0,0.0,0.92,2.13,0.2,0.0,0.51,0.34,10.36,0.0,0.0,0.0,0.0,0.0,0.0,0.19,3.67,0.35,0.0,0.91,0.52,10.36,0.0,0.0,0.0,0.0,0.0,0.0,0.28,5.21,0.49,0.0,1.3,0.71,10.1,0.26,0.0,0.0,0.0,0.0,0.0,0.35,4
Braylon Sanders ,MIA,WR,6.5,2.0,2.0,1.0,3.0,1.5,17.0,8.5,8.5,13.0,6.5,0.0,0.0,0.0,0.0,0.0,0.0,0.0,0.0,0.0,0.0,0.0,2.0,1.0,3.0,1.5,1.0,0.5,0.5,0.44,-0.3,-0.15,-0.15,0.21,-0.35,2.0,0.0,0.0,0.0,0.0,0.0,0.0,-0.03,0.7,0.35,0.35,0.49,0.68,2.0,0.0,0.0,0.0,0.0,0.0,0.0,0.27,1.7,0.85,0.85,1.2,1.37,2.0,0.0,0.0,0.0,0.0,0.0,0.0,0.51,1
Dezmon Patmon ,BUF,WR,3.0,1.77,1.79,1.41,4.87,4.1,20.77,16.73,10.38,14.49,12.24,0.0,0.0,0.26,0.06,0.0,0.0,0.0,0.0,0.0,0.0,0.0,1.79,1.41,4.87,4.1,0.0,0.0,0.0,0.37,3.62,2.06,1.63,0.92,0.6,1.51,0.26,0.0,0.0,0.0,0.0,0.0,0.22,4.51,2.76,2.33,0.97,0.68,1.51,0.26,0.0,0.0,0.0,0.0,0.0,0.26,5.41,3.47,3.04,1.03,0.77,1.51,0.26,0.0,0.0,0.0,0.0,0.0,0.31,3
Montrell Washington ,DEN,WR,9.0,15.0,4.0,0.27,9.0,0.6,2.0,0.13,0.5,4.0,0.33,0.0,0.0,0.0,0.0,5.0,0.33,30.0,2.0,6.0,0.0,0.0,9.0,0.6,14.0,0.93,1.0,0.07,0.11,1.0,1.2,0.08,0.0,0.78,0.14,15.0,0.0,0.0,0.0,0.0,0.0,0.0,0.15,3.2,0.21,0.0,0.72,0.38,15.0,0.0,0.0,0.0,0.0,0.0,0.0,0.26,5.2,0.35,0.0,0.73,0.63,15.0,0.0,0.0,0.0,0.0,0.0,0.0,0.38,1
Malik Taylor ,NYJ,WR,8.0,9.29,2.86,0.3,3.86,0.42,28.86,2.69,8.77,12.43,1.95,0.57,0.04,0.29,0.02,0.29,0.02,2.57,0.17,2.57,0.0,0.0,3.14,0.32,4.14,0.44,0.71,0.1,0.36,0.89,3.43,0.19,0.0,1.22,0.25,9.0,0.29,0.0,0.0,0.0,0.0,0.0,0.16,4.86,0.35,0.0,1.5,0.48,9.0,0.29,0.0,0.0,0.0,0.0,0.0,0.25,6.29,0.49,0.0,1.83,0.69,9.0,0.29,0.0,0.0,0.0,0.0,0.0,0.34,3
Maurice Alexander ,DET,WR,8.0,3.0,1.0,0.33,1.0,0.33,7.0,2.33,7.0,7.0,2.33,0.0,0.0,0.0,0.0,0.0,0.0,0.0,0.0,0.0,0.0,0.0,1.0,0.33,1.0,0.33,0.0,0.0,0.0,0.56,0.7,0.23,0.0,0.4,0.47,3.0,0.0,0.0,0.0,0.0,0.0,0.0,0.14,1.2,0.4,0.0,0.69,0.72,3.0,0.0,0.0,0.0,0.0,0.0,0.0,0.2,1.7,0.57,0.0,0.98,0.96,3.0,0.0,0.0,0.0,0.0,0.0,0.0,0.26,1
Easop Winston Jr. ,SEA,WR,7.0,3.0,1.0,0.33,1.0,0.33,5.0,1.67,5.0,5.0,1.67,0.0,0.0,0.0,0.0,0.0,0.0,0.0,0.0,0.0,0.0,0.0,1.0,0.33,1.0,0.33,0.0,0.0,0.0,0.56,0.5,0.17,0.0,0.29,0.36,3.0,0.0,0.0,0.0,0.0,0.0,0.0,0.11,1.0,0.33,0.0,0.58,0.63,3.0,0.0,0.0,0.0,0.0,0.0,0.0,0.18,1.5,0.5,0.0,0.87,0.87,3.0,0.0,0.0,0.0,0.0,0.0,0.0,0.24,2
Mason Kinsey ,TEN,WR,8.0,1.71,0.71,0.36,0.71,0.36,2.14,1.07,2.14,2.14,1.07,0.0,0.0,0.0,0.0,0.0,0.0,0.0,0.0,0.0,0.0,0.0,0.71,0.36,0.71,0.36,0.0,0.0,0.0,0.39,0.21,0.11,0.11,0.15,0.25,1.71,0.0,0.0,0.0,0.0,0.0,0.0,0.09,0.57,0.29,0.29,0.41,0.54,1.71,0.0,0.0,0.0,0.0,0.0,0.0,0.18,0.93,0.46,0.46,0.66,0.8,1.71,0.0,0.0,0.0,0.0,0.0,0.0,0.26,2
Cody White ,PIT,WR,6.0,2.43,2.14,0.95,2.43,1.0,10.86,3.0,3.31,4.57,2.24,0.0,0.0,0.0,0.0,0.0,0.0,0.0,0.0,0.0,0.0,0.0,2.14,0.95,2.43,1.0,0.0,0.0,0.0,0.42,1.09,0.3,0.14,0.24,0.26,2.43,0.0,0.0,0.0,0.0,0.0,0.0,0.11,2.16,0.78,0.5,0.43,0.41,2.43,0.0,0.0,0.0,0.0,0.0,0.0,0.17,3.23,1.25,0.86,0.62,0.55,2.43,0.0,0.0,0.0,0.0,0.0,0.0,0.22,2
Diontae Spencer ,NYJ,WR,7.0,14.08,2.03,0.15,4.92,0.37,7.92,0.68,0.83,4.62,0.82,0.1,0.01,0.0,0.0,1.08,0.09,5.49,0.48,1.83,0.0,0.0,3.1,0.24,6.0,0.45,1.38,0.09,1.29,1.0,0.11,0.07,0.0,1.0,0.03,13.82,0.26,0.0,0.0,0.0,0.0,0.0,0.06,1.12,0.15,0.0,1.03,0.16,14.08,0.0,0.0,0.0,0.0,0.0,0.0,0.11,2.14,0.22,0.0,1.09,0.27,14.08,0.0,0.0,0.0,0.0,0.0,0.0,0.17,4
Andre Roberts ,FA,WR,41.0,7.78,0.76,0.05,1.26,0.08,12.76,0.82,9.72,10.47,0.81,0.49,0.03,0.0,0.0,0.88,0.06,4.66,0.29,1.54,0.0,0.0,1.64,0.11,2.14,0.14,0.69,0.04,0.16,0.73,1.84,0.12,0.0,0.48,0.17,7.53,0.25,0.0,0.0,0.0,0.0,0.0,0.09,2.22,0.14,0.0,0.51,0.21,7.78,0.0,0.0,0.0,0.0,0.0,0.0,0.11,2.6,0.17,0.0,0.55,0.26,7.78,0.0,0.0,0.0,0.0,0.0,0.0,0.13,4
Daurice Fountain ,CHI,WR,7.0,2.03,0.51,0.1,0.77,0.15,5.9,1.18,2.95,3.08,0.62,0.0,0.0,0.0,0.0,0.0,0.0,0.0,0.0,0.0,0.0,0.0,0.51,0.1,0.77,0.15,0.0,0.0,0.0,0.39,0.59,0.12,0.0,0.26,0.19,2.03,0.0,0.0,0.0,0.0,0.0,0.0,0.07,0.85,0.17,0.0,0.38,0.25,2.03,0.0,0.0,0.0,0.0,0.0,0.0,0.09,1.1,0.22,0.0,0.49,0.32,2.03,0.0,0.0,0.0,0.0,0.0,0.0,0.11,4
Frank Darby ,ATL,WR,3.5,1.86,1.0,0.79,1.86,1.0,14.71,11.71,14.71,14.71,11.71,0.0,0.0,0.0,0.0,0.0,0.0,0.0,0.0,0.0,0.0,0.0,1.0,0.79,1.86,1.0,0.0,0.0,0.0,0.39,1.47,1.17,1.07,0.2,0.17,1.86,0.0,0.0,0.0,0.0,0.0,0.0,0.07,1.97,1.57,1.43,0.27,0.23,1.86,0.0,0.0,0.0,0.0,0.0,0.0,0.08,2.47,1.96,1.79,0.34,0.28,1.86,0.0,0.0,0.0,0.0,0.0,0.0,0.1,2
Marcus Kemp ,WAS,WR,7.0,5.21,0.59,0.05,1.33,0.11,7.0,0.6,4.04,5.02,0.6,0.0,0.0,0.0,0.0,0.0,0.0,0.0,0.0,0.0,0.0,0.0,0.59,0.05,1.33,0.11,0.0,0.0,0.0,0.62,0.7,0.06,0.0,0.16,0.12,5.21,0.0,0.0,0.0,0.0,0.0,0.0,0.06,1.0,0.08,0.0,0.22,0.16,5.21,0.0,0.0,0.0,0.0,0.0,0.0,0.08,1.29,0.11,0.0,0.28,0.2,5.21,0.0,0.0,0.0,0.0,0.0,0.0,0.1,4
Lance McCutcheon ,LAR,WR,7.0,4.0,0.0,0.0,5.0,1.25,0.0,0.0,0.0,0.0,0.0,0.0,0.0,0.0,0.0,0.0,0.0,0.0,0.0,0.0,0.0,0.0,0.0,0.0,5.0,1.25,0.0,0.0,0.0,0.65,0.0,0.0,0.0,0.0,0.0,4.0,0.0,0.0,0.0,0.0,0.0,0.0,0.08,0.0,0.0,0.0,0.0,0.0,4.0,0.0,0.0,0.0,0.0,0.0,0.0,0.08,0.0,0.0,0.0,0.0,0.0,4.0,0.0,0.0,0.0,0.0,0.0,0.0,0.08,1
Jacob Harris ,LAR,WR,8.0,2.43,0.71,0.24,0.71,0.24,4.29,1.43,4.29,4.29,1.43,0.0,0.0,0.0,0.0,0.0,0.0,0.0,0.0,0.0,0.0,0.0,0.71,0.24,0.71,0.24,0.0,0.0,0.0,0.48,0.0,0.0,0.0,0.0,0.0,2.43,0.0,0.0,0.0,0.0,0.0,0.0,0.01,0.36,0.12,0.0,0.21,0.26,2.43,0.0,0.0,0.0,0.0,0.0,0.0,0.08,0.71,0.24,0.0,0.41,0.46,2.43,0.0,0.0,0.0,0.0,0.0,0.0,0.13,2
Stanley Morgan Jr. ,CIN,WR,6.0,9.28,0.61,0.05,2.0,0.19,3.42,0.31,1.59,2.33,0.31,0.0,0.0,0.0,0.0,0.25,0.02,0.74,0.07,0.74,0.0,0.0,0.86,0.08,2.24,0.21,0.0,0.0,0.0,0.94,0.42,0.04,0.0,0.09,0.08,9.28,0.0,0.0,0.0,0.0,0.0,0.0,0.06,0.72,0.07,0.0,0.15,0.13,9.28,0.0,0.0,0.0,0.0,0.0,0.0,0.08,1.03,0.09,0.0,0.2,0.17,9.28,0.0,0.0,0.0,0.0,0.0,0.0,0.1,4
Tanner Conner ,MIA,WR,6.5,2.0,0.0,0.0,3.0,1.5,0.0,0.0,0.0,0.0,0.0,0.0,0.0,0.0,0.0,0.0,0.0,0.0,0.0,0.0,0.0,0.0,0.0,0.0,3.0,1.5,0.0,0.0,0.0,0.44,0.0,0.0,0.0,0.0,0.0,2.0,0.0,0.0,0.0,0.0,0.0,0.0,0.07,0.0,0.0,0.0,0.0,0.0,2.0,0.0,0.0,0.0,0.0,0.0,0.0,0.07,0.0,0.0,0.0,0.0,0.0,2.0,0.0,0.0,0.0,0.0,0.0,0.0,0.07,1
Jason Moore Jr. ,FA,WR,22.0,1.45,1.43,1.36,2.41,2.24,18.57,17.04,8.52,10.25,9.12,0.33,0.25,0.0,0.0,0.0,0.0,0.0,0.0,0.0,0.0,0.0,1.43,1.36,2.41,2.24,0.0,0.0,0.0,0.32,1.86,1.7,1.69,0.05,0.02,1.45,0.0,0.0,0.0,0.0,0.0,0.0,0.01,2.57,2.39,2.36,0.07,0.03,1.21,0.25,0.0,0.0,0.0,0.0,0.0,0.01,3.29,3.07,3.04,0.08,0.04,1.21,0.25,0.0,0.0,0.0,0.0,0.0,0.02,4
Justin Hardee ,NYJ,WR,9.0,11.71,0.0,0.0,0.04,0.0,0.0,0.0,0.0,0.0,0.0,0.0,0.0,0.0,0.0,0.0,0.0,0.0,0.0,0.0,0.0,0.0,0.0,0.0,0.04,0.0,0.0,0.0,0.0,1.0,0.0,0.0,0.0,0.0,0.0,11.71,0.0,0.0,0.0,0.0,0.0,0.0,0.0,0.0,0.0,0.0,0.0,0.0,11.71,0.0,0.0,0.0,0.0,0.0,0.0,0.0,0.0,0.0,0.0,0.0,0.0,11.71,0.0,0.0,0.0,0.0,0.0,0.0,0.0,4
Marken Michel ,FA,WR,43.0,1.14,0.0,0.0,0.0,0.0,0.0,0.0,0.0,0.0,0.0,0.0,0.0,0.0,0.0,0.0,0.0,0.0,0.0,0.0,0.0,0.0,0.0,0.0,0.0,0.0,0.0,0.0,0.0,0.3,0.0,0.0,0.0,0.0,0.0,1.14,0.0,0.0,0.0,0.0,0.0,0.0,0.0,0.0,0.0,0.0,0.0,0.0,1.14,0.0,0.0,0.0,0.0,0.0,0.0,0.0,0.0,0.0,0.0,0.0,0.0,1.14,0.0,0.0,0.0,0.0,0.0,0.0,0.0,3
Daylen Baldwin ,CLE,WR,8.0,1.0,2.0,2.0,2.0,2.0,25.0,25.0,12.5,15.0,15.0,0.0,0.0,0.0,0.0,0.0,0.0,0.0,0.0,0.0,0.0,0.0,2.0,2.0,2.0,2.0,0.0,0.0,0.0,0.28,2.5,2.5,2.5,0.0,0.0,1.0,0.0,0.0,0.0,0.0,0.0,0.0,0.0,3.5,3.5,3.5,0.0,0.0,1.0,0.0,0.0,0.0,0.0,0.0,0.0,0.0,4.5,4.5,4.5,0.0,0.0,1.0,0.0,0.0,0.0,0.0,0.0,0.0,0.0,1
Matthew Slater ,NE,WR,6.5,9.5,0.0,0.0,0.0,0.0,0.0,0.0,0.0,0.0,0.0,0.0,0.0,0.0,0.0,0.0,0.0,0.0,0.0,0.0,0.0,0.0,0.0,0.0,0.0,0.0,0.0,0.0,0.0,0.92,0.0,0.0,0.0,0.0,0.0,9.5,0.0,0.0,0.0,0.0,0.0,0.0,0.0,0.0,0.0,0.0,0.0,0.0,9.5,0.0,0.0,0.0,0.0,0.0,0.0,0.0,0.0,0.0,0.0,0.0,0.0,9.5,0.0,0.0,0.0,0.0,0.0,0.0,0.0,4
Josh Ali ,ATL,WR,3.5,1.0,0.0,0.0,1.0,1.0,0.0,0.0,0.0,0.0,0.0,0.0,0.0,0.0,0.0,0.0,0.0,0.0,0.0,0.0,0.0,0.0,0.0,0.0,1.0,1.0,0.0,0.0,0.0,0.28,0.0,0.0,0.0,0.0,0.0,1.0,0.0,0.0,0.0,0.0,0.0,0.0,0.0,0.0,0.0,0.0,0.0,0.0,1.0,0.0,0.0,0.0,0.0,0.0,0.0,0.0,0.0,0.0,0.0,0.0,0.0,1.0,0.0,0.0,0.0,0.0,0.0,0.0,0.0,1
Cody Thompson ,SEA,WR,9.0,1.29,0.0,0.0,0.0,0.0,0.0,0.0,0.0,0.0,0.0,0.0,0.0,0.0,0.0,0.0,0.0,0.0,0.0,0.0,0.0,0.0,0.0,0.0,0.0,0.0,0.0,0.0,0.0,0.33,0.0,0.0,0.0,0.0,0.0,1.29,0.0,0.0,0.0,0.0,0.0,0.0,0.0,0.0,0.0,0.0,0.0,0.0,1.29,0.0,0.0,0.0,0.0,0.0,0.0,0.0,0.0,0.0,0.0,0.0,0.0,1.29,0.0,0.0,0.0,0.0,0.0,0.0,0.0,2
Chris Pierce Jr. ,ARI,WR,9.0,1.0,0.0,0.0,0.0,0.0,0.0,0.0,0.0,0.0,0.0,0.0,0.0,0.0,0.0,0.0,0.0,0.0,0.0,0.0,0.0,0.0,0.0,0.0,0.0,0.0,0.0,0.0,0.0,0.28,0.0,0.0,0.0,0.0,0.0,1.0,0.0,0.0,0.0,0.0,0.0,0.0,0.0,0.0,0.0,0.0,0.0,0.0,1.0,0.0,0.0,0.0,0.0,0.0,0.0,0.0,0.0,0.0,0.0,0.0,0.0,1.0,0.0,0.0,0.0,0.0,0.0,0.0,0.0,1
Dan Chisena ,PIT,WR,8.0,3.23,0.0,0.0,0.0,0.0,0.0,0.0,0.0,0.0,0.0,0.0,0.0,0.0,0.0,0.0,0.0,0.0,0.0,0.0,0.0,0.0,0.0,0.0,0.0,0.0,0.0,0.0,0.0,0.5,0.0,0.0,0.0,0.0,0.0,3.23,0.0,0.0,0.0,0.0,0.0,0.0,0.0,0.0,0.0,0.0,0.0,0.0,3.23,0.0,0.0,0.0,0.0,0.0,0.0,0.0,0.0,0.0,0.0,0.0,0.0,3.23,0.0,0.0,0.0,0.0,0.0,0.0,0.0,3
Binjimen Victor ,FA,WR,43.0,1.0,0.0,0.0,0.0,0.0,0.0,0.0,0.0,0.0,0.0,0.0,0.0,0.0,0.0,0.0,0.0,0.0,0.0,0.0,0.0,0.0,0.0,0.0,0.0,0.0,0.0,0.0,0.0,0.28,0.0,0.0,0.0,0.0,0.0,1.0,0.0,0.0,0.0,0.0,0.0,0.0,0.0,0.0,0.0,0.0,0.0,0.0,1.0,0.0,0.0,0.0,0.0,0.0,0.0,0.0,0.0,0.0,0.0,0.0,0.0,1.0,0.0,0.0,0.0,0.0,0.0,0.0,0.0,1
Erik Ezukanma ,MIA,WR,9.0,1.0,1.0,1.0,1.0,1.0,3.0,3.0,3.0,3.0,3.0,0.0,0.0,0.0,0.0,0.0,0.0,0.0,0.0,0.0,0.0,0.0,1.0,1.0,1.0,1.0,0.0,0.0,0.0,0.28,0.3,0.3,0.3,0.0,0.0,1.0,0.0,0.0,0.0,0.0,0.0,0.0,0.0,0.8,0.8,0.8,0.0,0.0,1.0,0.0,0.0,0.0,0.0,0.0,0.0,0.0,1.3,1.3,1.3,0.0,0.0,1.0,0.0,0.0,0.0,0.0,0.0,0.0,0.0,1
Emeka Emezie ,FA,WR,43.0,1.0,0.0,0.0,0.0,0.0,0.0,0.0,0.0,0.0,0.0,0.0,0.0,0.0,0.0,0.0,0.0,0.0,0.0,0.0,0.0,0.0,0.0,0.0,0.0,0.0,0.0,0.0,0.0,0.28,0.0,0.0,0.0,0.0,0.0,1.0,0.0,0.0,0.0,0.0,0.0,0.0,0.0,0.0,0.0,0.0,0.0,0.0,1.0,0.0,0.0,0.0,0.0,0.0,0.0,0.0,0.0,0.0,0.0,0.0,0.0,1.0,0.0,0.0,0.0,0.0,0.0,0.0,0.0,1
Kirk Merritt ,NO,WR,7.0,1.0,0.26,0.26,0.77,0.77,3.33,3.33,3.33,3.33,3.33,0.0,0.0,0.0,0.0,0.0,0.0,0.0,0.0,0.0,0.0,0.0,0.26,0.26,0.77,0.77,0.0,0.0,0.0,0.28,0.33,0.33,0.33,0.0,0.0,1.0,0.0,0.0,0.0,0.0,0.0,0.0,0.0,0.46,0.46,0.46,0.0,0.0,1.0,0.0,0.0,0.0,0.0,0.0,0.0,0.0,0.59,0.59,0.59,0.0,0.0,1.0,0.0,0.0,0.0,0.0,0.0,0.0,0.0,3
Quinton Bell ,ATL,WR,5.0,2.69,0.0,0.0,0.0,0.0,0.0,0.0,0.0,0.0,0.0,0.0,0.0,0.0,0.0,0.0,0.0,0.0,0.0,0.0,0.0,0.0,0.0,0.0,0.0,0.0,0.0,0.0,0.0,0.5,0.0,0.0,0.0,0.0,0.0,2.69,0.0,0.0,0.0,0.0,0.0,0.0,0.0,0.0,0.0,0.0,0.0,0.0,2.69,0.0,0.0,0.0,0.0,0.0,0.0,0.0,0.0,0.0,0.0,0.0,0.0,2.69,0.0,0.0,0.0,0.0,0.0,0.0,0.0,3
Raleigh Webb ,NE,WR,6.5,3.0,0.0,0.0,0.0,0.0,0.0,0.0,0.0,0.0,0.0,0.0,0.0,0.0,0.0,0.0,0.0,0.0,0.0,0.0,0.0,0.0,0.0,0.0,0.0,0.0,0.0,0.0,0.0,0.56,0.0,0.0,0.0,0.0,0.0,3.0,0.0,0.0,0.0,0.0,0.0,0.0,0.0,0.0,0.0,0.0,0.0,0.0,3.0,0.0,0.0,0.0,0.0,0.0,0.0,0.0,0.0,0.0,0.0,0.0,0.0,3.0,0.0,0.0,0.0,0.0,0.0,0.0,0.0,1
Britain Covey ,PHI,WR,6.0,17.0,0.0,0.0,0.0,0.0,0.0,0.0,0.0,0.0,0.0,0.0,0.0,0.0,0.0,0.0,0.0,0.0,0.0,0.0,0.0,0.0,0.0,0.0,0.0,0.0,0.0,0.0,0.0,1.0,0.0,0.0,0.0,0.0,0.0,17.0,0.0,0.0,0.0,0.0,0.0,0.0,0.0,0.0,0.0,0.0,0.0,0.0,17.0,0.0,0.0,0.0,0.0,0.0,0.0,0.0,0.0,0.0,0.0,0.0,0.0,17.0,0.0,0.0,0.0,0.0,0.0,0.0,0.0,1
Marquez Stevenson ,CLE,WR,12.0,5.0,0.0,0.0,0.0,0.0,0.0,0.0,0.0,0.0,0.0,0.0,0.0,0.0,0.0,0.0,0.0,0.0,0.0,0.0,0.0,0.0,0.0,0.0,0.0,0.0,0.0,0.0,0.0,0.72,0.0,0.0,0.0,0.0,0.0,5.0,0.0,0.0,0.0,0.0,0.0,0.0,0.0,0.0,0.0,0.0,0.0,0.0,5.0,0.0,0.0,0.0,0.0,0.0,0.0,0.0,0.0,0.0,0.0,0.0,0.0,5.0,0.0,0.0,0.0,0.0,0.0,0.0,0.0,2
Kawaan Baker ,NO,WR,8.0,1.0,0.0,0.0,0.0,0.0,0.0,0.0,0.0,0.0,0.0,0.0,0.0,0.0,0.0,0.0,0.0,0.0,0.0,0.0,0.0,0.0,0.0,0.0,0.0,0.0,0.0,0.0,0.0,0.28,0.0,0.0,0.0,0.0,0.0,1.0,0.0,0.0,0.0,0.0,0.0,0.0,0.0,0.0,0.0,0.0,0.0,0.0,1.0,0.0,0.0,0.0,0.0,0.0,0.0,0.0,0.0,0.0,0.0,0.0,0.0,1.0,0.0,0.0,0.0,0.0,0.0,0.0,0.0,2
Seth Williams ,JAC,WR,5.0,1.0,1.0,1.0,1.0,1.0,34.0,34.0,34.0,34.0,34.0,2.0,2.0,0.0,0.0,0.0,0.0,0.0,0.0,0.0,0.0,0.0,1.0,1.0,1.0,1.0,0.0,0.0,0.0,0.28,3.4,3.4,3.4,0.0,0.0,1.0,0.0,0.0,0.0,0.0,0.0,0.0,0.0,3.9,3.9,3.9,0.0,0.0,1.0,0.0,0.0,0.0,0.0,0.0,0.0,0.0,4.4,4.4,4.4,0.0,0.0,1.0,0.0,0.0,0.0,0.0,0.0,0.0,0.0,2
Jalen Camp ,HOU,WR,6.0,1.0,0.71,0.71,0.71,0.71,5.0,5.0,5.0,5.0,5.0,0.0,0.0,0.0,0.0,0.0,0.0,0.0,0.0,0.0,0.0,0.0,0.71,0.71,0.71,0.71,0.0,0.0,0.0,0.28,0.5,0.5,0.5,0.0,0.0,1.0,0.0,0.0,0.0,0.0,0.0,0.0,0.0,0.86,0.86,0.86,0.0,0.0,1.0,0.0,0.0,0.0,0.0,0.0,0.0,0.0,1.21,1.21,1.21,0.0,0.0,1.0,0.0,0.0,0.0,0.0,0.0,0.0,0.0,2
Stanley Berryhill III ,DET,WR,9.0,1.0,0.0,0.0,0.0,0.0,0.0,0.0,0.0,0.0,0.0,0.0,0.0,0.0,0.0,0.0,0.0,0.0,0.0,0.0,0.0,0.0,0.0,0.0,0.0,0.0,0.0,0.0,0.0,0.28,0.0,0.0,0.0,0.0,0.0,1.0,0.0,0.0,0.0,0.0,0.0,0.0,0.0,0.0,0.0,0.0,0.0,0.0,1.0,0.0,0.0,0.0,0.0,0.0,0.0,0.0,0.0,0.0,0.0,0.0,0.0,1.0,0.0,0.0,0.0,0.0,0.0,0.0,0.0,1
Justyn Ross ,KC,WR,5.0,2.0,0.0,0.0,0.0,0.0,0.0,0.0,0.0,0.0,0.0,0.0,0.0,0.0,0.0,0.0,0.0,0.0,0.0,0.0,0.0,0.0,0.0,0.0,0.0,0.0,0.0,0.0,0.0,0.44,0.0,0.0,0.0,0.0,0.0,2.0,0.0,0.0,0.0,0.0,0.0,0.0,0.0,0.0,0.0,0.0,0.0,0.0,2.0,0.0,0.0,0.0,0.0,0.0,0.0,0.0,0.0,0.0,0.0,0.0,0.0,2.0,0.0,0.0,0.0,0.0,0.0,0.0,0.0,1
Tanner Gentry ,FA,WR,35.0,1.0,0.0,0.0,1.0,1.0,0.0,0.0,0.0,0.0,0.0,0.0,0.0,0.0,0.0,0.0,0.0,0.0,0.0,0.0,0.0,0.0,0.0,0.0,1.0,1.0,0.0,0.0,0.0,0.28,0.0,0.0,0.0,0.0,0.0,1.0,0.0,0.0,0.0,0.0,0.0,0.0,0.0,0.0,0.0,0.0,0.0,0.0,1.0,0.0,0.0,0.0,0.0,0.0,0.0,0.0,0.0,0.0,0.0,0.0,0.0,1.0,0.0,0.0,0.0,0.0,0.0,0.0,0.0,1
Tay Martin ,SF,WR,8.0,1.0,0.0,0.0,0.0,0.0,0.0,0.0,0.0,0.0,0.0,0.0,0.0,0.0,0.0,0.0,0.0,0.0,0.0,0.0,0.0,0.0,0.0,0.0,0.0,0.0,0.0,0.0,0.0,0.28,0.0,0.0,0.0,0.0,0.0,1.0,0.0,0.0,0.0,0.0,0.0,0.0,0.0,0.0,0.0,0.0,0.0,0.0,1.0,0.0,0.0,0.0,0.0,0.0,0.0,0.0,0.0,0.0,0.0,0.0,0.0,1.0,0.0,0.0,0.0,0.0,0.0,0.0,0.0,1
C.J. Saunders ,CAR,WR,7.0,1.0,2.0,2.0,2.0,2.0,11.0,11.0,5.5,8.0,8.0,0.0,0.0,0.0,0.0,0.0,0.0,0.0,0.0,0.0,0.0,0.0,2.0,2.0,2.0,2.0,0.0,0.0,0.0,0.28,1.1,1.1,1.1,0.0,0.0,1.0,0.0,0.0,0.0,0.0,0.0,0.0,0.0,2.1,2.1,2.1,0.0,0.0,1.0,0.0,0.0,0.0,0.0,0.0,0.0,0.0,3.1,3.1,3.1,0.0,0.0,1.0,0.0,0.0,0.0,0.0,0.0,0.0,0.0,2
KaVontae Turpin ,DAL,WR,7.0,17.0,1.0,0.06,2.0,0.12,9.0,0.53,9.0,9.0,0.53,0.0,0.0,0.0,0.0,3.0,0.18,17.0,1.0,5.67,0.0,0.0,4.0,0.24,5.0,0.29,2.0,0.12,0.5,1.0,-1.4,-0.08,0.0,0.79,-0.14,17.0,0.0,0.0,0.0,0.0,0.0,0.0,-0.03,-0.9,-0.05,0.0,0.84,-0.09,17.0,0.0,0.0,0.0,0.0,0.0,0.0,-0.01,-0.4,-0.02,0.0,0.9,-0.04,17.0,0.0,0.0,0.0,0.0,0.0,0.0,0.01,1
Nsimba Webster ,CHI,WR,6.0,3.87,1.23,1.23,1.85,1.85,8.62,8.62,4.31,4.93,4.93,0.0,0.0,0.0,0.0,0.0,0.0,0.0,0.0,0.0,0.0,0.0,1.23,1.23,1.85,1.85,0.1,0.01,inf,0.49,0.67,0.85,0.86,0.05,-0.02,3.87,0.0,0.0,0.0,0.0,0.0,0.0,-0.01,1.28,1.47,1.48,0.05,-0.02,3.87,0.0,0.0,0.0,0.0,0.0,0.0,-0.01,1.9,2.08,2.09,0.05,-0.02,3.87,0.0,0.0,0.0,0.0,0.0,0.0,-0.01,4
Alex Bachman ,HOU,WR,7.0,1.26,0.0,0.0,0.0,0.0,0.0,0.0,0.0,0.0,0.0,0.0,0.0,0.0,0.0,0.26,0.13,-0.77,-0.38,-0.77,0.0,0.0,0.26,0.13,0.26,0.13,0.0,0.0,0.0,0.32,-0.08,-0.04,-0.04,0.05,-0.09,1.26,0.0,0.0,0.0,0.0,0.0,0.0,-0.02,-0.08,-0.04,-0.04,0.05,-0.09,1.26,0.0,0.0,0.0,0.0,0.0,0.0,-0.02,-0.08,-0.04,-0.04,0.05,-0.09,1.26,0.0,0.0,0.0,0.0,0.0,0.0,-0.02,3
